title,date,url,author,teaser,article_text
Ein mutiger kubanischer Priester macht seinen Landsleuten für 2026 Hoffnung,2026-01-10,https://www.tichyseinblick.de/kolumnen/vorwort-zum-sonntag/kuba-alberto-reyes/,Achijah Zorn,In der desaströsen wirtschaftlichen Lage Kubas erhebt der Priester Alberto Reyes aus der Erzdiözese Camagüey (zwischen Havanna und Santiago de Cuba) mutig die Stimme gegen das sozialistische Regime. Vielen Kubanern gilt dieser tapfere Regimegegner als „Stolz der Katholiken“.,"Der kubanische Staatspräsident Miguel Díaz-Canel gibt öffentlich zu, dass die gegenwärtige Staatskrise Kubas eine außergewöhnliche sei durch die „Anhäufung von Verzerrungen, Widrigkeiten, Schwierigkeiten und eigenen Fehlern“.

Das BIP ist 2025 um mindestens 1,5 Prozent geschrumpft.

Der Hauptdevisenbringer Tourismus stagniert auf niedrigem Niveau; während 2019 noch fast 5 Millionen Touristen ins Land kamen, waren es 2025 knapp 2 Millionen Besucher.

Die landwirtschaftliche Produktion sinkt auf breiter Front. Der Zuckerertrag etwa sank 2025 trotz passabler Wetterbedingungen auf nur noch 1,9 Prozent der vorrevolutionären Ernte von 1958

(

Tichys Einblick

berichtete: Sozialismus ist, wenn Kuba der Zucker ausgeht)

Die Stromerzeugung beträgt zeitweise 35 Prozent der benötigen Menge. Längerer Stromausfall gehört in allen Teilen Kubas zum Alltag mit schwerwiegenden Folgen für die Wirtschaft und für die Kühlhaltung von Lebensmitteln. 2025 gab es vier landesweite längere „Blackouts“. Die Planwirtschaft setzt neuerdings auf Sonnenenergie, um von teuren Brennstoffimporten unabhängiger zu werden.

Unter anderem durch Vernachlässigung der Müllentsorgung und den Hurrikan Melissa haben Mücken ideale Brutstätten gefunden. Es kam zu einem epidemischen Anstieg von Infektionskrankheiten (Dengue-, Chikungunya- und Oropouche-Fieber) mit mindestens 55 Todesfällen unter Kindern. Hilfreiche Medikamente gibt es gegen harte Devisen auf dem Schwarzmarkt.

Landesweit kann keine stabile und druckvolle Wasserversorgung gewährleistet werden. Man versucht die Tourismusbranche und die Wirtschaft zu „priorisieren“, was nicht nur in den Krankenhäusern auf Kritik stößt.

Die Kindersterblichkeit ist 2024 auf 9,7 pro 1000 Lebendgeburten gestiegen und liegt damit über der in den USA. Das ist für Kuba schmerzhaft, da bis dato die niedrige kubanische Kindersterblichkeit ein Aushängeschild und Hauptpropagandamittel der Regierung für die Vorteile des Sozialismus gegenüber dem Kapitalismus war.

Kuba hat in den letzten 5 Jahren über 5 Prozent seiner Bevölkerung durch Auswanderung verloren; da vor allem die Jungen gehen, sind mittlerweile 25,7 Prozent über 60 Jahre. Kuba ist damit ähnlich überaltert wie Deutschland. Die finanziellen Unterstützungen der Exilkubaner für ihre Verwandten in der alten Heimat sind zu einer überlebensnotwendigen Einnahmequelle des Landes geworden. Kuba hängt am Tropf der Exilkubaner.

Die Sendung von Gesundheitspersonal und Soldaten unter anderem nach Venezuela ist ein Devisenbringer. Kuba veröffentlichte diese Woche die Identitäten der 32 kubanischen Soldaten, die bei der US-Militäraktion in Venezuela zur Gefangennahme des dortigen Präsidenten Nicolás Maduro getötet worden seien. Die Kubaner waren Teil von Maduros Leibgarde, die hälftig aus Venezolanern und Kubanern bestand. „Getreu ihrer Verantwortung für Sicherheit und Verteidigung erfüllten unsere Landsleute würdig und heroisch ihre Missionen im Namen der Revolutionären Streitkräfte und fielen nach hartnäckigem Widerstand im direkten Kampf gegen die Angreifer oder infolge der Bombardierung der Einrichtungen“, erklärt die kubanische Regierung im Sozialismus-Sprech. Damit räumt Havanna entgegen früherer Dementis ein, dass zumindest eine kleine militärische Präsenz im befreundeten Venezuela vorhanden ist.

Kuba erhielt im vierten Quartal 2025 70 Prozent seines Mineralöls, das nicht nur für das Transportwesen, sondern auch für die kubanische Stromerzeugung unbedingt notwendig ist, von seinem engsten Verbündeten Venezuela. Mexiko hat auf Druck der USA seine Ölexporte nach Kuba bereits eingeschränkt. Die veränderte Lage in Venezuela könnte die Situation in Kuba 2026 weiter verschlechtern.

Der US-Außenminister Marco Rubio ist in Bezug auf Kuba ein Hardliner: „Wenn ich in Havanna leben und der Regierung angehören würde, wäre ich zumindest ein wenig beunruhigt“, erhöht Rubio den Druck auf Kuba.

Klare Worte gegen die sozialistische Regierung kommt aus Kuba heraus von dem Priester Alberto Reyes. Zum Jahreswechsel spricht er in den sozialen Medien erstaunlich offen:

„Weihnachten 2025 könnte das schlimmste Weihnachten in unserer Geschichte gewesen sein. Nie waren wir als Volk so versunken, so gefesselt und so unterdrückt wie jetzt. Kuba stand 2025 im Zeichen des Todes. Es ist schwer, das Volk leiden zu sehen, während alles zusammenbricht. Die Regierungspolitik ist gescheitert. Der Kommunismus ernährt sich von der Verachtung gegenüber dem, der vorankommt.“

Das klingt anders als bei vielen deutschen Kuba-Touristen, die im Che-Guevara-T-Shirt schwärmen, wie fröhlich und zufrieden die Einheimischen dort trotz Mangelwirtschaft seien, und dass Kuba so ein tolles Bildungs- und Gesundheitswesen habe.

Als die Bewohner seiner Stadt in der Nacht mit ihren Kochtöpfen Lärm machten, weil es mal wieder keinen Strom gab, läutete Alberto Reyes zur Unterstützung mit eigenen Händen die Glocken. Auf Druck der Regierung und seines Bischofs ließ er aber bei weiteren Stromausfällen davon ab.

Reyes fordert die Freiheit, auch öffentlich über einen Systemwechsel diskutieren zu dürfen:

„Wir brauchen die Möglichkeit, an den Urnen das politische System zu wählen, das man bevorzugt. Die sozialistische Regierung hat zwischen leeren Versprechungen, wiederholten Lügen und brutaler Repression jeden Veränderungsversuch erstickt, während das Land für alle, außer für sie, immer unproduktiver und unbewohnbarer wurde. Aber wenn das Ende einer Diktatur kommt, ist es notwendig, diejenigen zu richten, die der Gesellschaft Schaden zugefügt haben.“

Die südamerikanische „Theologie der Befreiung“ richtet sich in Kuba gegen ein sozialistisches Regime.

In Anlehnung an Martin Luther King träumt Alberto Reyes von einem besseren Kuba:

„Ich träume von einer Insel, von der niemand mehr auswandern möchte. Ich träume von einem Land, frei von politischen Gefangenen. Ich träume von Gerichten, wo die Repression durch das Recht ersetzt wird. Ich träume von einem Land, wo Elend und Wohlstand durch Freude und Fortschritt verdrängt werden. Ich träume von einem Wandel.“

Durch solche mutigen Priester wie Reyes steht die katholische Kirche in Kuba mit anderen Oppositionellen im Zentrum der Auseinandersetzung mit der Macht. Woher nimmt Reyes den Mut für seine Tapferkeit? Ist es sein Alter von 69 Jahren, durch das er nicht mehr viel zu verlieren hat? Ist es sein zölibatärer Status, wodurch er keine Repressalien gegenüber seiner Familie zu befürchten braucht? Ist es sein christlicher Glaube, der ihm die Gewissheit schenkt, dass er nicht diejenigen zu fürchten braucht, die nur seinen Körper, aber nicht seine Identität bei Gott zerstören können? Ist es die Kraft der weltweiten katholischen Kirchengemeinschaft, die ihm den Rücken stärkt?

Es wird spannend sein, wie lange Reyes noch in Kuba als Priester wirken darf. Und es wird spannend sein, ob das marode Regime von Kuba sich noch ein weiteres Jahr mit mancherlei Improvisation, Parolen und Repression über Wasser halten kann. Vielleicht werden die mit Kuba befreundeten Länder Algerien, Russland, China oder der Iran einspringen, um Kuba über den Verlust des Partners Venezuela hinwegzuretten und um das sozialistische Kuba als Stachel im Vorgarten der USA am Leben zu erhalten.

Durch die vielen Auswanderungen bleibt der innenpolitische Druck von Regimegegnern auf die kubanische Regierung wahrscheinlich überschaubar und unterdrückbar. Aber viele (Exil-) Kubaner setzen auf die USA, dass sich ihr Traum auf ein neues freieres Kuba vielleicht schon 2026 erfüllen möge."
Wie Angriffe auf ukrainische Gasspeicher Europas Versorgung treffen,2026-01-10,https://www.tichyseinblick.de/daili-es-sentials/erdgas-kriegsziel-angriffe-ukraine-russland/,Holger Douglas,"Moskau demonstriert, dass es in der Lage ist, Europas kritische Infrastruktur gezielt zu treffen. Sechs Einschläge genügen. Russlands neue Hyperschall-Rakete legt ukrainische Gasanlagen lahm und entlarvt damit, wie verwundbar Europas Energieversorgung geworden ist.","Sie waren kaum zu sehen. Sechs sehr schnelle Flugkörper treffen auf Industrieanlagen. Videoaufnahmen zeigen sechs präzise Einschläge kurz hintereinander, wie sie für die Mehrfach-Gefechtsköpfe (MIRV) der Oreschnik-Rakete charakteristisch sind, die sich kurz vor dem Ziel aufteilen.

Die Einschläge in der Westukraine ereigneten sich in den frühen Morgenstunden des 9. Januar 2026. Bewohner der Region beschrieben das Erleben als eine Abfolge von „vielen Erdbeben hintereinander“. Sowohl ukrainische Militärblogs als auch das russische Verteidigungsministerium bestätigten den Einsatz der neuen Mittelstreckenrakete „Oreschnik“ (Haselstrauch). Es war erst der zweite bekannte Einsatz dieses Typs nach dem Test im November 2024. Die Rakete wurde offensichtlich vom russischen Testgelände Kapustin Jar (Region Astrachan) abgefeuert.

Die Einschläge verursachten massive Erschütterungen. Da die Rakete mit Hyperschallgeschwindigkeit (ca. Mach 10) einschlägt, ist die kinetische Energie auch ohne atomare Sprengköpfe verheerend für Betonstrukturen und unterirdische Leitungsführungen an der Oberfläche.

Die Raketen trafen gezielt Pump- und Verdichterstationen der unterirdischen Erdgasspeicheranlagen Biltsche-Wolyzko-Uherske. Die sind notwendig, um das Gas aus den tiefen Gesteinsschichten in 2.000 Meter unter der Erdoberfläche in das Fernleitungsnetz zu drücken.

Nach diesem kombinierten Angriff zusammen mit 240 Drohnen und weiteren 36 Raketen auf andere Landesteile wie Kiew und Krementschuk kam es zu massiven Stromausfällen, die allein im Gebiet Kiew über 370.000 Menschen betrafen.

Der Kreml deklarierte den Angriff als Vergeltung für einen angeblichen Drohnenangriff auf die Residenz von Wladimir Putin in Waldai kurz vor dem Jahreswechsel. Die USA erklärten, der angebliche Angriff habe nicht stattgefunden; ebenso dementierte die Ukraine diesen Angriff auf die Residenz, doch Moskau nutzt das Ereignis als Rechtfertigung für den massiven Schlag gegen die Energieversorgung.

Das waren zugleich Volltreffer auch gegen europäische Infrastruktur.

Stryi, rund 60 bis 70 Kilometer südlich von Lwiw und nur etwa 70 Kilometer von der polnischen Grenze entfernt, ist kein Frontgebiet und war dennoch bewusst zentrales Ziel der russischen Angriffe. Die Region gilt als Herzstück der ukrainischen Gasinfrastruktur. Hier befinden sich die größten unterirdischen Erdgasspeicher Europas, darunter der Komplex Bilche-Volytsko-Uherske, der allein ein Fassungsvermögen von rund 17 Milliarden Kubikmetern besitzt. Zusammen verfügt die Ukraine über ein Speichersystem mit etwa 31 Milliarden Kubikmetern aktiver Kapazität – mehr als jedes andere europäische Land.

Diese Speicher sind seit Jahren nicht nur für die Ukraine selbst relevant. Europäische Energiehändler nutzten sie zunehmend als eine Art ausgelagerte Reserve. Gas konnte dort vergleichsweise günstig eingelagert werden, um es im Winter wieder in die EU zurückzuführen. Schätzungen zufolge befanden sich zuletzt zwischen ein und drei Milliarden Kubikmeter europäischen Gases in ukrainischen Speichern – keine dominante Menge, aber ein wichtiger Puffer für Marktstabilität und Preisbildung.

Neue russische Ziele in der Ukraine: Gas statt Strom

Anfang 2026 hat Russland seine Angriffstaktik spürbar verändert. Während in den vergangenen Wintern vor allem Umspannwerke und Kraftwerke im Fokus standen, richtet sich der Beschuss nun verstärkt gegen die Gasinfrastruktur. Dabei geht es weniger um die Zerstörung der eigentlichen Speicher, die hunderte Meter tief im Untergrund liegen und nur schwer direkt anzugreifen sind. Ziel sind vielmehr die verwundbaren Oberflächenanlagen: Verdichterstationen, Einspeise- und Ausspeisepunkte, Mess- und Verteilsysteme.

Die Botschaft ist eindeutig: Russland demonstriert, dass es in der Lage ist, kritische Energieinfrastruktur gezielt zu treffen – auch ohne flächendeckende Zerstörung.

Blockiertes Gas, nervöse Märkte

Die unmittelbare Folge dieser Angriffe ist weniger ein physischer Gasmangel als ein Ausfall der Fördereinrichtungen. Die beschädigten Oberflächenanlagen erschweren oder verhindern die Ausspeisung des Gases in das nationale Netz und damit auch den Weitertransport Richtung EU. Für diesen Winter bedeutet das: Gas, das als zusätzliche Reserve eingeplant war, steht nur eingeschränkt oder gar nicht zur Verfügung.

Die entfallene Flexibilität erhöht den Druck auf die Speicher innerhalb der EU, kritisch insbesondere in einer Phase, in der die Füllstände bereits unter die psychologisch wichtige Marke von 50 Prozent gefallen sind. Denn der Füllstand der deutschen Gasspeicher rutschte Ende der Woche auf weniger als die Hälfte der verfügbaren Gasmenge.

Am 10. Januar 2026 lagen die deutschen Gasspeicher nur noch bei 49,23 Prozent

Füllstand.

Hinzu kommt ein dramatischer struktureller Effekt: In Baden-Württemberg kamen die grünen Energiemanager in Politik und Energiewirtschaft auf die Idee, alle Kohlekraftwerke abzuschalten und durch Gaskraftwerke zu ersetzen. Das ist fast abgeschlossen. Das große Heizkraftwerk Stuttgart-Münster etwa ist heute ein gas-befeuertes Kraftwerk. Im März sollen die Kohlekessel abgeschaltet werden, das letzte Kohleschiff hatte Ende des vergangenen Jahres angelegt. Mehr über diesen Streich demnächst hier bei TE.

In jedem Fall steigt dadurch der Gasverbrauch erheblich. Gleichzeitig fehlen externe Puffer wie die ukrainischen Speicher zumindest teilweise. In einem normalen Winter ist das beherrschbar. Bei anhaltender Kälte jedoch schrumpfen die Reserven schneller, als es die bloße Prozentzahl vermuten lässt. Genau deshalb reagieren jetzt Energiemanager und Netzbetreiber bereits bei Füllständen knapp unter 50 Prozent nervös. Bricht Deutschlands Gasversorgung zusammen, spürt es ganz Mitteleuropa.

Denn Deutschland ist heute nicht mehr nur Eigenversorger, sondern Drehscheibe für ganz Zentraleuropa. Im Rahmen europäischer „Solidaritätsmechanismen“ ist Deutschland verpflichtet, sogenannte geschützte Kunden in Nachbarstaaten mitzuversorgen. Dazu zählen insbesondere Haushalte in Österreich. Gas fließt dabei physisch über süddeutsche Netzknotenpunkte – etwa über Oberkappel – nach Osten. Jede Kilowattstunde, die diesen Weg nimmt, fehlt als Reserve für deutsche Kraftwerke und Fernwärmesysteme.

Der russische Angriff auf die ukrainische Gasinfrastruktur trifft einen sensiblen Punkt des europäischen Energiesystems. Putin braucht nicht viel mehr zu tun – rot-grün-schwarze Ideologie hat eine robuste und vielfältige Energieinfrastruktur zerstört; einige wenige Stiche reichen aus, um schwere Schäden beizufügen."
Österreichs Babys können in Eltern-Kind-Pass sechs Geschlechter haben,2026-01-10,https://www.tichyseinblick.de/daili-es-sentials/oesterreich-eltern-kind-pass-geschlecht/,Richard Schmitt,"Im neuen österreichischen Eltern-Kind-Pass sind sechs Geschlechtskategorien vorgesehen, die künftig in diesem Vorsorgepass für Neugeborene erfasst werden sollen. Grundlage dafür ist ein Erlass aus dem Jahr 2020, der nun im Zuge der Digitalisierung des Eltern-Kind-Passes praktische Relevanz erhält – das sorgt für Kritik.","Der Eltern-Kind-Pass, früher als Mutter-Kind-Pass bekannt, begleitet Familien von der Schwangerschaft bis zum fünften Lebensjahr des Kindes. Er dokumentiert medizinisch empfohlene Untersuchungen und gilt seit Jahrzehnten als wichtiges Element der Vorsorgemedizin. Ab 2026 soll der Pass überwiegend digital geführt werden. Mit dieser Umstellung werden auch neue formale Kategorien verbindlich – darunter sechs mögliche Angaben zum Geschlecht eines Neugeborenen, von „männlich“ und „weiblich“ bis hin zu „divers“, „inter“, „offen“ oder „keine Angabe“.

Im Parlament hat diese Reform bereits zu heftigen Auseinandersetzungen geführt: Befürworter argumentieren, dass intersexuelle und nicht-binäre Menschen auch in staatlichen Dokumenten sichtbar sein müssten und dass der Eltern-Kind-Pass diese gesellschaftliche Realität abbilden solle. Kritiker hingegen sehen darin eine ideologisch motivierte Überfrachtung eines ursprünglich medizinischen Instruments. Speziell im sensiblen Bereich der Geburtshilfe stoße diese Vorgabe an klare Grenzen, so der Tenor vieler Einwände.

Eine aktuelle Umfrage des Meinungsforschungsinstituts OGM verdeutlicht die Skepsis in der Bevölkerung. Demnach halten 82 Prozent der Österreicher sechs Geschlechtsoptionen für Neugeborene für „absurd“. Die Ergebnisse decken sich auffällig mit der Kritik aus Teilen der Ärzteschaft, die die neuen Vorgaben als realitätsfern und medizinisch problematisch bezeichnen.

Deutliche Kritik von bekanntem Frauenarzt

Besonders deutlich äußerte sich der Grazer Frauenarzt Armin Breinl in einem Interview auf

ServusTV

: Er kritisierte sowohl die Umbenennung des Mutter-Kind-Passes als auch die neuen Geschlechtskategorien. Begriffe wie „offen“, „inter“ oder „divers“ bei Neugeborenen hätten aus medizinischer Sicht keine Grundlage. Breinl schilderte, dass Hebammen und Ärzte unmittelbar nach der Geburt verpflichtet seien, eine entsprechende Auswahl zu treffen – obwohl medizinisch zu diesem Zeitpunkt ausschließlich ein eindeutig männliches oder weibliches Geschlecht festgestellt werden könne.

Ich bin damit einverstanden, dass mir Inhalte von Twitter angezeigt werden.

In dem Interview zeigte Breinl die entsprechende Seite des Passes, die direkt nach der Geburt auszufüllen ist. Dort werde das Geschlecht abgefragt, wobei künftig auch Optionen wie „keine Angabe“ vorgesehen seien. Aus seiner Sicht widerspreche das der medizinischen Praxis. Selbst in seltenen Fällen wie dem adrenogenitalen Syndrom, einer genetisch bedingten Hormonstörung, sei eine eindeutige Diagnose erst später möglich. Die neuen Kategorien seien daher auch in solchen Fällen nicht hilfreich.

Nach eigenen Angaben habe Breinl in mehr als 40 Jahren ärztlicher Tätigkeit keinen einzigen Fall erlebt, in dem diese zusätzlichen Kategorien medizinisch sinnvoll gewesen wären. Zusätzlich warnt er vor einer massiven Zunahme bürokratischer Belastungen. Mit dem verpflichtenden elektronischen Eltern-Kind-Pass ab 2026 seien zwischen 100 und 150 zusätzliche Fragen, neue Dokumentationspflichten und technische Anforderungen zu erwarten. Junge Kolleginnen und Kollegen hätten ihm bereits angekündigt, den Beruf angesichts dieser Entwicklung aufzugeben.

Für Armin Breinl steht fest: Der neue Eltern-Kind-Pass drohe sich zu einem „Gender-Pass“ und zugleich zu einem Bürokratie-Monster zu entwickeln. Die Reform geht noch auf Initiativen des damaligen grünen Gesundheitsministers Johannes Rauch zurück, der die Neuausrichtung des Passes als Schritt in Richtung Inklusion verstand."
Völkerrecht als Schutzschild für Despoten?,2026-01-10,https://www.tichyseinblick.de/meinungen/voelkerrecht-schutzschild-despoten/,Thomas Punzmann,"Kaum wird ein Diktator festgesetzt, schreien die vereinigten Kollektivisten „Völkerrechtsbruch“. Wenn Recht nur noch Despoten und Kriminelle schützt, ist es bereits zu einer moralischen Farce verkommen und ist nur mehr eine Waffe im Kampf gegen die Freiheit.","Völkerrecht ist ein Begriff, der sich in den letzten Jahren – meist bei Personen, die in ihrem Reden und Handeln deutliche Vorliebe für kollektivistische Ideologien zeigen – einer zunehmenden Beliebtheit erfreut. Die übertriebene Benutzung, meist mit der Absicht, jede Kritik an der eigenen Position von vornherein zu unterbinden, weckt Argwohn. Es ist die Unaufrichtigkeit des allzu geraden Blicks.

in Verruf geraten ist das Völkerrecht in den letzten Jahren in besonderem Maße durch Protagonisten, die ihre Sympathie zu totalitären Systemen demonstrativ zur Schau gestellt haben.

Ich bin damit einverstanden, dass mir Inhalte von Twitter angezeigt werden.

Während Ali Reza Sheikh Attar Geschäftsführer der Mullah…

pic.twitter.com/G61k5IRagO

— Emrah Erken 🔥🎺 (@AtticusJazz)

January 10, 2026"
Warum die Energiewende im Blackout-Fall keinen Startknopf hat,2026-01-10,https://www.tichyseinblick.de/kolumnen/lichtblicke-kolumnen/energiewende-blackout-kein-startknopf/,Gastautor,"Ein deutschlandweiter Stromausfall ist kein Lichtschalter-Problem – sondern der Moment, in dem die physikalischen Grenzen der grünen Energiepolitik schonungslos sichtbar werden.","Wer erinnert sich nicht noch an die Verheißungen? Die Energiewende sollte nicht nur das Klima retten, sondern auch die Versorgungssicherheit garantieren. Wind, Sonne und Batterien – das heilige Triumvirat der grünen Zukunft. Dezentral, demokratisch, digital. Was dabei gerne verschwiegen wird: Im Fall eines landesweiten Blackouts verwandelt sich dieses Zukunftssystem in einen Haufen teurer Elektronik, die keinen einzigen Volt produziert. Nicht etwa, weil der Wind nicht weht oder die Sonne nicht scheint – sondern weil die physikalischen Grundlagen fehlen, um das Netz überhaupt wieder zum Leben zu erwecken.

Der aktuelle Stromausfall in Berlin, der ca. 50.000 Haushalte vier Tage lang lahmlegte, liefert eine Kostprobe dessen, was auf Deutschland zukommt, wenn man die letzten konventionellen Kraftwerke vom Netz nimmt. Und nein, es geht nicht um Panikmache – es geht um Physik.

Das Netz ist kein Stromverteiler, sondern eine Maschine

Betrachten wir zunächst die technische Realität eines Blackouts. Das europäische Stromnetz läuft mit 50 Hertz Netzfrequenz – eine präzise synchronisierte Maschine, bei der sich alle Generatoren im Gleichtakt drehen. Nach einem totalen Zusammenbruch existiert: keine Referenzfrequenz, keine Spannung, keine Kommunikation über das Netz. Alles muss von Grund auf neu synchronisiert werden, Schritt für Schritt, wie ein Kartenhaus, das man in absoluter Dunkelheit aufbaut.

Das ist kein „Neustart“, wie man ihn vom Computer kennt. Es ist der mühsame, mehrstündige bis mehrtägige Wiederaufbau eines hochkomplexen Systems, bei dem die kleinste Fehlkalkulation zur sofortigen erneuten Abschaltung führt.

Schwarzstart: Die unterschätzte Fähigkeit

Nur wenige Kraftwerke können ohne externe Stromversorgung starten. In Deutschland gibt es laut

Bundesnetzagentur

174 schwarzstartfähige Anlagen mit mindestens 10 MW Leistung (Stand 2020) – klingt nach viel, aber von diesen werden tatsächlich nur 26 von den Übertragungsnetzbetreibern für den Netzwiederaufbau vorgesehen. Das ist die strategische Reserve für den Ernstfall.

Schwarzstartfähig

sind primär:

Wasserkraftwerke

Einige Gasturbinen (mit Batterieunterstützung)

Wenige speziell ausgerüstete Kraftwerke

Nicht schwarzstartfähig sind hingegen:

Kernkraftwerke (Ironie der Geschichte: längst abgeschaltet)

Die meisten Kohlekraftwerke (werden gerade stillgelegt)

Wind- und Photovoltaikanlagen (grid-following)

Große Batteriespeicher (ohne vorgelagerte Versorgung)

Sie lesen richtig: Die gesamte Infrastruktur der Energiewende ist im Schwarzfall nutzlos. Nicht eingeschränkt nutzbar. Nutzlos.

Warum dauert der Wiederaufbau so lange?

Neustart der größten Maschine der Welt

Nach dem Blackout: Wie bringt man das Stromnetz wieder in Gang?

Ein großes Kraftwerk braucht zum Hochfahren zwischen 5 und 10 Prozent seiner Nennleistung als Eigenbedarf – für Pumpen, Schmierung, Kühlung, Steuer- und Leittechnik. Ohne Netz oder Schwarzstartquelle: Stillstand. Und selbst wenn die ersten Kraftwerke laufen, beginnt das eigentliche Problem: Die Balance zwischen Erzeugung und Last muss exakt stimmen. Zu viel Last? Frequenzeinbruch, Abschaltung. Zu wenig Last? Frequenzüberschuss, Abschaltung.

Deshalb werden Verbraucher schrittweise zugeschaltet: Erst kritische Infrastruktur, dann Haushalte regionenweise zeitversetzt, Industriebetriebe kommen ganz zum Schluss. Das Netz wird wie ein fragiles Kartenhaus aufgebaut – eine falsche Bewegung, und alles kollabiert erneut.

Hinzu kommen ausgefallene Schutzrelais in Umspannwerken, die manuell zurückgesetzt werden müssen. Leitungen müssen auf Kurzschlüsse geprüft werden. Die Kommunikation läuft nur noch über Notstromaggregate. Typische Zeitrahmen für einen deutschlandweiten Wiederaufbau: 24 bis 72 Stunden – unter Idealbedingungen. Mit Folgeschäden deutlich länger.

Das Problem der Erneuerbaren: Grid-Following statt Grid-Forming

Jetzt wird es interessant. Nahezu alle heutigen Wind- und Photovoltaikanlagen sind „grid-following“ – sie folgen dem Netz. Sie brauchen eine existierende Spannung und Frequenz, an die sie sich anhängen können. Nach einem Blackout gilt: Kein Netz, keine Einspeisung. Auch bei strahlendem Sonnenschein und kräftigem Wind: 0 Megawatt.

An dieser Stelle kommt regelmäßig das Argument: „Dann nehmen wir eben Batteriespeicher als Puffer.“ Schöne Theorie. Praktische Realität: Batterien liefern keine physikalische Trägheit. Sie stabilisieren die Frequenz nur über Regelalgorithmen – hochgradig empfindlich gegenüber Lastsprüngen, hochgradig softwareabhängig. Wer gibt nach einem Totalausfall den ersten Takt vor? Wer synchronisiert tausende Wechselrichter, damit sie nicht gegeneinander regeln? Ein Bug, ein Kommunikationsausfall, eine Fehlparametrierung – und das Chaos ist perfekt.

Grid-Forming Inverter: Die theoretische Lösung ohne Praxisbeweis

Die Antwort der Energiewende-Ingenieure lautet: „Grid-forming Wechselrichter“. Diese sollen die fehlende Netzbildung von Synchrongeneratoren digital nachbilden. Klingt gut. Funktioniert aber – Stand heute – nur in der Theorie und in kleinen Pilotprojekten.

Die Probleme:

Bisher kaum großskalig erprobt

Keine Langzeiterfahrung für nationale Netze

Extrem komplexe Schutz- und Koordinationsfragen

Hochgradig softwareabhängig

Das ist kein physikalischer Anker wie ein rotierendes Schwungrad, sondern ein digitales Ersatzmodell. Ein Software-Update kann das System stabilisieren – oder zum Absturz bringen. Die europäischen Netzcodes diskutieren zwar Anforderungen für grid-forming Funktionalitäten, aber von einer flächendeckenden, erprobten Implementierung ist Deutschland meilenweit entfernt.

Fraunhofer ISE und andere Forschungseinrichtungen entwickeln fleißig Algorithmen und testen Prototypen. Doch zwischen einem Testaufbau und einem landesweiten Systemwechsel liegen Welten – und Jahre, wenn nicht Jahrzehnte.

Dunkelflaute plus Blackout: Der Super-GAU

Merz blieb stumm

Berlin hat wieder Strom

Jetzt stellen Sie sich folgendes Szenario vor: Ein kalter Januartag, wenig Wind, keine Sonne, die Speicher sind bereits teilweise leer (weil sie in den Tagen zuvor die Versorgung stützen mussten). Dann: Blackout.

Was passiert? Keine Einspeisung aus Wind und Solar. Keine Trägheit im System. Kein sicherer Wiederaufbaupfad.

In so einem System wäre Deutschland faktisch auf die Nachbarländer angewiesen – auf französische Kernkraftwerke, skandinavische Wasserkraft, polnische Kohle –, um Spannung und Frequenz ins deutsche Netz zu „ziehen“ und den Neustart zu ermöglichen. Energiesouveränität? Nicht gegeben. Die grüne Unabhängigkeit endet dort, wo die Physik anfängt.

Was die Politik verschweigt

Die Bundesnetzagentur stuft das Risiko eines langanhaltenden Stromausfalls in Deutschland als „sehr unwahrscheinlich“ ein. Das mag statistisch korrekt sein – Deutschland hat eines der zuverlässigsten Stromnetze weltweit mit durchschnittlich 11 Minuten Ausfall pro Jahr. Doch diese Statistik gilt für das heutige System mit konventionellen Grundlastkraftwerken, die als Anker dienen.

Was passiert, wenn diese Anker verschwinden? Wenn die letzten Kohlekraftwerke vom Netz gehen und durch Software-gesteuerte Wechselrichter ersetzt werden? Wird das Netz stabiler – oder anfälliger?

Herbert Saurugg, österreichischer Blackout-Experte, warnt seit Jahren: „Nur weil man ein Kraftwerk schwarz starten kann, heißt das noch lange nicht, dass man damit auch den Netzwiederaufbau bewältigen kann.“ Und weiter: Je kleiner die Anlagen, desto schwieriger und langwieriger das Hochfahren.

Ein 100%-EE-System hätte bei einem landesweiten Blackout:

Keine robuste Schwarzstartfähigkeit

Keine physikalische Netzbildung

Hohe Software- und Koordinationsrisiken

Extreme Abhängigkeit von Wetter und Ausland

Deutlich längere Wiederaufbauzeiten als heute

Im Extremfall: Das Netz ließe sich nicht mehr sicher eigenständig hochfahren.

Berlin als Menetekel?

Der aktuelle Stromausfall in Berlin – verursacht durch einen Brand an einer Kabelbrücke – zeigt exemplarisch, wie fragil selbst gut ausgebaute städtische Netze sind. Vier Tage brauchte es, bis alle 45.000 Haushalte wieder Strom hatten. Vier Tage Kälte, vier Tage ohne funktionierende Heizungen, ohne warmes Wasser, ohne Licht. Die vollständige Reparatur wird laut Netzbetreiber noch Wochen oder Monate dauern.

Und das war nur ein regional begrenzter Ausfall mit funktionierender Umgebung, die helfen konnte. Was wäre bei einem deutschlandweiten Blackout? Wer hilft dann?

Fazit: Physik schlägt Ideologie

Ideologischer Wunschtraum

Eine grundsätzliche Lehre aus dem Terroranschlag auf das Berliner Stromnetz

Ein deutschlandweiter Blackout dauert nicht deshalb lange, weil deutsche Ingenieure inkompetent wären. Er dauert lange, weil das Stromnetz eine hochpräzise, synchron laufende Maschine ist – und Maschinen kann man nicht gleichzeitig kalt starten.

Die Energiewende ignoriert diese Realität. Sie ersetzt rotierende Massen durch Algorithmen, physikalische Trägheit durch virtuelle Inertialsysteme, bewährte Schwarzstartfähigkeit durch theoretische Konzepte. Und hofft, dass im Ernstfall alles funktioniert.

Das ist keine Energiepolitik – das ist russisches Roulette mit der Versorgungssicherheit eines Industrielandes.

Die unbequeme Wahrheit lautet: Ein Stromnetz braucht Trägheit, Synchronität und Startfähigkeit. Das sind Eigenschaften rotierender Maschinen, nicht von Wechselrichtern. Solange diese Grundwahrheit nicht akzeptiert wird, bleibt die Energiewende ein teures Experiment auf Kosten der Versorgungssicherheit.

Der nächste Blackout kommt bestimmt. Die Frage ist nur: Wie lange dauert es dann, bis das Licht wieder angeht?

Der Beitrag ist zuerst erschienen auf dem

Blog KlimaNachrichten.

Quellen und weiterführende Informationen:

[1]

Bundesnetzagentur (2020): Monitoring nach § 35 EnWG – Schwarzstartfähige Anlagen in Deutschland

[2]

Wikipedia: Schwarzstart – Technische Grundlagen und Verfahren

[3]

Herbert Saurugg (2025): Schwarzstart & Netzwiederaufbau

[4]

Fraunhofer ISE: VerbundnetzStabil – Netzbildende Wechselrichter in Verbundnetzen

[5]

Cube Concepts (2025): Grid Forming mit netzbildenden Wechselrichtern

[6]

MDPI (2024): Grid Forming Inverter as an Advanced Smart Inverter for Augmented Ancillary Services

[7]

Ingenieur.de (Januar 2026): Vier Tage ohne Strom – Was der Berliner Blackout über unsere Netze verrät

[8]

Bundesregierung: Stromausfall – eine Risikoanalyse

[9]

Bundeszentrale für politische Bildung (2023): Sind Blackouts in Deutschland wahrscheinlich?

[10]

Next Kraftwerke: Schwarzstart – Wie funktioniert der Neustart nach einem Blackout?"
„Warum sie bei Gaza schreien und beim Iran schweigen“,2026-01-10,https://www.tichyseinblick.de/daili-es-sentials/constantin-schreiber-kommentar-iran-gaza-selektive-empoerung/,Redaktion,"In einem scharf formulierten Video-Kommentar wirft der Journalist und frühere Tagesschau-Sprecher Constantin Schreiber den Linken „selektive Empörung“ vor. Das Schweigen vieler in Europa zu den Protesten und Menschenrechtsverletzungen im Iran sei kein Versehen mehr, sondern eine Haltung.","Constantin Schreiber kritisiert in einem Video-Kommentar, das er bei X verbreitet, scharf den Umgang westlicher Gesellschaften mit den Protesten im Iran. Er kommentiert vor allem das Schweigen vieler politischer Akteure und Bewegungen in Europa – insbesondere aus dem linken Spektrum.

„Jetzt demonstrieren Menschen im Iran für Freiheit. Jetzt riskieren Frauen und Männer ihr Leben, weil sie sich weigern, weiter in einem System aus religiösem Zwang, Gewalt und Erniedrigung zu existieren“, so Schreiber. Jugendliche würden „verhaftet, gefoltert und hingerichtet, weil sie tanzen, demonstrieren oder ihre Haare zeigen“. Dass dazu in Europa kaum was zu hören ist, sei kein Versehen mehr: „Jetzt – genau jetzt – ist das Schweigen vieler in Berlin, Paris, London oder Brüssel kein Versehen mehr, sondern eine Haltung. Denn wer heute schweigt, der entscheidet sich.“

Ich bin damit einverstanden, dass mir Inhalte von Twitter angezeigt werden.

— Constantin Schreiber (@ConstSchreiber)

January 10, 2026"
Fast zwei Wochen Unruhen im Iran: Beginnt die Rückeroberung des Landes?,2026-01-10,https://www.tichyseinblick.de/kolumnen/aus-aller-welt/iran-rueckeroberung/,Matthias Nikolaidis,"Auch am Freitag intensivierten sich die Unruhen in Teheran und anderen Teilen Irans. Die Bürger beginnen damit, symbolische Orte zu erobern. Eine Moschee wurde in Brand gesetzt. Aus dem Exil lenkt Reza Pahlavi das Geschehen. Nun sollen Spediteure und Energieversorger den Druck erhöhen. Der ÖRR versagt zusammen mit der EU-Politkaste gründlich.","Am Freitag war der 13. Tag der Unruhen im Iran, die manche als Proteste sehen, andere als eine Revolution. Ein zweites Mal folgten die Iraner dem Aufruf des exilierten Kronprinzen Reza Pahlavi, sich um 20 Uhr auf den Straßen zu versammeln. Gleichzeitig war das Internet weitgehend abgeschaltet worden. „Kartengeräte funktionieren nicht, Anrufe sind unmöglich“, berichtet ein Augenzeuge laut

Iran International

, und fügt nur eine Ausnahme hinzu: Die Nutzer des Rightel-Netzes konnten offenbar noch Textnachrichten versenden.

Am Samstag

rief Pahlavi auch zu einem landesweiten Generalstreik

der Arbeiter im Energie- und Transportbereich auf. Die Demonstranten sollten die Stadtzentren übernehmen. Pahlavi lobte „den Mut und die Ausdauer“ seiner Landsleute. Millionen sollen sich seinen Aufrufen angeschlossen haben, oft mit Rufen wie „Javid Shah“ („Lang lebe der Shah“). Ob das schon Monarchismus ist, bleibt offen. Der Sohn des letzten Schahs, der 1979 von den Mullahs vertrieben wurde, ist die einigende Figur des Protests. Er ist die einzige Person von Gewicht, die klar außerhalb des islamischen Systems steht und für einen politischen Neuanfang steht. Oppositionelle Parteien konnten sich im diktatorisch regierten Iran nicht bilden. Die Rolle Pahlavis könnte, falls es so weit kommt, jener des spanischen Königs Juan Carlos ähneln, der nach dem Fall der Diktatur den Übergang zur Demokratie moderierte.

Ich bin damit einverstanden, dass mir Inhalte von Twitter angezeigt werden.

— Len Khodorkovsky (@MessageFromLen)

January 9, 2026"
Karsten Wildberger schafft noch mehr Verwaltung,2026-01-10,https://www.tichyseinblick.de/meinungen/wildberger-schafft-mehr-verwaltung/,Mario Thurnes,"Karsten Wildberger, Minister für Staatsmodernisierung, schafft eine neue Verwaltung, um Verwaltung abzubauen: das Zentrum für Legistik. Ob das Bürokratie tatsächlich reduzieren wird, sei dahin gestellt – zumal es entgegen Wildbergers Aussagen gar nicht so neu ist.","Kanzler Friedrich Merz (CDU) will Bürokratie abbauen. Sagt er. Deswegen hat er das „Bundesministerium für Digitales und Staatsmodernisierung“ geschaffen. Denn wenn es einen konsequenten Schritt beim Abbau von Verwaltung gibt, dann ist das, neue Verwaltung zu schaffen. Karsten Wildberger brachte das zu Ministerehren und einem entsprechenden Gehalt. Der Abbau der Bürokratie ist nun seine Aufgabe.

Wildberger liefert. Er straft alle lügen, die behaupten, die Regierung Merz rede nur vom Abbau der Bürokratie und schaffe ein neues Ministerium. Nein. Denn eine neue Behörde schafft die Regierung auch noch. Das „Zentrum für Legistik“. Vielmehr: eine „neue zentrale Anlaufstelle für Legistinnen und Legisten der Bundesverwaltung, um die Qualität deutscher Gesetze spürbar zu verbessern“, schreibt Wildbergers Ministerium. Also hüte dich, Bürokratiemonster, bald wirst du bekämpft. Und zwar so richtig spürbar.

Gesundheitsreform

Die Falle für die Fleißigen: Arbeitnehmer sollen seltener zum Arzt

Das Zentrum für Legistik sei ein „wichtiger Baustein der Modernisierungsagenda“. Es hat auch etwas, von dem die jungen Leute immer sprechen: „Das Zentrum geht mit einer Website an den Start.“ Also so voll in dem Internet da und so. Auf dieser Plattform sollen die Bürokraten Tipps erhalten, wie sie weniger bürokratisch sein können. So was wie: Wenn du Verwaltung abbauen willst, schaff keine neuen Zentren für Ideen, auf die jeder auch selbst kommen könnte, wenn er seinen Verstand einschaltet. Gut. Den Tipp wird das Zentrum für Legistik mutmaßlich nicht geben. Damit würde es sein eigenes Aus fordern und fördern. Aber ansonsten dürften seine Tipps spannend werden.

Zumal das Zentrum auch „interdisziplinäre Taskforces“ zusammenstellt. Also Berater, die in die Ministerien gehen und den Bürokraten dort über die Schultern schauen, damit ihre Gesetzesentwürfe nicht so bürokratisch werden und – ganz verrückte Idee – umsetzbar. Womit die Regierung der Christdemokraten und Sozialdemokraten einräumt, dass die Gesetze früherer christ- und sozialdemokratischer Regierungen nicht durchsetzbar waren. Aber Schwamm drüber. Schulungen zu unbürokratischem Denken für Bürokraten gibt das Zentrum auch.

Wer jetzt vor lauter Bürokratie-Abbau schon in Sektlaune ist, muss aber die Korken noch etwas in der Flasche halten. Denn wenn Wildbergers Ministerium schreibt: „Das Zentrum für Legistik ist eine neue zentrale Anlaufstelle …“, dann ist das nur bedingt richtig. Das Zentrum gibt es bereits. Die Ampel hat es eingerichtet unter der Verantwortung von Justizminister Marco Buschmann (FDP). Dem Erfinder des Selbstbestimmungsgesetzes. Nun nicht gerade bekannt dafür, das Bürokratiemonster in Deutschland zurückgedrängt zu haben. Aber mit dem Verwaltungsakt, das Zentrum von einem ins andere Ministerium zu hieven, werden Verwaltungsakte künftig weniger verwaltungsaktisch. Sagt Wildberger. Also: Prost."
Wintereinbruch: Pause bei der Weltenrettung,2026-01-10,https://www.tichyseinblick.de/meinungen/hamburg-pause-bei-weltenrettung/,Redaktion,"Der vollkommen überraschende Wintereinbruch entlarvt den staatlichen Irrsinn. Hamburg erlaubt Streusalz. Allerdings nur widerwillig und streng befristet. Berlin möchte auch, darf aber nicht, und die Bahn stellt vorsorglich den Betrieb ein. Das Versagen des Staates in jeder Hinsicht ist das neue Normal. Genießen Sie das Heute, morgen wird es schon wieder schlimmer sein.","Völlig überraschend ist etwas eingetreten, dass es gar nicht mehr geben dürfte. Nach Jahren der Rekordmeldungen von immer neuesten wärmsten Monaten seit Menschengedenken kam der Winter zurück. Und das im Winter.

In Hamburg war bisher der Einsatz von Streusalz strengstens verboten. Jetzt darf plötzlich wieder Streusalz verwendet werden. Natürlich nur befristet. Genau gesagt, es ist so lange erlaubt, bis man es nicht mehr braucht. In Berlin hingegen bleibt das Salz tabu. Nicht etwa, weil Eis dort weniger glatt wäre, sondern weil sich die eigene Gesetzgebung als resistenter als die Wirklichkeit erwiesen hat. Ausnahmen sind dort nicht erlaubt.

Grüne Ruine Hamburg

Katerstimmung nach Klima-Volksentscheid in Hamburg: Wer soll das bezahlen?

In Hamburg haben Grüne erkannt, was außer ihnen jedermann wusste: Eis ist rutschig, Glatteis erst recht. Krankenhäuser melden Dutzende Verletzte täglich, Notaufnahmen arbeiten im Dauereinsatz. Und doch wird die Freigabe von Streusalz von moralischen Zeigefingern des rot-grünen Senats, natürlich korrekt gegendert, mit den Worten begleitet: Der kurzfristig wieder mündige Bürger möge das Salz „maßvoll“, „umweltbewusst“, und „nur solange es unbedingt nötig“ einsetzen. Und das zwingend mit einem gehörig schlechten Gewissen.

Berlin geht noch einen Schritt weiter. Dort wollte man ebenfalls helfen, durfte aber nicht. Man scheiterte an sich selbst. Die Gesetze lassen keine Ausnahme zu, sagt der Senat. Punkt. Das ist Berliner Realsatire. Wenn -14 Grad angekündigt sind, Wege spiegelglatt und Anwohner zugleich räumpflichtig und sanktionsbedroht sind, dann wird das Recht zur Farce. Split statt Salz – und wenn dann doch jemand stürzt: Haftung bis 10.000 Euro. Das nennt man effiziente Verantwortungsverschiebung. Da macht dem Berliner Senat niemand etwas vor.

Der Staat lobt sich selbst

Während die Bürger auf den Straßen und Gehwegen herumrutschen, lobt sich Hamburgs Umweltsenatorin Katharina Fegebank (Grüne) selbst. „Team Orange macht einen wirklich guten Job“, heißt es aus Hamburg. Das mag stimmen. Die Mitarbeiter der Stadtreinigung leisten Enormes. Aber, seit 2019 mit 170 Mann weniger. Die fehlen jetzt beim Schneeschippen. Und diejenigen, die das Geld, das vorher die Mitarbeiter der Stadtreinigung bekommen haben, nun erhalten, schippen keinen Schnee. Sie bekommen ja leistungslos Bürgergeld.

Leider keine Glosse

Wie Schnee in Berlin die Lage in Deutschland brutal offenlegt

Und dann die Berliner Variante: Die Stadtreinigung ist zuständig für Hauptachsen, der Bürger für den Rest. Das aber ohne wirksame Mittel. Das Ergebnis ist vorhersehbar. Mehr Stürze, mehr Brüche, mehr OPs. Grüne tiefgefrorene Ideologie, frei von jeglicher Vernunft.

Natürlich ist Streusalz schlecht für Pflanzen. Aber: Eis ist schlecht für Menschen. Politik wäre die Kunst der Abwägung. Was wir erleben, ist die Herrschaft des Dogmas. In Hamburg erkennt man das Problem, zumindest temporär, an. In Berlin erkennt man es, kapituliert aber vor der eigenen Ideologie. Der Bürger steht dazwischen, Er muss räumen und die Haftung übernehmen.

Der Winter ist in diesen Breiten Realität. Er hält sich nicht an Modellrechnungen von vom Staat bezahlten Instituten, die aus diesen Modellrechnungen zu wissen glauben, dass es keinen Winter mehr gäbe. Regierungen sollten das akzeptieren. Pragmatismus ist kein Verrat an der Umwelt, sondern wäre Ausdruck von Verantwortung.

Winter: Die Bahn kapituliert vorsorglich

Alle reden vom Wetter, wir nicht. Die Werbung der Bahn des letzten Jahrhunderts ist Vergangenheit. Heute kapituliert die Bahn, kurz nachdem der Wetterdienst Frost, Wind und Schnee ankündigt. Fernzüge werden gestrichen, die Geschwindigkeit der Züge gedrosselt und die Fahrzeiten verlängert. Alles „vorsorglich“.

Wird das Gas reichen?

Knappe Gas-Speicherstände – und wie wir über den Winter kommen

Schnee ist kein Jahrhundertereignis, sondern Jahreszeit. Auch in Zeiten des Klimawahns. Doch bei der Bahn gilt er als höhere Gewalt. ICEs dürfen. wegen des möglichen Eisabwurfs, nur noch 200 km/h fahren.

Der eigentliche Skandal ist aber nicht die Vorsicht, sondern die Normalisierung der Ausreden und des Versagens der Verantwortlichen. Statt robuster Technik gibt es App-Hinweise. Statt verlässlicher Infrastruktur die Flex-Tickets. Statt Planungssicherheit den Hinweis, man möge sich doch einfach „informieren“. Der Kunde kann so den Mangel und das Versagen mit organisieren. Teilnahme nennt das der woke Marketingstratege.

Dass ein Staatskonzern mit üppigen Zuschüssen bei vorhersehbarem Wetter den Betrieb ausdünnt, ist kein Naturereignis, sondern Missmanagement Jahrzehntelange Vernachlässigung der Technik, dafür ideologische Großprojekte und das Sparen am Betrieb rächen sich.

Die Bahn ist nicht wetterfest, aber sie ist durch und durch ideologisiert und vollkommen reformresistent."
Fünf Jahre Zwangsarbeit für das Bekenntnis zu Jesus Christus,2026-01-10,https://www.tichyseinblick.de/kolumnen/aus-aller-welt/christ-zu-fuenf-jahren-zwangsarbeit-verurteilt/,Anna Diouf,"Ein ägyptischer Religionswissenschaftler und Autor wurde zu fünf Jahren Haft mit Zwangsarbeit verurteilt. Immer wieder werden in muslimischen Ländern drakonische Strafen gegen Christen verhängt, weil sie ihren Glauben offen leben.","Feindseligkeit gegenüber Christen bis hin zu tätlichen Angriffen und Mord nimmt in Europa stetig zu, ebenso wie Versuche, Religionsfreiheit und Religionsausübung rechtlich einzuschränken. Doch obwohl

geköpfte

Krippenfiguren, Brandanschläge oder

zur Einschüchterung Andersdenkender vorangetriebene Prozesse

ein Skandal sind: Angesichts der Situation in Teilen Asiens und Afrikas scheut man sich, überhaupt einen Vergleich anzustellen.

Was in Europa immer noch einigermaßen selten geschieht, ist anderswo traurige Normalität – und dringt doch nur selten ins Bewusstsein einer breiteren medialen Öffentlichkeit.

Ich bin damit einverstanden, dass mir Inhalte von Twitter angezeigt werden.

Erst am 3. Januar wurde der christliche Wissenschaftler und Autor Dr. Augustinos Samaan im Kairoer Vorort Maadi zu fünf Jahren Haft und Zwangsarbeit verurteilt – wegen angeblicher „Blasphemie“. Das berichtet

Coptic Solidarity

, eine internationale Plattform, die über Menschenrechtsverletzungen gegenüber Kopten informiert. Auch die

United States Commission on International Religious Freedom (USCIRF),

eine US-Behörde zur Beobachtung der weltweiten Religionsfreiheit,

listet Samaan

als Opfer der Verletzung von Meinungs- und Glaubensfreiheit.

Christenfeindlichkeit

Christenverfolgung: Auch in Deutschland immer mehr Brandanschläge

Der 37-jährige Religionswissenschaftler gehört der koptisch-orthodoxen Kirche an. Die Kopten betrachten sich als indigene Bevölkerung Ägyptens: Vor der arabisch-muslimischen Eroberung war das Land mehrheitlich christlich; der Begriff „Kopte“ leitet sich vom arabischen Wort für „Ägypter“ ab und bezeichnete ursprünglich die einheimische Bevölkerung.

Heute machen Kopten geschätzt zwischen fünf und zehn Prozent der ägyptischen Bevölkerung aus. Ihre Lage ist prekär. Immer wieder werden Kirchen angegriffen, es kommt zu Terroranschlägen. Christliche Mädchen und junge Frauen werden von Muslimen entführt und Zwangskonversion und Zwangsehe unterworfen. Internationale Aufmerksamkeit erregte 2015 die

Ermordung von 21 koptischen Christen in Libyen durch IS-Terroristen,

die die Tat propagandistisch inszenierten.

Augustinos Samaan war bereits im Oktober 2025 festgenommen und inhaftiert worden. Samaan betrieb einen Social-Media-Kanal, auf dem er christliche Inhalte verbreitete, und auf dem auch Konvertiten zu Wort kamen – wer vom Islam zum Christentum übertritt, gilt Muslimen als Apostat. Der Abfall vom Islam zieht nicht selten Lynchjustiz oder eine Verurteilung gemäß der Scharia nach sich.

Verhaftungswellen und Repressalien

„Für den Westen spielt die Menschenrechtssituation in Armenien keine große Rolle“

Samaan war zunächst wegen „Beitritts zu einer terroristischen Vereinigung” angeklagt. Diese Anklage wurde später fallengelassen, stattdessen musste er sich wegen „Verachtung der Religion” vor Gericht verantworten.

Die Angehörigen und Anwälte Samaans hatten laut

Coptic Solidarity

am 6. Januar lediglich eine routinemäßige Anhörung zur Verlängerung der Untersuchungshaft erwartet. Stattdessen erfuhren sie von der bereits einige Tage zuvor erfolgten Verurteilung. Bislang wurde der Verteidigung kein Zugang zu den Akten gewährt. Die mit der Verteidigung Samaans betraute Anwaltskanzlei kritisierte dieses Vorgehen scharf, da dies einen klaren Verstoß gegen die Rechtsstaatlichkeit darstelle. Eine Berufungsverhandlung ist für Ende Januar angesetzt.

In der muslimischen Welt ist dies alles andere als ein Einzelfall. Die Menschenrechtsorganisation

ADF International

berichtet immer wieder von Verfahren,

die gegen Konvertiten angestrengt werden,

oder auch gegen Christen, die öffentlich oder im privaten Rahmen über ihren Glauben sprechen und denunziert werden. Dies droht

auch Muslimen

, die konfessionellen Minderheiten angehören oder sich kritisch über ihren Glauben äußern.

Insbesondere durch das Verbreiten christlicher Inhalte im Netz geraten Christen immer wieder ins Visier der Behörden. Ihnen drohen teils drakonische Strafen:

So etwa entging die nigerianische Christin und fünffache Mutter Rhoda Jatau Ende Dezember 2024 der Todesstrafe.

Sie hatte online ein Video geteilt, in dem der Lynchmord an einer christlichen Studentin kritisiert wurde – und fand sich selbst wegen Blasphemie vor Gericht.

Fälle wie diese zeigen, wie essentiell das Eintreten für Rechtsstaatlichkeit, Menschen- und Freiheitsrechte ist: Religionsfreiheit, die gerade in Westeuropa und im globalen Westen oft als sekundär betrachtet wird, ist ein wichtiger Maßstab, um zu bewerten, wie es um die bürgerlichen Freiheiten und die Freiheit des Individuums bestellt ist. Europa ist von Zuständen wie in Ägypten und vielen Teilen der Welt weit entfernt – aber das ist keine Selbstverständlichkeit."
"CDU und CSU sind dabei, den totalen Überwachungsstaat zu errichten",2026-01-10,https://www.tichyseinblick.de/meinungen/cdu-und-csu-sind-dabei-den-totalen-ueberwachungsstaat-zu-errichten/,Sofia Taxidis,Orwell als Vorbild und Fahrplan: Die Union zieht die Schlinge zu. Von der Leyen will gegen freie Gedanken „impfen“. Günther will verfassungsfeindlich kritische Medien kontrollieren und verbieten. Ein Meldestellensystem und NGO-Vorfeldorganisationen stehen bereit. Bundeskanzler Merz rüstet den BND zum Speicher- und Hackerapparat gegen alle Bürger auf.,"Dämmert es Ihnen jetzt allmählich, mit wem Sie es bei der CDU und CSU tatsächlich zu tun haben? Falls Ihnen das immer noch nicht klar sein sollte, zählen wir noch einmal auf, was auf das Konto der Union geht und sich zu einem großen Gesamtbild zusammenfügt:

Günther lässt die Katze aus dem Sack

Der CDU-Zensurkomplex

Daniel Günther offenbart, wes Geistes Kind die CDU ist: Sie will die totale Überwachung und Zensur

Daniel Günther, CDU-Ministerpräsident, hat bei Lanz nicht nur provoziert mit seiner Forderung nach einem beliebigen Verbot missliebiger Online-Formate. Er hat sich nicht vom Moderator zu einer umstrittenen Aussage treiben lassen, wie jetzt die Schönschreiber der CDU verbreiten, sondern hat exakt den Zettel vorgelesen, auf dem die Union ihre Pläne formuliert hat. Nicht irgendein Twitter-Krawallkopf, sondern ein CDU-Ministerpräsident. Und er redet nicht über Randphänomene, sondern über kritische Medien und unbequeme Öffentlichkeit. Die Botschaft ist glasklar: Was stört, soll weg-reguliert werden. Wer nicht gehorcht, wird kontrolliert. Was zu viel Reichweite hat, wird verboten.

Günther spricht dabei nicht in der Sprache der Demokratie, sondern in der Sprache einer Obrigkeit, die Öffentlichkeit als Gefahr begreift. Wenn er von „Infiltration“ redet und kritische Medien als „Feinde der Demokratie“ markiert, ist das kein Ausrutscher. Erst wird Kritik delegitimiert. Dann wird sie als Sicherheitsproblem etikettiert. Und am Ende wird der Staat als Therapeut verkauft, der die „Informationshygiene“ wiederherstellt.

Die Union versucht dabei nun seit Jahren, die Verantwortung elegant zu verschieben. Rot-Grün, heißt es dann, habe den Zensurkomplex gebaut. Man selbst sei doch nur „ordnende Kraft“. Das ist Theater. Ein Wedeln mit der rechten Hand, damit der Wähler nicht darauf achtet, an wie vielen und welchen totalitären Schrauben die CDU mit der linken Hand tatsächlich dreht.

In Wahrheit steht die CDU auf Bundesebene und in Brüssel wie Beton hinter der Ausweitung dieses Überwachungs- und Repressionsapparats.

Günther ist kein Spinner, der sich verplappert hat im Stress des TV-Studios, sondern er spricht nur laut aus, was die Damen und Herren der Union unter den Röcken der SPD und Grünen antizipiert haben und Schritt für Schritt exekutieren. Günther hat die Absichten der Union demaskiert.

Der Mechanismus ist überall derselbe. Nicht mehr das freie Wort steht am Anfang, sondern der Generalverdacht. Nicht mehr der Bürger als Souverän, sondern der Bürger als Risikofaktor. Genau so wird aus politischem Streit ein Problem, das man managen muss. Und genau so wird aus freier Kommunikation ein Bereich, den man beaufsichtigen, lenken, dämpfen und im Zweifel abschalten will.

DSA: Der technische Rahmen für das neue Spitzelwesen

Kontrollstaat Brüssel

Endkampf der EU und von der Leyen: Totalitäre Maßnahmen eines überholten Systems

Auf EU-Ebene ist das längst in Regeln gegossen. Der Digital Services Act (DSA) macht Plattformen zu Daueradressaten von Risiko- und „Mitigation“-Pflichten und verankert zugleich das System der „Trusted Flaggers“: Meldestellen, deren Hinweise priorisiert behandelt werden müssen. Das ist die technische Infrastruktur für das, was politisch als „Kampf gegen Hass und Hetze“ verpackt wird, faktisch aber ein Druckapparat ist: melden, prüfen, weiterreichen, löschen, verfolgen.

Dass diese Logik nicht abstrakt ist, zeigen die deutschen Ausprägungen. In Deutschland hat die Umsetzung dieses Modells die Zertifizierung solcher Meldestellen durch die Bundesnetzagentur befeuert. Die „Trusted Flagger“ liefern nicht nur an Plattformen, sondern reichen Fälle auch an Behörden weiter. Die Folge ist ein sich ausdehnendes, weltweit umfangreichstes Spitzel-Ökosystem mit amtlichem Stempel, das zwar gern behauptet, es gehe „nur“ um strafbare Inhalte, aber real einen dauerhaften Einschüchterungsnebel erzeugt: Wer meldet, definiert den Ton. Wer den Ton setzt, verschiebt die Grenzen.

Parallel zur Gesetzgebung wird der Kontrollapparat ins Vorfeld ausgelagert und mit Steuergeld verstetigt. Unter dem Etikett „Meldestellen“ ist ein dichtes, ausgeufertes und sich ständig weiter selbst ausbauendes Netz aus NGOs gewuchert, die Inhalte sichten, einordnen, melden – und deren Meldungen durch den DSA sogar privilegiert behandelt werden. „Trusted Flagger“ sind dabei keine beliebigen Hinweisgeber, sondern offiziell zugelassene Stellen, deren Hinweise Plattformen vorrangig bearbeiten müssen. In Deutschland sind unter anderem REspect!, HateAid und der vzbv als „Trusted Flagger“ gelistet.

Was als „Zivilgesellschaft“ verkauft wird, ist so in der Praxis ein Spitzel-und-Sanktionskreislauf: Ein willfähriges Vorfeld meldet, NGOs kuratieren, Behörden verfolgen, Plattformen löschen oder Staatsanwaltschaften lassen Häuser durchsuchen, elektronische Geräte konfiszieren, strafverfolgen. Genau dieses Modell wird politisch abgesichert, rechtlich privilegiert und immer üppiger finanziell gefüttert. Dies ist explizit ein von CDU/CSU getragenes und gefördertes Netz – etwa über Länderprojekte wie „HessenGegenHetze“ und über die Förderung einzelner Akteure.

Und während die Union rhetorisch gern gegen „linke NGOs“ austeilt, laufen Bundesprogramme weiter – inklusive Aufwuchs:

Deutschlandfunk

berichtet, dass Familienministerin Karin Prien (CDU) für 2026 zusätzliche Mittel für „Demokratie leben!“ vorsieht (insgesamt rund 200 Millionen). Das ist der Punkt: Die Union baut nicht gegen den Apparat an – sie hält ihn am Leben, erweitert und professionalisiert ihn, und gibt ihm neue Schnittstellen in Plattformen und Strafverfolgung.

„Strukturierter Dialog“ als Machttechnik

""Zeit, die EU abzuschaffen""

""Ihr seid eine totalitäre Institution und könnt nicht einmal das Wort Meinungsfreiheit buchstabieren""

Dass dieser Komplex schon läuft und seine Auswüchse zu bewundern sind, zeigen die praktischen Hebel: Druck über Plattformregeln, Deplatforming-Risiken, Sichtbarkeitssteuerung. Wenn Brüssel und Plattformen – flankiert von Zertifizierungen und Meldestrukturen – definieren, was vertrauenswürdig ist, entsteht eine faktische Vorzensur durch Systemdesign.

Parallel dazu zieht die EU unter der Ägide von CDU-„Zensursula“ die Schrauben bei politischer Kommunikation an. Die Verordnung (EU) 2024/900 über Transparenz und Targeting politischer Werbung ist seit 2024 in Kraft; sie gilt EU-weit verbindlich seit Oktober 2025. Dazu gehören weitreichende Transparenzpflichten und strikte Vorgaben für Targeting, also die Ansprache von Zielgruppen. Und: Es gibt ausdrücklich Regeln, die politische Werbung im Vorfeld von Wahlen verbieten. Alles so weich formuliert, dass darunter alles und nichts verstanden werden kann – im Grunde aber darauf abzielt, die Opposition zu identifizieren und stummzuschalten.

Der Kern ist derselbe: Politische Kommunikation wird nicht als Normalfall behandelt, sondern als Gefahrenquelle, die man vorsorglich einhegt. Und dann noch der European Media Freedom Act (EMFA). Auf dem Papier heißt das „Schutz der Medienfreiheit“. In der Praxis etabliert er eine neue Governance-Struktur, einschließlich eines europäischen Boards, und er sieht den „strukturierten Dialog“ zwischen Plattformen, Medienanbietern und „Zivilgesellschaft“ vor. Genau hier wird Günthers Wunschbild zur Brüsseler Routine: Schulterschluss aus Politik, Vorfeld und Regulierung, als Verfahren. Methode statt Ausnahme – es wird festgelegt, was noch erlaubt ist.

Kritische Medien verschwinden bereits immer weiter aus der Auffindbarkeit für den interessierten Leser.

Vollzug in Deutschland durch das CDU-Digitalministerium

Neuer Schlag gegen Presse- und Meinungsrechte

Razzia in der Redaktion: Wie die Bundesregierung das Politische aus dem Netz vertreiben will

Dazu passt das nächste Werkzeug: die nationale Durchsetzung der EU-Regeln für politische Werbung – federführend ausgerechnet im neugeschaffenen „Bundesministerium für Digitales und Staatsmodernisierung (BMDS)“. Das klingt modern und progressiv – und ist nichts anderes als ein Spitzelministerium, eine Schöpfung von Friedrich Merz. Der Entwurf zum Politische-Werbung-Transparenz-Gesetz (PWTG) ist als Durchführung zur EU-Verordnung 2024/900 angelegt; im Bundesratsdokument steht schwarz auf weiß, dass das Spitzel-BMDS federführend ist. In dieser Regierung führt das Ressort Dr. Karsten Wildberger. Der Inhalt des Entwurfs zeigt, wohin die Unions-Logik kippt, wenn sie Gesetzestext wird: Die Aufsichtsbehörden dürfen Geschäftsräume betreten; Durchsuchungen sind grundsätzlich richterlich anzuordnen – aber für die Medienkontrolleure sind künftig „bei Gefahr im Verzug“  Durchsuchungen ausdrücklich ohne richterliche Anordnung vorgesehen. Der Entwurf sagt es offen: Artikel 13 Grundgesetz wird insoweit eingeschränkt. Dazu kommen Beschlagnahmungen mit nachgelagerter gerichtlicher Bestätigung binnen drei Tagen.

Die Tageszeitung WELT kritisiert genau diese Eingriffstiefe und beschreibt, dass damit selbst Durchsuchungen bei Medien/Redaktionen bzw. Geschäftsräumen ohne Richtervorbehalt möglich werden können. Ein massiver totalitärer Druckhebel gegen politische Kommunikation.

Und das ist der größere Zusammenhang: Politische Werbung wird nicht nur „transparent“ gemacht. Sie wird in einen Compliance-Käfig gesperrt, beaufsichtigt durch Bundesnetzagentur-Strukturen und Datenschutzaufsicht, flankiert von Bußgeldern, Nachprüfungen, Durchsuchungen. Genau so sieht der Unions-Staat der „wehrhaften Demokratie“ aus: Erst erklärt man Kommunikation zur Gefahrenzone. Dann baut man das Regelwerk. Dann stellt man die Vollzugsinstrumente hin.

Gedanken als Krankheit, Kontrolle als Therapie

Werkzeugkasten des Totalitarismus

Ursula von der Leyens Impfplan gegen unerwünschte Meinungen und Gedanken

Und über allem schwebt die phrasenreiche und sich dabei selbstentlarvende rhetorische Legitimation. Ursula von der Leyen hat Desinformation bzw. alles, was sie selbst in ihrer immer kleiner werdenden Welt dazu erklärt, als zentrale Bedrohung definiert und den Digital Services Act ausdrücklich als Antwort auf „industrial-scale disinformation“ in Stellung gebracht.

Wer so spricht, hat den gedanklichen Schritt in den Totalitarismus schon vollzogen und will jetzt nur noch, dass ihm auch ein dichtes Regelwerk folgt: Meinungsvielfalt ist nicht mehr das Wesen der Demokratie, sondern ihr Problem.

„Stellen Sie sich Informationsmanipulation wie ein Virus vor. Anstatt eine Infektion zu behandeln, sobald sie sich festgesetzt hat – also das spätere Entlarven – ist es besser, zu impfen, sodass unser Körper vorab geschützt ist. Prebunking folgt demselben Ansatz. (…) Untersuchungen haben gezeigt, dass Prebunking erfolgreicher ist als Debunking. Kurz gesagt: Vorbeugung ist besser als Heilung.“ So spricht Ursula von der Leyen am 14. Mai 2024 beim Copenhagen Democracy Summit über das, was Bürger sagen, lesen und denken sollen.

Damit ist eine Grenze sehr weit überschritten, von der man nach den Totalitarismen des 20. Jahrhunderts geglaubt hatte, sie sei in Europa unüberschreitbar. Wer „Informationsmanipulation“ wie einen Krankheitserreger beschreibt und die Bevölkerung mit kognitiven „Impfungen“ gegen unerwünschte Inhalte „schützen“ will, verwechselt freie Bürger mit Patienten und abweichende Meinungen mit einem Infektionsherd. Das ist nicht nur sprachlich entgleist, es verrät eine zutiefst technokratische, am Ende autoritäre Sicht auf die Gesellschaft: Gedanken sind Gefahr, und eine erleuchtete Elite entscheidet, was als „Immunisierung“ gilt.

Auch die EU-Chatkontrolle gehört in diese Linie. Die Idee, private Kommunikation anlasslos zu scannen, wurde und wird deshalb diskutiert, weil der Staat gelernt hat, dass der kürzeste Weg zur Macht über die Öffentlichkeit über die Kontrolle der Infrastruktur führt: Chats, Plattformen, Zahlungswege, Sichtbarkeit. Und selbst dort, wo Deutschland zeitweise bremste, bleibt der Trend: Es soll technisch möglich sein, in private Räume hineinzuleuchten.

Kanzleramts-Entwurf: BND als Speicher- und Hackapparat

Digitalisierte DDR

BND soll in den Zensurapparat eingebunden werden

Jetzt kommt die nächste Stufe. Nicht mehr nur Plattformaufsicht. Nicht mehr nur Meldestellen und „Dialog“. Sondern gleich richtig – der Geheimdienst greift auf unerwünschte Informationen zu. Aus dem Bundeskanzleramt liegt – wie Tagesschau (NDR/WDR/SZ) berichtet – ein Entwurf zur Neuordnung der strategischen Internetüberwachung des BND vor. Danach soll der BND am Internetknoten DE-CIX in Frankfurt nicht nur wie bislang Metadaten, sondern auch Inhalte speichern und auswerten dürfen – bis zu einem halben Jahr. Und es geht nicht nur um Verkehr vom Ausland ins Ausland, sondern um Datenverkehr zwischen Deutschland und dem Ausland.

Das ist nicht „ein bisschen mehr Befugnis“. Das ist ein Paradigmenwechsel. Der Entwurf beschreibt ein zweistufiges Verfahren: erst Erhebung und Speicherung, dann „Einsichtnahme“ in Inhalte von E-Mails und Chats.

Die Regierung verkauft das als „Anpassung an Partnerdienste“ und als Weg, unabhängiger von US-Geheimdiensten zu werden. Im Klartext bedeutet es: Deutschland will die NSA-Snowden-Ära nicht politisch verarbeiten, sondern technisch nachbauen. Der Skandal wird nicht beendet, er wird verstaatlicht. Und zwar mit deutscher Präzision und Gründlichkeit: sauber geregelt, juristisch poliert, politisch beschönigt.

Gleichermaßen brisant ist die „Lizenz zum Hacken“. Laut Entwurf soll der BND ausländische Provider und Plattformen, die nicht kooperieren, künftig legal hacken dürfen – ausdrücklich auch in Deutschland. Genannt werden Systeme von Google, Meta oder X. Nein, das ist nicht mehr Abwehr, das ist Einbruch als Standardoption. Noch jeder Eingriff, der nur mal hier und da erfolgen sollte, wie der zu den Kontenabfragen, stellt sich im Nachhinein immer wieder raus, wie massiv ein Einfallsnadelöhr zum breit offenen Tor umfunktioniert wird.

Der gekränkte, nachtragende Merz

Der Kanzler der zweiten Wahl - wie Friedrich Merz mit Deutschland abrechnet

Dazu kommt die geplante Aufweichung des besonderen Schutzes für Journalisten. „Staatsmedien autoritärer Staaten“ sollen nicht mehr absolut geschützt sein, heißt es. Wer definiert, was „autoritäre Staaten“ sind, welche Medien „Staatsmedien“ sind, und wann daraus ein Anlass wird? Genau: die Exekutive, flankiert von Gremien, wie Ethiketiketten und nachgelagerten Kontrollen, die man selbst bestimmt. Der Schutz wird nicht abgeschafft, er wird konditioniert. Und was konditioniert ist, ist politisch verfügbar.

Das passt zu Merz’ Stil, der nach außen Freiheit inszeniert und nach innen die Instrumente schärft. Die völlig ausgeuferten Strafanträge von Merz gegen kritische Bürger zeigen, wie aggressiv die Union längst auf juristische Einschüchterung setzt – bis hin zu Hausdurchsuchungen in Folge einzelner Online-Äußerungen.

Das ist die gleiche Logik wie beim Plattformdruck: erst moralische Empörung, dann staatliche Härte, dann die Botschaft an alle anderen, lieber still zu sein.

Und jetzt bringt die Union beides zusammen: Öffentlichkeitskontrolle über DSA-Strukturen und Meldestellen. Dazu Kommunikationskontrolle über politische Werberegeln. Mediensteuerung über EMFA-Governance. Privatheitsdurchdringung über Chatkontrolle. Und als Klammer darüber ein BND, der speichern, auswerten und hacken soll. Das ist kein Flickenteppich. Das ist ein System, das ineinandergreift.

CDU-Günther hat nur ausgesprochen, welcher Geist in der Union herrscht

Wer sich nach Daniel Günthers Entblößung immer noch einreden will, seine verfassungsfeindlichen Aussagen seien nur „ein Ausreißer“, verweigert sich der Realität. Günther ist der Lautsprecher. Merz ist die Gesetzesmaschine. Von der Leyen liefert die Brüsseler Ideologie und den regulatorischen Überbau.

Die Union steht nicht daneben. Sie steht mittendrin und treibt das Ganze voran.

Die CDU hat Günthers Aussagen nicht widersprochen. Wie auch? So denkt und handelt es aus der Union heraus. Sie wird Günther deswegen auch nicht zurückpfeifen, da kommt nichts. Weil er aus der Sicht des Gros der Unionsleute auch gar nichts Falsches gesagt hat, vielmehr das Richtige im vielleicht noch ungünstigeren Moment. Das war’s dann aber auch.

Auch Meinungsforschungsinstitute sollten sich schon einmal warm anziehen. Wenn die Umfragen für die Union eine Schwelle von 21 bis 22 Prozent erreichen, könnte deren Tun, das einfache Abfragen der momentanen Wählerpräferenzen, vermutlich auch noch unter die Unionsche „Feinde der Demokratie“-Argumentationskette fallen. Frei nach Günther: Da stimmt ja nichts dran, was die fragen. Die Fragen muss man kontrollieren oder zur Not verbieten.

Das Unions-Programm heißt absolute Kontrolle. Die Methode heißt absolute Einschüchterung. Das Ziel heißt absolute Ruhe. Und wer noch glaubt, das richte sich nur gegen „die anderen“, hat das Anlegen des eigenen Maulkorbs schon unterschrieben."
Eine Großschadenslage namens Berlin,2026-01-10,https://www.tichyseinblick.de/kolumnen/herles-faellt-auf/eine-grossschadenslage-namens-berlin/,Wolfgang Herles,"Ein linksextremer Anschlag legt Berlins Südwesten lahm, Menschen sitzen im Kalten – der Regierende spielt Tennis, der Senat verschläft Hilfe, der Bund schaut weg. Berlin ist Dauer-Großschadenslage eines Staates, der seine Bürger aufgegeben hat.","Über Konsequenzen aus dem Terroranschlag gegen 100 000 Einwohner Berlins mit mindestens einem Todesopfer sollten wir nicht reden. Der Regierende Bürgermeister (CDU) wird sich weiter auf dem Tennisplatz den Kopf frei halten und von den Mühen des Home Office entspannen, aber niemals zurücktreten oder sich auch nur entschuldigen. Offenbar fehlt es ihm an Anstand ebenso wie an Verstand. Er wird womöglich zurück getreten werden nach den Wahlen im Herbst. Danach herrscht wieder Links-Grün im Roten Rathaus, und Berlin bliebe, was es ist: eine permanente Großschadenslage.

I.

Man kann hinschauen, wohin man will, wo Berlin ist, klappt nichts. Weder werden störanfällige Infrastrukturnetze hinreichend geschützt, (ein Viertel davon, so der entwaffnend blanke Regierende Bürgermeister, ist bisher nicht einmal videoüberwacht), geschweige denn durch notwendige Redundanzen krisenfest gemacht. Es ist seit langem bekannt. Allgemein bekannt gemacht werden auch die neuralgischen Punkte, denn Transparenz zählt mehr als Sicherheit (nicht nur an der Spree). Es fehlt überall an Vorsorge. Aber in Berlin wird Inkompetenz mit Leichtlebigkeit verwechselt, nach dem Leitspruch, mit dem man sich brüstet: Ist ja egal.

II.

Wer Berlin kennt, weiß, dass es sich nicht um eine große Kommune handelt, sondern um ein Kiezkonglomerat. Der eine weiß nicht, was der andere wollen soll. Die zuständigen Ämter und Stellen sind oftmals mit ahnungslosen Parteigängern besetzt. Eine schon in normalen Zeiten überforderte Verwaltung wird im Notfall zur zusätzlichen Falle. Deshalb kam Hilfe aus anderen Bundesländern und von Bundesbehörden (Bundespolizei, Bundesamt für Bevölkerungsschutz und Katastrophenhilfe) erst einen Tag später als notwendig. Der Senat hatte schlicht versäumt, formal darum zu ersuchen.

III.

Zur Vorsorge gehört auch Gefahrenabwehr. Vor linksgrünem Klimaterrorismus wird seit Jahren gewarnt. Nur die dafür zuständigen Behörden taten das als „rechts“ ab. Sie waren ganz auf Rechtsextremismus fixiert. Man stelle sich vor, Neonazis hätten die Katastrophe verursacht? Die Lichterkette wäre noch vom Weltraum aus zu sehen. Noch ist kein Täter gefasst. Warum wohl? Als vor einem halben Jahrhundert die RAF die Bundesrepublik in Schrecken versetzte, hingen überall Steckbriefe. Das Bundesamt für Verfassungsschutz kam seinen Aufgaben nach, statt arglose Bürger zu verfolgen, von denen sich unfähige Politiker beleidigt fühlen. Und Bundeskanzler (Helmut Schmidt, SPD) wusste noch, was Staatsräson bedeutet. Heute delegitimiert sich der Staat selbst.

IV.

Die Gerichte (wie auch die meisten Massenmedien) behandelten Gewalttaten der Klimakleber mit Verständnis. Und das täten sie wohl auch jetzt beim Kabelbrand, wäre der Winter klimakatastrophengemäß ausgeblieben. Ist er aber nicht. Ausgerechnet bei klirrender Kälte blieben die besten Viertel Berlins ungeheizt und ohne Licht. Klammheimliche Schadenfreude ist schwer zu zügeln, wenn man weiß, mit wieviel Sympathie (oder auch nur Lethargie) die in Berlin gesellschaftsfähige Ideologie hingenommen wird. Ist ja egal. Ist das noch Toleranz oder schon wohlstandsverwöhnte Dekadenz? Dann ziehen die Villenbewohner eben eben für ein paar Tage ins Hotel, das sich die anderen nicht leisten können. Die Stadt Berlin bringt für viele Millionen Asylbewerber in Hotels unter. Und um den Schutz der Bevölkerung zu verbessern, werden mit Milliarden aus dem Sonderschuldentopf („Sondervermögen“) des Bundes hunderttausend neue Bäume gepflanzt. Wegen der Klimakatastrophe!

V.

Dem derzeitigen Bundeskanzler ist die eigene Hauptstadt vermutlich peinlich. Er will mit ihr nicht identifiziert werden. Bloß nicht das auch noch! Abgesehen davon, dass sein Koalitionspartner fest in der Antifa-Tradition steht und Linksterrorismus verharmlost. Und der Herr Klingbeil ist so sensibel! Merz hat dafür keinen Nerv, verteidigt Deutschland lieber in der Arktis (Greenland statt Grunewald). Auch der Winter in den von Putin kalt gebombten ukrainischen Wohnvierteln besorgen ihn mehr. Das Problem dabei ist nur: Die Bürger nehmen den Staat vor allem dort wahr, wo er sie direkt betrifft, wo Schulen marode, Schwimmbäder geschlossen sind, der Verkehr nicht gut funktioniert – oder gar nichts mehr geht. Wenn der Staat die Grundbedürfnisse nicht decken kann, schwindet das Grundvertrauen in die Regierenden – und am Ende auch in die Demokratie. Das sollte einem Kanzler nicht egal sein."
Wenn selbst der Papst die Meinungsfreiheit einfordern muss,2026-01-10,https://www.tichyseinblick.de/daili-es-sentials/papst-meinungsfreiheit-einfordert/,Richard Schmitt,Bisher galt die Katholische Kirche ja nicht immer als Hüter der Meinungsfreiheit - Papst Leo XIV. beobachtet aber offenbar ganz genau gewisse Entwicklungen in europäischen Nationen. In seiner ersten Neujahrsansprache vor dem beim Heiligen Stuhl akkreditierten diplomatischen Korps hat Papst Leo XIV. eine eindringliche Mahnung zur Verteidigung der Meinungs- und Gewissensfreiheit ausgesprochen.,"Vor Vertretern aus mehr als 180 Staaten kritisierte das Oberhaupt der katholischen Kirche eine Entwicklung, die er als besonders besorgniserregend bezeichnete: die zunehmende Einschränkung freier Meinungsäußerung gerade in jenen westlichen Gesellschaften, die sich selbst als Hüter von Demokratie, Pluralismus und Menschenrechten verstehen.

Schon der Beginn der Rede sorgte für Aufmerksamkeit, als Papst Leo XIV. mit leichter Verspätung die Benediktions-Aula im Vatikan betrat, war die Erwartungshaltung groß: Der erste Papst aus den Vereinigten Staaten steht seit seinem Amtsantritt unter besonderer Beobachtung, nicht zuletzt wegen der politischen Spannungen und Umbrüche in seinem Heimatland. In seiner Ansprache, die er in amerikanischem Englisch hielt, setzte Leo XIV. klare Akzente, die weit über eine routinemäßige diplomatische Neujahrsbotschaft hinausgingen.

Im Zentrum seiner Rede stand eine grundsätzliche Kritik an globalen Entwicklungen, die aus Sicht des Papstes den gesellschaftlichen Zusammenhalt gefährden. Besonders deutlich wurde er beim Thema Meinungsfreiheit. Er sprach von einer bedenklichen Verengung des öffentlichen Diskurses und warnte vor neuen sprachlichen und moralischen Normen, die vorgäben, inklusiv zu sein, tatsächlich aber abweichende Meinungen ausgrenzten.

„Ausschluss jener, die sich bestimmten Ideologien nicht unterwerfen wollen“

Es sei „bedauerlich festzustellen“, so der Papst, dass gerade im Westen der Raum für echte Meinungsfreiheit schrumpfe, während sich eine Sprache verbreite, die in ihrem moralischen Anspruch jene ausschließe, die sich bestimmten Ideologien nicht unterwerfen wollten. Diese Entwicklung betreffe zunehmend auch die Gewissensfreiheit, die selbst von Staaten infrage gestellt werde, die sich ausdrücklich auf Demokratie und Menschenrechte beriefen.

Mit dieser Kritik traf Leo XIV. einen Nerv: Seine Worte wurden von vielen Diplomaten als Warnung verstanden, dass freiheitliche Gesellschaften Gefahr laufen könnten, ihre eigenen Grundwerte auszuhöhlen. Beobachter sahen Parallelen zu jüngsten Debatten über Cancel Culture, politische Korrektheit und staatliche Regulierung von Sprache, auch wenn der Papst diese Begriffe nicht explizit nannte.

„Krieg ist wieder in Mode gekommen“

Daneben widmete sich Leo XIV. weiteren internationalen Konfliktlinien. Er beklagte eine zunehmende Schwächung multilateraler Institutionen und eine Rückkehr zu machtpolitischem Denken. „Krieg ist wieder in Mode gekommen“, sagte er und kritisierte eine Diplomatie, die den Dialog durch das Recht des Stärkeren ersetze. Diese Passage wurde vielfach als indirekte Kritik an aktuellen außenpolitischen Strategien großer Staaten gelesen. Zugleich rief der Papst zu mehr Solidarität mit Migranten auf und mahnte, Menschen auf der Flucht nicht auf Zahlen und politische Risiken zu reduzieren.

Auch zu Lateinamerika äußerte sich das Kirchenoberhaupt klar. Mit Blick auf Venezuela forderte er, den Willen des Volkes zu respektieren und die Menschen- und Bürgerrechte aller zu schützen. Eine direkte Benennung internationaler Interventionen vermied er, doch seine Worte ließen wenig Interpretationsspielraum.

In gesellschaftspolitischen Fragen zeigte sich Leo XIV. in dieser Rede betont konservativ. Er verurteilte staatliche Programme zur Förderung von Abtreibungen ebenso scharf wie Bestrebungen zur Legalisierung von Euthanasie. Auch gesellschaftliche Modelle, die seiner Ansicht nach die traditionelle Ehe infrage stellten, kritisierte er offen. Diese Positionen fanden bei einigen Diplomaten Zustimmung, bei anderen sorgten sie für Zurückhaltung.

Besondere Aufmerksamkeit erregte jedoch die Tatsache, dass der Papst seine Kritik an der Einschränkung von Meinungsfreiheit nicht auf autoritäre Staaten beschränkte, sondern ausdrücklich westliche Demokratien in den Blick nahm. Damit positionierte er sich als Mahner gegen eine Entwicklung, die er als schleichend, aber gefährlich beschrieb. Dass diese Rede als schriftliches Dokument an alle Regierungen übermittelt wird, unterstreicht ihre politische Bedeutung. In vielen Hauptstädten dürfte sie jetzt – hoffentlich – ganz genau analysiert werden.

Papst Leo XIV., der Amerikaner

Papst Leo XIV. (70) wurde als erster US-Amerikaner zum Oberhaupt der katholischen Kirche gewählt. Vor seiner Wahl war er viele Jahre als Kardinal in den Vereinigten Staaten tätig und galt als Brückenbauer zwischen unterschiedlichen kirchlichen und politischen Lagern. Sein Pontifikat, das nun seit rund acht Monaten dauert, ist geprägt von dem Versuch, traditionelle kirchliche Positionen mit einer klaren Sprache zu globalen politischen und ethischen Fragen zu verbinden. Die Neujahrsansprache vor dem diplomatischen Korps gilt bereits jetzt als eine der programmatischsten Reden seiner bisherigen Amtszeit – und als deutliche Erinnerung daran, dass Meinungsfreiheit für ihn ein unverzichtbares Fundament jeder freien Gesellschaft bleibt."
Das gefährliche Spiel der EU mit der Landwirtschaft – TE-Wecker am 10. Januar 2026,2026-01-10,https://www.tichyseinblick.de/podcast/te-wecker-am-10-januar-2026/,Holger Douglas,"Der TE-Wecker erscheint montags bis freitags – und bietet Ihnen einen gut informierten Start in den Tag. Ideal für den Frühstückstisch – wir freuen uns, wenn Sie regelmäßig einschalten. An Wochenenden und Feiertagen erscheint der Wecker mit einer Schwerpunktsendung.","Ich bin damit einverstanden, dass mir Inhalte von Soundcloud angezeigt werden.

Abonnieren ▼

iTunes

Amazon

Spotify

Mercosur steht nach 25 Jahren kurz vor dem Durchbruch – doch Europas Bauern reagieren mit Entsetzen. Warum es nicht um Freihandel geht, sondern um einen unfairen Wettbewerb, zerstörte Versorgungssicherheit und ein EU-System, das Landwirtschaft unmöglich macht.

Mercosur ist nicht das Problem. Das Problem ist eine EU, die ihre Bauern mit Auflagen, Abgaben und Bürokratie erdrückt – und dann Milliarden als Trostpflaster verteilt.

Ein Gespräch mit Landwirt Anthony Lee: Wer Bauern vertreibt, macht Länder abhängig."
