term,regex_pattern,category,sub_type,notes,total_hits,doc_count,pct_docs,alt_doc_total,main_doc_total,alt_skew,docs_Antispiegel,docs_Compact,docs_Nius,docs_RT_de,docs_Tichys_Einblick,docs_Deutschlandkurier,docs_Tagesschau,hits_Antispiegel,hits_Compact,hits_Nius,hits_RT_de,hits_Tichys_Einblick,hits_Deutschlandkurier,hits_Tagesschau
Mainstreammedien,\bMainstreammedien\b|\bMainstream[- ]Medien\b,critical_label,delegitimising,,252,209,1.0,198,11,18.0,32,47,11,41,35,43,0,44,55,17,45,40,51,0
Staatsmedien,\bStaatsmedien\b,critical_label,delegitimising,,97,86,0.4,47,39,1.21,1,3,1,24,19,0,38,1,3,1,26,21,0,45
Staatsfunk,\bStaatsfunk\b,critical_label,delegitimising,,42,38,0.2,35,3,11.67,0,3,3,1,21,10,0,0,3,3,1,24,11,0
Qualitätsmedien,\bQualitätsmedien\b,critical_label,ironic,Scare-quoted 'quality media' – ironically derogatory in alt media,32,26,0.1,22,4,5.5,5,1,4,3,13,0,0,6,1,4,4,17,0,0
Staatssender,\bStaatssender\w*\b,critical_label,delegitimising,,31,27,0.1,22,5,4.4,5,0,1,8,9,0,4,6,0,1,8,12,0,4
Lügenpresse,\bLügenpresse\b,critical_label,delegitimising,Most iconic delegitimising term,20,19,0.1,16,3,5.33,0,14,3,0,2,0,0,0,15,3,0,2,0,0
Haltungsjournalisten,\bHaltungsjournalist\w*\b,critical_label,delegitimising,,20,11,0.1,2,9,0.22,0,0,9,0,2,0,0,0,0,18,0,2,0,0
Gleichschaltung,\bGleichschaltung\b,critical_label,delegitimising,Nazi-era term reappropriated for media criticism,19,17,0.1,15,2,7.5,0,1,2,4,10,0,0,0,1,3,4,11,0,0
Mainstreampresse,\bMainstreampresse\b,critical_label,delegitimising,,17,16,0.1,16,0,16.0,0,14,0,2,0,0,0,0,15,0,2,0,0,0
Altmedien,\bAltmedien\b,critical_label,delegitimising,Old media – derogatory; mirror of 'Alternativmedien',16,13,0.1,13,0,13.0,0,0,0,0,13,0,0,0,0,0,0,16,0,0
Systemmedien,\bSystemmedien\b,critical_label,delegitimising,,13,12,0.1,11,1,11.0,0,2,1,5,3,1,0,0,2,1,5,3,2,0
Qualitätsjournalismus,\bQualitätsjournalismus\w*\b,critical_label,ironic,,13,13,0.1,10,3,3.33,3,0,2,2,4,1,1,3,0,2,2,4,1,1
Alternativmedien,\bAlternativmedien\b,critical_label,self-label,Alternative media – self-designation in alt sphere,13,10,0.0,8,2,4.0,0,8,1,0,0,0,1,0,10,2,0,0,0,1
Gesternmedien,\bGesternmedien\b,critical_label,delegitimising,Yesterday's media – very alt-media specific,11,7,0.0,7,0,7.0,0,0,0,0,7,0,0,0,0,0,0,11,0,0
Haltungsmedien,\bHaltungsmedien\b,critical_label,delegitimising,,10,8,0.0,4,4,1.0,0,0,4,0,4,0,0,0,0,5,0,5,0,0
Westmedien,\bWestmedien\b,critical_label,delegitimising,Western media – used by RT_de and pro-Russia outlets,10,10,0.0,10,0,10.0,0,0,0,7,3,0,0,0,0,0,7,3,0,0
Regierungsmedien,\bRegierungsmedien\b,critical_label,delegitimising,,7,7,0.0,7,0,7.0,0,1,0,0,6,0,0,0,1,0,0,6,0,0
Einheitsmeinung,\bEinheitsmeinung\b,critical_label,delegitimising,,7,5,0.0,4,1,4.0,0,2,1,0,2,0,0,0,2,2,0,3,0,0
Linkspresse,\bLinkspresse\b,critical_label,delegitimising,Left-wing press – right-wing framing,7,4,0.0,4,0,4.0,0,1,0,0,3,0,0,0,2,0,0,5,0,0
Qualitätspresse,\bQualitätspresse\b,critical_label,ironic,,7,7,0.0,7,0,7.0,0,0,0,1,6,0,0,0,0,0,1,6,0,0
Haltungsjournalismus,\bHaltungsjournalismus\w*\b,critical_label,delegitimising,,6,6,0.0,3,3,1.0,0,0,3,0,2,1,0,0,0,3,0,2,1,0
Propagandamedien,\bPropagandamedien\b,critical_label,delegitimising,,5,5,0.0,2,3,0.67,0,1,2,1,0,0,1,0,1,2,1,0,0,1
Propagandasender,\bPropagandasender\b,critical_label,delegitimising,,5,4,0.0,1,3,0.33,0,0,1,1,0,0,2,0,0,2,1,0,0,2
Betreuungsmedien,\bBetreuungsmedien\b,critical_label,delegitimising,Caretaker/nannying media,5,4,0.0,0,4,0.0,0,0,4,0,0,0,0,0,0,5,0,0,0,0
Propagandamaschine,\bPropagandamaschine\b,critical_label,delegitimising,,4,4,0.0,4,0,4.0,0,0,0,1,3,0,0,0,0,0,1,3,0,0
Medienpropaganda,\bMedienpropaganda\b,critical_label,delegitimising,,4,4,0.0,4,0,4.0,0,0,0,2,1,1,0,0,0,0,2,1,1,0
Hofberichterstattung,\bHofberichterstattung\b,critical_label,delegitimising,Court journalism / sycophantic coverage,4,4,0.0,3,1,3.0,0,0,1,0,3,0,0,0,0,1,0,3,0,0
Jubelmedien,\bJubelmedien\b,critical_label,delegitimising,Cheerleader media,3,3,0.0,3,0,3.0,0,0,0,0,3,0,0,0,0,0,0,3,0,0
Erziehungsmedien,\bErziehungsmedien\b,critical_label,delegitimising,Instructional media – paternalistic framing,3,3,0.0,0,3,0.0,0,0,3,0,0,0,0,0,0,3,0,0,0,0
Staatsrundfunk,\bStaatsrundfunk\b,critical_label,delegitimising,,2,2,0.0,1,1,1.0,0,0,1,0,1,0,0,0,0,1,0,1,0,0
Konzernmedien,\bKonzernmedien\b,critical_label,delegitimising,,2,1,0.0,1,0,1.0,1,0,0,0,0,0,0,2,0,0,0,0,0,0
Systempresse,\bSystempresse\b,critical_label,delegitimising,,1,1,0.0,1,0,1.0,0,0,0,0,1,0,0,0,0,0,0,1,0,0
Systemjournalisten,\bSystemjournalist\w*\b,critical_label,delegitimising,,1,1,0.0,1,0,1.0,0,0,0,0,0,1,0,0,0,0,0,0,1,0
Einheitsmedien,\bEinheitsmedien\b,critical_label,delegitimising,,1,1,0.0,1,0,1.0,0,0,0,0,1,0,0,0,0,0,0,1,0,0
Lückenpresse,\bLückenpresse\b,critical_label,delegitimising,,1,1,0.0,1,0,1.0,1,0,0,0,0,0,0,1,0,0,0,0,0,0
Systemjournalismus,\bSystemjournalismus\b,critical_label,delegitimising,,0,0,0.0,0,0,0.0,0,0,0,0,0,0,0,0,0,0,0,0,0,0
Regierungssender,\bRegierungssender\b,critical_label,delegitimising,,0,0,0.0,0,0,0.0,0,0,0,0,0,0,0,0,0,0,0,0,0,0
Konzernpresse,\bKonzernpresse\b,critical_label,delegitimising,,0,0,0.0,0,0,0.0,0,0,0,0,0,0,0,0,0,0,0,0,0,0
Einheitspresse,\bEinheitspresse\b,critical_label,delegitimising,,0,0,0.0,0,0,0.0,0,0,0,0,0,0,0,0,0,0,0,0,0,0
Kartellmedien,\bKartellmedien\b,critical_label,delegitimising,,0,0,0.0,0,0,0.0,0,0,0,0,0,0,0,0,0,0,0,0,0,0
Kartellpresse,\bKartellpresse\b,critical_label,delegitimising,,0,0,0.0,0,0,0.0,0,0,0,0,0,0,0,0,0,0,0,0,0,0
Gesinnungsjournalismus,\bGesinnungsjournalismus\b,critical_label,delegitimising,,0,0,0.0,0,0,0.0,0,0,0,0,0,0,0,0,0,0,0,0,0,0
Desinformation,\bDesinformation\w*\b,factcheck,concept,,542,339,1.7,214,125,1.71,30,12,62,83,76,13,63,62,12,105,142,125,18,78
Correctiv,\bCorrectiv\b|\bcorrectiv\b,factcheck,outlet,"German fact-checking org, very politically charged",295,90,0.4,60,30,2.0,1,3,24,16,32,8,6,1,4,75,71,119,14,11
Fake News,\bFake[- ]?News\b,factcheck,concept,,231,165,0.8,110,55,2.0,8,13,45,33,48,8,10,10,16,75,44,62,11,13
Faktencheck,\bFaktencheck\w*\b|\bFact[- ]?Check\w*\b,factcheck,label,,177,98,0.5,57,41,1.39,4,4,23,16,31,2,18,8,10,42,39,45,6,27
Faktenchecker,\bFaktenchecker\b,factcheck,label,,64,45,0.2,31,14,2.21,2,3,9,7,17,2,5,3,3,17,13,20,3,5
Falschnachrichten,\bFalschnachrichten\b,factcheck,concept,,11,10,0.0,3,7,0.43,0,0,1,1,2,0,6,0,0,1,1,3,0,6
Faktenbüro,\bFaktenbüro\b,factcheck,outlet,,0,0,0.0,0,0,0.0,0,0,0,0,0,0,0,0,0,0,0,0,0,0
Medien,\b\w*[Mm]edien\w*\b,generic_media,generic,"Umbrella term; also compound e.g. Leitmedien, Sozialmedien",11112,5328,26.1,3398,1930,1.76,368,282,703,1496,999,253,1227,1245,494,1667,2633,2531,404,2138
Journalisten,\bJournalist\w*\b,generic_media,professional,,4219,2308,11.3,1477,831,1.78,161,110,364,682,441,83,467,358,174,783,1077,804,135,888
Presse,\b\w*[Pp]resse\w*\b,generic_media,generic,"Umbrella term; also Pressefreiheit, Pressesprecher, etc.",3854,2582,12.6,1624,958,1.7,150,160,409,803,397,114,549,260,231,661,1094,636,170,802
Interview,\bInterview\w*\b,generic_media,format,,3268,2237,10.9,1353,884,1.53,123,138,343,568,368,156,541,259,217,533,800,559,175,725
Sender,\b\w*[Ss]ender\w*\b,generic_media,generic,Broadcast channel,3137,2028,9.9,1021,1007,1.01,79,59,226,561,276,46,781,119,66,410,761,440,61,1280
Sendung,\bSendung\w*\b,generic_media,format,Broadcast program,1341,867,4.2,365,502,0.73,31,51,262,91,167,25,240,39,72,384,142,345,38,321
Medienbericht,\bMedienbericht\w*\b,generic_media,generic,,1068,894,4.4,475,419,1.13,38,16,54,299,39,83,365,49,17,72,326,41,87,476
Pressekonferenz,\bPressekonferenz\w*\b,generic_media,format,,1052,805,3.9,426,379,1.12,51,37,101,258,61,19,278,69,49,136,312,89,22,375
Redaktion,\bRedaktion\w*\b,generic_media,professional,Editorial office,963,677,3.3,418,259,1.61,30,30,125,180,152,26,134,54,37,208,285,186,29,164
Medienberichte,\bMedienberichte\w*\b,generic_media,generic,,887,756,3.7,399,357,1.12,37,16,43,238,37,71,314,47,17,53,259,38,75,398
Moderator,\bModerator\w*\b,generic_media,professional,TV/radio presenter,861,618,3.0,254,364,0.7,30,30,316,69,111,14,48,41,34,430,102,162,16,76
Berichterstattung,\bBerichterstattung\w*\b,generic_media,generic,Coverage / reporting,679,484,2.4,294,190,1.55,26,27,127,108,124,9,63,34,34,223,137,152,14,85
Korrespondent,\bKorrespondent\w*\b,generic_media,professional,,671,386,1.9,230,156,1.47,92,10,29,42,67,19,127,147,12,55,62,131,22,242
Chefredakteur,\bChefredakteur\w*\b,generic_media,professional,,612,453,2.2,281,172,1.63,15,55,140,88,70,53,32,25,60,194,127,88,78,40
Fernsehsender,\bFernsehsender\w*\b,generic_media,generic,,342,314,1.5,185,129,1.43,33,3,10,132,16,1,119,39,3,11,141,18,1,129
Talkshow,\bTalkshow\w*\b,generic_media,format,,258,192,0.9,115,77,1.49,5,14,59,23,69,4,18,6,15,80,31,100,4,22
Kommentator,\bKommentator\w*\b,generic_media,professional,,249,205,1.0,136,69,1.97,17,20,46,50,42,7,23,20,23,64,61,49,7,25
Nachrichtenportal,\bNachrichtenportal\w*\b,generic_media,generic,,224,214,1.0,128,86,1.49,8,6,23,91,16,7,63,8,6,24,95,16,8,67
Staatsfernsehen,\bStaatsfernsehen\w*\b,generic_media,label,Neutral-to-critical label for state TV,180,136,0.7,73,63,1.16,3,3,5,10,53,4,58,4,3,5,10,81,4,73
Tageszeitung,\bTageszeitung\w*\b,generic_media,generic,,174,157,0.8,104,53,1.96,5,17,16,46,30,6,37,5,19,17,47,36,6,44
Radiosender,\bRadiosender\w*\b,generic_media,generic,,84,74,0.4,35,39,0.9,4,1,3,23,7,0,36,5,1,4,27,7,0,40
Nachrichtensender,\bNachrichtensender\w*\b,generic_media,generic,,81,74,0.4,28,46,0.61,2,2,3,19,3,2,43,2,2,4,21,4,2,46
Leitmedien,\bLeitmedien\b,generic_media,label,Leading/reference media – used both neutrally and critically,79,68,0.3,60,8,7.5,0,4,8,37,19,0,0,0,4,14,42,19,0,0
Wochenzeitung,\bWochenzeitung\w*\b,generic_media,generic,,58,54,0.3,25,29,0.86,1,4,11,5,13,2,18,1,4,12,6,13,2,20
Leitartikel,\bLeitartikel\b,generic_media,format,Editorial/op-ed,34,27,0.1,19,8,2.38,7,3,4,3,6,0,4,10,3,4,4,7,0,6
Massenmedien,\bMassenmedien\b,generic_media,generic,,32,27,0.1,24,3,8.0,1,4,1,10,9,0,2,1,5,1,12,9,0,4
Bundespressekonferenz,\bBundespressekonferenz\b,generic_media,institution,Federal press conference,26,24,0.1,15,9,1.67,0,1,8,10,3,1,1,0,1,9,10,4,1,1
Hauptstadtjournalisten,\bHauptstadtjournalist\w*\b,generic_media,professional,,21,18,0.1,9,9,1.0,0,1,9,4,4,0,0,0,1,12,4,4,0,0
Onlinemedien,\bOnline[- ]?[Mm]edien\b,generic_media,generic,,18,17,0.1,8,9,0.89,1,0,3,4,3,0,6,1,0,3,5,3,0,6
Printmedien,\bPrintmedien\b,generic_media,generic,,11,11,0.1,5,6,0.83,0,0,4,3,2,0,2,0,0,4,3,2,0,2
Hauptstadtmedien,\bHauptstadtmedien\b,generic_media,generic,Berlin media bubble – used mostly in alt media,6,5,0.0,0,5,0.0,0,0,5,0,0,0,0,0,0,6,0,0,0,0
Hauptstadtpresse,\bHauptstadtpresse\b,generic_media,generic,,5,5,0.0,4,1,4.0,0,0,1,3,1,0,0,0,0,1,3,1,0,0
Auslandspresse,\bAuslandspresse\b,generic_media,generic,,4,2,0.0,0,2,0.0,0,0,0,0,0,0,2,0,0,0,0,0,0,4
Fachmedien,\bFachmedien\b,generic_media,generic,Trade / specialist media,3,3,0.0,3,0,3.0,0,0,0,1,2,0,0,0,0,0,1,2,0,0
Auslandsmedien,\bAuslandsmedien\b,generic_media,generic,Foreign media,3,2,0.0,2,0,2.0,1,0,0,1,0,0,0,1,0,0,2,0,0,0
Bundesnachrichtendienst,\bBundesnachrichtendienst\w*\b,institution,intelligence,"BND – intelligence, not media, but appears in media-adjacent discourse",61,48,0.2,27,21,1.29,0,4,5,13,8,2,16,0,4,5,16,11,2,23
Landesmedienanstalten,\bLandesmedienanstalt\w*\b,institution,regulatory,State media authority,41,10,0.0,5,5,1.0,0,0,3,2,3,0,2,0,0,11,2,26,0,2
Auslandsnachrichtendienst,\bAuslandsnachrichtendienst\w*\b,institution,intelligence,,22,16,0.1,10,6,1.67,0,0,0,10,0,0,6,0,0,0,11,0,0,11
Investigativjournalist,\bInvestigativjournalist\w*\b,investigative,professional,,48,43,0.2,31,12,2.58,0,20,2,6,4,1,10,0,24,2,6,4,1,11
Fotojournalist,\bFotojournalist\w*\b,investigative,professional,,12,10,0.0,4,6,0.67,0,0,3,3,1,0,3,0,0,4,3,2,0,3
Datenjournalisten,\bDatenjournalist\w*\b,investigative,professional,,5,5,0.0,1,4,0.25,0,0,0,0,1,0,4,0,0,0,0,1,0,4
Enthüllungsjournalist,\bEnthüllungsjournalist\w*\b,investigative,professional,,4,3,0.0,3,0,3.0,0,1,0,0,0,2,0,0,1,0,0,0,3,0
Reuters,\bReuters\b,news_agency,outlet,,886,630,3.1,337,293,1.15,31,8,27,269,23,6,266,43,11,40,426,23,10,333
dpa,\bdpa\b,news_agency,outlet,,511,432,2.1,105,327,0.32,1,13,33,41,24,26,294,1,14,42,47,31,28,348
AFP,\bAFP\b,news_agency,outlet,,276,231,1.1,34,197,0.17,1,0,3,23,3,7,194,1,0,3,26,3,7,236
AP,\bAssociated\s+Press\b|\bAP\b(?!\w),news_agency,outlet,,225,164,0.8,56,108,0.52,1,4,10,45,5,1,98,1,4,11,74,5,1,129
Meinungsfreiheit,\bMeinungsfreiheit\b,normative,concept,,1499,723,3.5,486,237,2.05,20,59,171,118,192,97,66,68,80,381,203,429,226,112
Zensur,\bZensur\w*\b,normative,concept,,1115,511,2.5,401,110,3.65,26,39,73,90,210,36,37,53,50,231,161,483,78,59
Propaganda,\bPropaganda\b,normative,concept,,1096,751,3.7,555,196,2.83,87,46,115,247,144,31,81,148,55,193,356,193,34,117
Narrativ,\bNarrativ\w*\b,normative,concept,,735,532,2.6,374,158,2.37,43,33,97,138,148,12,61,72,38,151,184,198,13,79
Pressefreiheit,\bPressefreiheit\b,normative,concept,,309,190,0.9,111,79,1.41,8,11,43,31,46,15,36,15,15,80,51,76,25,47
Kriegspropaganda,\bKriegspropaganda\b,normative,concept,"War propaganda – used heavily by Antispiegel, Compact",75,51,0.2,46,5,9.2,14,7,1,21,1,3,4,30,12,1,24,1,3,4
Selbstzensur,\bSelbstzensur\b,normative,concept,Alt-media dominant – editors self-censoring,33,26,0.1,20,6,3.33,0,2,6,4,14,0,0,0,3,9,6,15,0,0
Medienzensur,\bMedienzensur\b,normative,concept,,5,5,0.0,5,0,5.0,0,1,0,2,2,0,0,0,1,0,2,2,0,0
Klimanarrativ,\bKlimanarrativ\b,normative,concept,,4,4,0.0,4,0,4.0,0,0,0,0,4,0,0,0,0,0,0,4,0,0
Bild,\bBild[- ]Zeitung\b|\bBILD\b|\bBild\s+am\s+Sonntag\b|\bBamS\b|\bBild\b,print_online,outlet,,3044,2165,10.6,1250,915,1.37,78,197,525,359,455,161,390,118,270,747,543,614,222,530
Spiegel,\bDer\s+Spiegel\b|\bSpiegel\s+Online\b|\bSPIEGEL\b|\bSpiegel\b,print_online,outlet,,2158,768,3.8,540,228,2.37,127,92,128,124,173,24,100,1066,158,247,226,276,44,141
Welt,\bDie\s+Welt\b|\bWelt\s+Online\b,print_online,outlet,,1541,1194,5.8,725,469,1.55,64,101,222,243,291,26,247,96,148,281,300,380,32,304
Zeit,\bDie\s+Zeit\b|\bZeit\s+Online\b,print_online,outlet,,820,710,3.5,404,306,1.32,40,45,102,148,157,14,204,44,50,123,173,191,14,225
FAZ,\bFAZ\b|\bFrankfurter\s+Allgemeine\b,print_online,outlet,,496,311,1.5,189,122,1.55,3,17,105,50,102,17,17,3,24,158,87,182,23,19
taz,\btaz\b,print_online,outlet,,396,202,1.0,129,73,1.77,2,21,62,21,76,9,11,3,30,132,46,131,13,41
Stern,\bStern\b,print_online,outlet,,382,236,1.2,127,109,1.17,2,16,61,24,79,6,48,2,22,115,27,129,7,80
Handelsblatt,\bHandelsblatt\b,print_online,outlet,,352,244,1.2,125,119,1.05,2,11,63,37,60,15,56,3,12,93,58,93,16,77
Tagesspiegel,\bTagesspiegel\b,print_online,outlet,,291,217,1.1,127,90,1.41,0,14,55,46,51,16,35,0,16,76,67,67,24,41
Berliner Zeitung,\bBerliner\s+Zeitung\b,print_online,outlet,,252,190,0.9,146,44,3.32,8,10,42,71,44,13,2,8,12,55,101,53,21,2
Focus,\bFocus\b,print_online,outlet,,216,149,0.7,101,48,2.1,2,20,30,24,43,12,18,5,28,43,36,56,13,35
Süddeutsche,\bSüddeutsche\s+Zeitung\b|\bSüddeutsche\b,print_online,outlet,,165,146,0.7,92,54,1.7,5,11,31,16,46,14,23,14,11,36,16,50,14,24
Wirtschaftswoche,\bWirtschaftswoche\b|\bWiWo\b,print_online,outlet,,77,45,0.2,32,13,2.46,0,0,10,10,20,2,3,0,0,11,14,45,2,5
Morgenpost,\bMorgenpost\b,print_online,outlet,,32,29,0.1,23,6,3.83,0,5,5,11,7,0,1,0,5,6,13,7,0,1
n-tv,\bn[- ]?tv\b,private_broadcaster,outlet,,219,179,0.9,112,67,1.67,1,13,27,52,36,10,40,2,16,33,72,43,11,42
RTL,\bRTL\b,private_broadcaster,outlet,,214,156,0.8,66,90,0.73,0,9,37,14,36,7,53,0,11,56,22,42,8,75
Welt TV,\bWelt\s+TV\b,private_broadcaster,outlet,,49,42,0.2,21,21,1.0,0,2,11,6,5,8,10,0,2,14,10,5,8,10
Sat1,\bSat\.?\s*1\b,private_broadcaster,outlet,,46,30,0.1,9,21,0.43,0,0,8,3,5,1,13,0,0,12,6,7,1,20
ProSieben,\bProSieben\b,private_broadcaster,outlet,,36,15,0.1,2,13,0.15,0,0,6,1,0,1,7,0,0,17,1,0,1,17
ARD,\bARD\b,public_broadcaster,outlet,,4500,2891,14.1,443,2448,0.18,3,30,223,125,236,49,2225,12,52,574,194,455,80,3133
Tagesschau,\bTagesschau\b,public_broadcaster,outlet,Flagship ARD newscast; also a source in corpus,2739,2129,10.4,242,1887,0.13,5,18,78,114,91,14,1809,9,20,141,177,138,15,2239
ZDF,\bZDF\b,public_broadcaster,outlet,,2113,818,4.0,436,382,1.14,4,24,260,98,250,60,122,6,36,946,206,623,129,167
Deutschlandfunk,\bDeutschlandfunk\b,public_broadcaster,outlet,,1356,1246,6.1,75,1171,0.06,1,10,51,23,39,2,1120,2,11,111,26,62,2,1142
NDR,\bNDR\b,public_broadcaster,outlet,,1221,617,3.0,111,506,0.22,7,17,45,34,42,11,461,31,25,165,78,110,27,785
Rundfunk,\bRundfunk\w*\b,public_broadcaster,label,"Covers Rundfunk, Rundfunks, Rundfunkbeitrag, etc.",1182,541,2.6,275,266,1.03,3,20,151,92,134,26,115,3,31,428,123,312,45,240
öffentlich-rechtlich,\böffentlich[- ]?rechtlich\w*\b,public_broadcaster,label,Generic label for public broadcasting,1000,553,2.7,306,247,1.24,1,24,188,58,196,27,59,1,35,410,70,334,39,111
SWR,\bSWR\b,public_broadcaster,outlet,,627,340,1.7,86,254,0.34,2,1,12,46,33,4,242,2,1,32,125,79,4,384
WDR,\bWDR\b,public_broadcaster,outlet,,570,316,1.5,87,229,0.38,3,5,45,34,38,7,184,4,6,70,63,54,12,361
ÖRR,\bÖRR\b,public_broadcaster,label,Abbreviation used esp. in alt media,452,215,1.1,163,52,3.13,0,4,51,15,141,3,1,0,11,100,16,315,4,6
MDR,\bMDR\b,public_broadcaster,outlet,,427,305,1.5,44,261,0.17,0,7,19,15,20,2,242,0,8,39,24,32,3,321
Tagesthemen,\bTagesthemen\b,public_broadcaster,outlet,ARD evening news,373,274,1.3,22,252,0.09,0,0,21,2,16,4,231,0,0,33,2,19,5,314
RBB,\bRBB\b,public_broadcaster,outlet,,367,203,1.0,56,147,0.38,0,5,36,29,19,3,111,0,6,92,55,30,3,181
BR,\bBR\b,public_broadcaster,outlet,,283,187,0.9,28,159,0.18,1,9,15,4,11,3,144,1,9,26,8,15,3,221
Rundfunkbeitrag,\bRundfunkbeitrag\w*\b,public_broadcaster,label,Licence fee framing,111,49,0.2,23,26,0.88,0,2,19,2,17,2,7,0,3,35,2,35,6,30
HR,\bHR\b,public_broadcaster,outlet,,105,76,0.4,9,67,0.13,0,0,4,2,6,1,63,0,0,6,2,18,2,77
Phoenix,\bPhoenix\b,public_broadcaster,outlet,,76,49,0.2,19,30,0.63,4,2,21,4,6,3,9,4,2,41,4,6,4,15
heute,\bheute[- ]journal\b|\bheute[- ]show\b,public_broadcaster,outlet,ZDF news programs,72,57,0.3,29,28,1.04,1,3,26,4,21,0,2,1,3,37,4,25,0,2
Rundfunkanstalten,\bRundfunkanstalt\w*\b,public_broadcaster,institution,,72,58,0.3,27,31,0.87,0,0,13,12,13,2,18,0,0,14,12,18,2,26
Rundfunkrat,\bRundfunkrat\w*\b,public_broadcaster,institution,Supervisory body of public broadcasters,68,25,0.1,11,14,0.79,0,0,10,1,10,0,4,0,0,29,2,31,0,6
GEZ,\bGEZ\b,public_broadcaster,label,Old name for licence fee – still used pejoratively,66,54,0.3,51,3,17.0,0,29,3,11,10,1,0,0,38,3,12,12,1,0
SR,\bSR\b,public_broadcaster,outlet,,17,15,0.1,3,12,0.25,1,1,1,1,0,0,11,1,2,1,1,0,0,12
3sat,\b3sat\b,public_broadcaster,outlet,,7,4,0.0,1,3,0.33,0,0,2,0,1,0,1,0,0,3,0,3,0,1
Gebührenmedien,\bGebührenmedien\b,public_broadcaster,label,Critical alt-media label,0,0,0.0,0,0,0.0,0,0,0,0,0,0,0,0,0,0,0,0,0,0
Beitragsmedien,\bBeitragsmedien\b,public_broadcaster,label,Critical alt-media label,0,0,0.0,0,0,0.0,0,0,0,0,0,0,0,0,0,0,0,0,0,0
