"id","title","teaser","categories","lastModified","created","publishedAt","authors","url","article_text"
"94128","Stimmen zur spektakulären DK-Mahnmal-Aktion: „Die Beseitigung von Wahrheitsverbrechen genießt in diesem Land Vorrang vor allem anderen!“","Die spektakuläre Mahnmal-Aktion, mit welcher der Deutschland-Kurier im Herzen der Hauptstadt für Furore sorgte, dürfte schon jetzt in die Geschichtsbücher eingehen. Während das Mainstream-Medienkartell natürlich krampfhaft bemüht ist, das Geschehen totzuschweigen, berichten alternative Portale umso ausführlicher. Auch die Kommentare von Bürgern auf dem X-Account der Berliner Polizei lassen an Deutlichkeit nichts zu wünschen übrig. Inzwischen […]","Migration","2025-09-13T09:31:41+00:00","2025-09-06T08:53:00+00:00","2025-09-06T08:53:00+00:00","","https://deutschlandkurier.de/2025/09/stimmen-zur-spektakulaeren-dk-mahnmal-aktion-die-beseitigung-von-wahrheitsverbrechen-geniesst-in-diesem-land-vorrang-vor-allem-anderen/","Die spektakuläre Mahnmal-Aktion, mit welcher der Deutschland-Kurier im Herzen der Hauptstadt für Furore sorgte, dürfte schon jetzt in die Geschichtsbücher eingehen. Während das Mainstream-Medienkartell natürlich krampfhaft bemüht ist, das Geschehen totzuschweigen, berichten alternative Portale umso ausführlicher. Auch die Kommentare von Bürgern auf dem X-Account der Berliner Polizei lassen an Deutlichkeit nichts zu wünschen übrig. Inzwischen kommt der Vorschlag, das von der Berliner Polizei geschändete und konfiszierte Mahnmal im Gedenken an die Opfer der Masseneinwanderung dauerhaft im Bonner Haus der Geschichte auszustellen.

► Das national-patriotische Portal „Jouwatch“ schreibt über die Räumung des Mahnmals: „Die Berliner Polizei hat wieder einmal eindrucksvoll ihr Gespür für die wahren Untaten und verfolgungswürdigen Straftaten in der Hauptstadt unter Beweis gestellt und gezeigt, wo sie ihre Ressourcen wirkungsvoll zu bündeln bereit ist (…) Von einem solch hektischen und überaus raschen Eingreifen kann man bei wirklichen Verbrechen im Shithole an der Spree nur träumen. Die Beseitigung von Wahrheitsverbrechen jedoch genießt in diesem Land Vorrang vor allem anderen. Dass hier überhaupt keine strafrechtliche Relevanz vorlag und sowohl die Aktion selbst als auch die vermittelten Botschaften vollumfänglich von der Kunst- und Meinungsfreiheit nach Artikel 5 Grundgesetz gedeckt waren, spielte natürlich keinerlei Rolle, im Gegenteil: die politisch vollständig auf links gezogene Polizei räumte auf Twitter sogar selbst ganz unumwunden ein, die Schriftzüge auf den Betonklötzen hätten nach Überprüfung durch den Staatsschutz ‚keine strafbaren Inhalte‘ enthalten.“

► Die „Junge Freiheit“ (JF) verweist darauf, dass der Standort für den Überraschungs-Coup zum zehnten Jahrestag der von Angela Merkel (CDU) unterlassenen Grenzschließung vom Deutschland-Kurier bewusst gewählt wurde: eine Verkehrsinsel in der Tauentzienstraße in Charlottenburg, nur wenige Meter von der Kaiser-Wilhelm-Gedächtniskirche und dem Breitscheidplatz entfernt. Mit Befremden stellt die „JF“ fest: „Polizisten räumen kurz darauf Kerzen, Blumen und Fotos ab.“

► „NiUS“-Chef Julian Reichelt wertet die Räumung als einen „Polizeieinsatz gegen Regierungskritik“. Auf X findet der frühere „Bild“-Chefredakteur deutliche Worte: „Auch politische Botschaften, die sogar laut linker Polizeiführung ausdrücklich nicht strafbar sind, werden von der Polizei abgedeckt. Der Staat schickt also die Polizei gegen unerwünschte und unliebsame Äußerungen über die mörderische Migrationspolitik los. Mit solchem Eifer werden sonst nur Anti-Regime-Graffitis in Unrechtsstaaten entfernt.“

► Das national-patriotische Magazin „Compact“ twitterte: „Vor 10 Jahren öffnete Angela Merkel die Grenzen und setzte damit eine verhängnisvolle Entwicklung in Gang, die das Bild unseres Landes verändert hat. Um an die zahlreichen Opfer der Multikulti-Politik zu erinnern, wurde am frühen Freitagmorgen durch den ‚Deutschlandkurier‘ mitten in Berlin ein Mahnmal erinnert. Doch die Polizei rückte wenig später mit schwerem Gerät an und schändete den Erinnerungsort.“

► „@polizeiberlin“, der X-Account der Berliner Polizei, lief nach der Räumung des Mahnmals heiß. Viele Berliner brachten ihre Empörung und ihren Unmut über das brachiale Vorgehen der Behörden zum Ausdruck. Vor allem irritierte, dass auch das Trauerfoto von Rouven L. von der Polizei kaltherzig in einem Müllsack entsorgt wurde. Der junge Polizist war in Ausübung seines Dienstes vor gut einem Jahr in Mannheim von einem afghanischen Messer-Islamisten mit Stichen in den Hals ermordet worden. Ein User schreibt: „Und ich dachte, Rouven wäre ein Kollege gewesen… Dieses Mahnmal wurde auch für ihn errichtet!!! Anstatt Euch mal endlich gerade zu machen, spielt Ihr weiter die Lakaien und Handlanger dieser grundsätzlich verfehlten Politik. Ihr solltet Euch schämen!!!“

„Mahnmal gehört ins Haus der Geschichte!“

DK-Gastautor Einar Koch, langjähriger Leiter der Bonner Parlamentsredaktion der „Bild“-Zeitung und später u.a. Politikchef des Blattes, hat sich dafür ausgesprochen, die konfiszierten „Merkel-Legos“ samt Aufschriften dauerhaft im Bonner Haus der Geschichte auszustellen: „Diese spektakuläre Aktion, auch wenn sie nur wenige Stunden Bestand hatte, war ein Weckruf gegen das Vergessen. Noch nie hat es in Deutschland ein Mahnmal für ALLE unzähligen Opfer der sogenannten Willkommenskultur gegeben. Allein deshalb gebührt der Aktion dauerhaft ein Platz im Bonner Haus der Geschichte. Aber auch aus einem anderen Grund: Spätere Generationen werden so daran erinnert, wie es einmal um die Kunst- und Meinungsfreiheit in Deutschland bestellt war. Historischer als die Turnschuhe des ehemaligen Hausbesetzers und Straßenkämpfers Joschka Fischer sind die Merkel-Legos des Mahnmals im Gedenken an die Opfer der Masseneinwanderung allemal!“"
"94132","Zehn Jahre „Wir schaffen das!“ —Der Digitale Chronist im Gespräch mit DK🇩🇪-Kolumnist Oliver Flesch","","Migration","2025-09-06T11:30:25+00:00","2025-09-06T11:30:25+00:00","2025-09-06T11:30:25+00:00","","https://deutschlandkurier.de/2025/09/zehn-jahre-wir-schaffen-das-der-digitale-chronist-im-gespraech-mit-dk%f0%9f%87%a9%f0%9f%87%aa-kolumnist-oliver-flesch/",""
"94139","Mahnmal-Schändung: Haben Polizei und Ordnungsamt in Berlin gegen geltendes Recht verstoßen?","Die Schändung und Zwangsräumung des Deutschland-Kurier (DK)-Mahnmals — zum Gedenken an die unzähligen Opfer der Masseneinwanderung — durch die Berliner Polizei schlägt weiterhin hohe Wellen! Das patriotische „Compact“-Magazin weist in einem Artikel zu dem Vorgang auf folgenden Aspekt hin: Die Berliner Behörden agieren mindestens in einer rechtlichen Grauzone, denn die Polizei Berlin teilte auf X selber […]","Politik","2025-09-06T12:49:41+00:00","2025-09-06T12:49:41+00:00","2025-09-06T12:49:41+00:00","","https://deutschlandkurier.de/2025/09/mahnmal-schaendung-haben-polizei-und-ordnungsamt-in-berlin-gegen-geltendes-recht-verstossen/","Die Schändung und Zwangsräumung des Deutschland-Kurier (DK)-Mahnmals — zum Gedenken an die unzähligen Opfer der Masseneinwanderung — durch die Berliner Polizei schlägt weiterhin hohe Wellen!

Das patriotische „Compact“-Magazin weist in einem Artikel zu dem Vorgang auf folgenden Aspekt hin: Die Berliner Behörden agieren mindestens in einer rechtlichen Grauzone, denn die Polizei Berlin teilte auf X selber mit, dass keine Straftat vorliegen würde.

„Compact“ folgert: „Möglicherweise könnte es sich um einen Verstoß gegen eine kommunale Satzung handeln, die das unbefugte Ablegen von Betonblöcken untersagt – der normale Werdegang wäre hier jedoch eine schriftliche Aufforderung, die Aktion zu beenden, wobei auch der Aspekt der Kunstfreiheit berücksichtigt werden muss. Solche Formalitäten werden im ‚Kampf gegen Rechts‘, der längst eher einem Kampf gegen das Recht gleicht, jedoch eingespart und gleich das Abrisskommando losgeschickt.“

Deutschland-Kurier behält sich rechtliche Schritte vor

Tatsächlich bestätigten mehrere Verwaltungsjuristen dem DK: Ordnungsämter dürfen fremdes Eigentum nicht einfach nach Belieben beseitigen; dies sei „nur unter bestimmten gesetzlichen Voraussetzungen und bei Vorliegen einer konkreten Gefahr erlaubt, wobei die Maßnahme verhältnismäßig, erforderlich und geeignet sein“ müsse. Zudem seien die individuellen Rechte des Eigentümers zu beachten.

UND: Das Ordnungsamt dürfe „Sicherstellungen“ nur vornehmen, „wenn dies zur Abwehr einer Gefahr für die öffentliche Sicherheit und Ordnung notwendig ist.“ Dagegen dürfe das Ordnungsamt nicht „willkürlich fremdes Eigentum beseitigen, nur weil es stört oder missfällt.“

David Bendels, Herausgeber und Chefredakteur des Deutschland-Kuriers kündigte eine umfassende rechtliche Prüfung aller Aspekte der quasi Beschlagnahmung und willkürlichen Entfernung des symbolischen Mahnmals an.

„Der Deutschland-Kurier behält sich gegebenenfalls auch juristische Schritte gegen die verantwortlichen Berliner Stellen in Verwaltung und Politik vor“, so Bendels."
"94145","Das AfD-Familienfest in Wolmirstedt: „Danke an alle Mitstreiter!“ | Ulrich Siegmund (AfD)","","AfD","2025-09-06T13:15:43+00:00","2025-09-06T13:15:43+00:00","2025-09-06T13:15:43+00:00","","https://deutschlandkurier.de/2025/09/das-afd-familienfest-in-wolmirstedt-danke-an-alle-mitstreiter-ulrich-siegmund-afd/",""
"94148","DK-Mahnmal für die Opfer der Masseneinwanderung von Berliner Polizei entsorgt | Tobias Teich (AfD)","","Migration","2025-09-06T14:02:54+00:00","2025-09-06T14:02:54+00:00","2025-09-06T14:02:54+00:00","","https://deutschlandkurier.de/2025/09/dk-mahnmal-fuer-die-opfer-der-masseneinwanderung-von-berliner-polizei-entsorgt-tobias-teich-afd/",""
"94136","Will er überhaupt Frieden? Selenskyj lehnt Einladung nach Moskau ab – „Putin kann nach Kiew kommen“","Man muss sich wirklich fragen, ob der ukrainische Präsident Wolodymyr Selenskyj überhaupt ernsthaft ein Interesse an Friedensgesprächen mit Russland hat? Jetzt hat er eine Einladung von Kreml-Chef Wladimir Putin nach Moskau ausgeschlagen – Putin könne nach Kiew kommen, sagte Selenskyj dem US-Sender ABC News – wohlwissend, wie unrealistisch dies sein dürfte. Dabei hatte der ukrainische […]","Ukraine","2025-09-06T16:31:16+00:00","2025-09-06T16:31:16+00:00","2025-09-06T16:31:16+00:00","","https://deutschlandkurier.de/2025/09/will-er-ueberhaupt-frieden-selenskyj-lehnt-einladung-nach-moskau-ab-putin-kann-nach-kiew-kommen/","Man muss sich wirklich fragen, ob der ukrainische Präsident Wolodymyr Selenskyj überhaupt ernsthaft ein Interesse an Friedensgesprächen mit Russland hat? Jetzt hat er eine Einladung von Kreml-Chef Wladimir Putin nach Moskau ausgeschlagen – Putin könne nach Kiew kommen, sagte Selenskyj dem US-Sender ABC News – wohlwissend, wie unrealistisch dies sein dürfte.

Dabei hatte der ukrainische Präsident selbst immer wieder auf ein Treffen mit Putin gedrängt, um direkt über einen Waffenstillstand zu verhandeln. Putin hatte daraufhin zuletzt vorgeschlagen, Selenskyj könne nach Moskau kommen, wenn es die Aussicht auf ein gutes Ergebnis gebe.

Selenskyj lehnte die russische Hauptstadt als Verhandlungsort jetzt prompt ab, dies mit den Worten: „Wenn du willst, dass kein Treffen stattfindet, dann lädst du mich nach Moskau ein.“ Provokativ fügte der ukrainische Präsident hinzu: „Ich kann nicht in die Hauptstadt dieses Terroristen reisen.“

Mit dieser Äußerung reiht sich Selenskyj in die zuletzt von Bundeskanzler Friedrich Merz (CDU) angeschlagene Tonart ein. Der deutsche Regierungschef hatte Putin den „vielleicht schwersten Kriegsverbrecher unserer Zeit“ genannt."
