"Date","Title","Summary","Inhalt","URL"
2025-11-13,"USA stufen deutsche „Antifa Ost“ als Terrororganisation ein","Das US-Außenministerium hat die deutsche „Antifa Ost“ als ausländische Terrororganisation eingestuft. Die Gruppe soll unter anderem für die „Hammerbande“-Anschläge in Budapest verantwortlich sein.","Das US-Außenministerium hat auf X bekannt gegeben, mehrere Antifa-Organisationen als ausländische Terrororganisationen einzustufen. Darunter befindet sich auch die deutsche „Antifa Ost“, die unter anderem mutmaßlich für die „Hammerbande“-Anschläge in Budapest verantwortlich ist. Auch deutsche Politiker könnten unter Umständen von dieser Einstufung betroffen sein.

Zur Entscheidung schreibt das US-Außenministerium: „Anarchistische Militante haben in den Vereinigten Staaten und Europa Terrorkampagnen geführt und sich verschworen, um durch ihre brutalen Angriffe die Grundlagen der westlichen Zivilisation zu untergraben.“

Werbung

Neben der deutschen „Antifa Ost“ ist die italienische „Internationale Revolutionäre Front“, die beiden griechischen Organisationen „Bewaffnete proletarische Gerechtigkeit“ und die „Revolutionsklasse Selbstverteidigung“ von der Einstufung betroffen.

Über die „Antifa Ost“ schreibt das US-Außenministerium: „Antifa Ost ist eine in Deutschland ansässige Terrororganisation, die berüchtigt dafür ist, bei vorsätzlichen Angriffen mit Hämmern ahnungslose Opfer anzugreifen. Diese Antifa-Gruppe wurde von Ungarn als terroristische Organisation eingestuft, nachdem sie in Budapest neun Opfer angegriffen hatte.“

Werbung

Nach der Ermordung des konservativen US-Aktivisten Charlie Kirk hatte Trump angekündigt, die Antifa als Terrororganisation einstufen zu lassen. Das hat er mittlerweile in die Tat umgesetzt – durch die neuerlichen Einstufungen, sind nun auch konkrete Antifa-Gruppierungen betroffen.

bc

Teilen:   
Zu den Kommentaren (209) 

 Einmalig
 Monatlich
Apollo News unterstützen
Zahlungsoptionen:
 Pay
 Pay
10 € 
15 € 
25 € 
50 € 
100 € 
 Weiter zum Zahlen
 Bank-Überweisung","https://apollo-news.net/usa-stufen-deutsche-antifa-ost-als-terrororganisation-ein/"
2025-11-13,"VW rutscht tiefer in die Krise: Aufsichtsrat verschiebt Milliarden-Investitionspaket","Der Aufsichtsrat des VW Konzerns hätte am Freitag eigentlich über ein Investitionspaket in Milliardenhöhe abstimmen sollen. Das wurde nun aufgrund fehlender Planungssicherheit verschoben – es soll eine Finanzierungslücke in Höhe von elf Milliarden Euro bestehen.","Die Krise des Autoriesen Volkswagen dauert an. Nun berichtet die Bild, dass man ein geplantes Investitionspaket aufgrund der aktuellen Unsicherheit verschoben hat. Finanziell steckt der Konzern offenbar in einer so tiefen Krise, dass nicht mehr klar ist, für welche Projekte überhaupt noch Geld da ist.

Eigentlich hätte der Aufsichtsrat von VW bereits am morgigen Freitag über ein Investitionspaket in Milliardenhöhe entscheiden sollen – das wurde nun vorerst verschoben. Unklar ist, wann die Entscheidung über das Paket nun stattfinden soll – möglicherweise gar erst in ein paar Monaten, wie die Bild unter Berufung auf Insider berichtet.

Werbung

Damit dürften jegliche Modernisierungspläne des Konzerns vorerst auf Eis liegen: Die Entwicklung neuer Modelle, der Aus- und Umbau der VW-Werke und vieles mehr hängt am Investitionsplan. Damit dürften auch laufende Projekte ins Wanken geraten – auch für die Zulieferer bedeutet das vorerst deutlich weniger Planungssicherheit.

Das Problem: Wie die Bild berichtet, tut sich für die geplanten Investitionen ein Finanzierungsloch von rund elf Milliarden Euro auf – nicht alle geplanten Projekte könnten damit finanziert werden. Wo und in welchem Umfang gespart wird – das muss jetzt entschieden werden. Offenbar steht beispielsweise der Bau eines Audi-Werks in den USA auf der Kippe.

Werbung

Der Konzern ist bereits seit Monaten in einer tiefen Krise gefangen: Bereits im vergangenen Jahr kündigte man massiven Stellenabbau an – die Jobgarantie soll auslaufen, innerhalb der kommenden Jahre sollen in Deutschland Tausende Stellen wegfallen. Auch betriebsbedingte Kündigungen sind ab 2029 nicht mehr ausgeschlossen.

LESEN SIE AUCH:

„Hammerbande“-Anschläge
USA stufen deutsche „Antifa Ost“ als Terrororganisation ein

Redaktion • 208 

Analyse
Von der Leyens neuer EU-Geheimdienst: Die Kommissionspräsidentin baut ihre Macht rücksichtslos aus

Boris Cherny • 72 

Hauptgrund: Die Kosten des Wirtschaftsstandortes Deutschland, etwa im Bereich Energie, Steuern und auch Gehalt, sind kaum noch wirtschaftlich – gleichzeitig machen chinesische Hersteller mit äußerst günstigen Preisen dem deutschen Konzern selbst auf dem europäischen Markt deutliche Konkurrenz. Die Zollpolitik von US-Präsident Donald Trump und die Absatzschwäche in China machen die derzeitige Investitionsplanung dabei besonders schwierig.

bc

Teilen:   
Zu den Kommentaren (58) 

 Einmalig
 Monatlich
Apollo News unterstützen
Zahlungsoptionen:
 Pay
 Pay
10 € 
15 € 
25 € 
50 € 
100 € 
 Weiter zum Zahlen
 Bank-Überweisung","https://apollo-news.net/vw-rutscht-tiefer-in-die-krise-aufsichtsrat-verschiebt-milliarden-investitionspaket/"
2025-11-13,"Mehrheit der Deutschen schätzt Zustand von Rechtsstaat, Demokratie und Meinungsfreiheit als schlecht ein","Dass es der Wirtschaft schlecht geht, meinen laut einer Insa-Umfrage etwa 68 Prozent der Deutschen. Auch den Zustand des Rechtsstaats, der Demokratie und der Meinungsfreiheit bewertet eine relative Mehrheit als schlecht.","Die Stimmung in Deutschland ist schlecht – die Mehrheit der Bürger ist deutlich unzufrieden mit dem Zustand des Landes; selbst unter Anhängern der Regierungsparteien ist der Unmut groß. Das zeigt eine neue Umfrage von Insa. So befragte das Umfrageinstitut zwischen dem 7. und 10. November in einer repräsentativen Umfrage 2010 Erwachsene aus ganz Deutschland zu insgesamt 15 verschiedenen Themen – das Ergebnis: Die Menschen sind in allen Politikbereichen mit dem Zustand des Landes unzufrieden.

Den Zustand der Inneren und Äußeren Sicherheit bewerten 58 beziehungsweise 59 Prozent der Befragten als „schlecht“ oder „eher schlecht“. Auch in Bereichen wie „soziale Sicherheit“, „Gesundheitswesen“ oder „Innovation“ empfindet eine deutliche Mehrheit den Zustand des Landes negativ.

Werbung

Besonders erschreckend sind die Einschätzungen der Befragten in den Bereichen „Wirtschaft“ und „Stabilität der Bundesregierung“. 69 Prozent schätzen demnach den Zustand der deutschen Wirtschaft als „schlecht“ oder „eher schlecht“ ein. Nur 18 Prozent der Befragten sehen ihn dagegen als „gut“ oder „eher gut“ an. Ähnlich sieht es bezüglich der Regierungsstabilität aus: Diese sehen 64 Prozent als negativ und nur 18 Prozent als positiv an.

Die Unzufriedenheit geht dabei ins Grundsätzliche: Wohl angesichts immer häufigerer Verfolgung politischer Äußerungen und dem Ausschluss der größten Oppositionspartei vom politischen Leben, sehen immer mehr Menschen den Zustand der deutschen Demokratie und des Rechtsstaats als kritisch an: Den Zustand der Rechtsstaatlichkeit sahen etwa mit 43 Prozent eine relative Mehrheit der Befragten als „schlecht“ oder „eher schlecht“ an – 38 Prozent sind mit dem Zustand dagegen (eher) zufrieden. Auch bei den Punkten „Meinungsfreiheit“ (44 zu 43 Prozent) und „Demokratie“ (45 zu 41 Prozent) ist eine relative Mehrheit mit dem aktuellen Zustand unzufrieden.

Werbung

Insa-Chef Hermann Binkert führt in einem YouTube-Video des Insa-Instituts auch darauf zurück, dass selbst viele Anhänger der Regierungsparteien, also Union und SPD, mit dem derzeitigen Zustand Deutschlands unzufrieden sind. Doch die dramatische Lage spiegelt sich auch in der aktuellen Sonntagsfrage von Insa wider: Die AfD erreicht demnach 26 Prozent der Stimmen – die Union lediglich 25 Prozent. Gemeinsam mit der SPD kommt die Regierung auf lediglich 40,5 Prozent; sie ist weit entfernt von einer Mehrheit.

bc

Teilen:   
Zu den Kommentaren (73) 

 Einmalig
 Monatlich
Apollo News unterstützen
Zahlungsoptionen:
 Pay
 Pay
10 € 
15 € 
25 € 
50 € 
100 € 
 Weiter zum Zahlen
 Bank-Überweisung","https://apollo-news.net/mehrheit-der-deutschen-schtzt-zustand-von-rechtsstaat-demokratie-und-meinungsfreiheit-als-schlecht-ein/"
2025-11-13,"Bärbel Bas kritisiert Bürgergeldstreichung für Ukrainer","Bundesarbeitsministerin Bärbel Bas kritisiert die geplante Kürzung für ukrainische Flüchtlinge: Die Streichung des Bürgergelds würde angeblich den Zugang zum Arbeitsmarkt erschweren.","Bundesarbeitsministerin Bärbel Bas hat die im Koalitionsvertrag vereinbarte und mittlerweile angekündigte Leistungskürzung für Flüchtlinge aus der Ukraine kritisiert. Künftig sollen Ukrainer, die ab dem 1. April 2025 nach Deutschland gekommen sind, nicht mehr Bürgergeld, sondern nur noch Leistungen nach dem Asylbewerberleistungsgesetz erhalten. Alleinstehende sollen dann statt 563 Euro Bürgergeld nur noch 441 Euro im Monat bekommen, zuzüglich Kosten für Unterkunft und Heizung.

„Mir gefällt es nicht, das sage ich ganz offen, weil ich es nach wie vor für richtig halte, dass Integration stattfindet. Aber wir werden das jetzt umsetzen“, äußerte Bas sich dazu am Mittwoch bei einer Befragung im Bundestag. Sie bemängelt, dass mit dem Wechsel ins Asylbewerberleistungsgesetz kein Rechtsanspruch mehr auf Förderungen wie Sprach- und Qualifizierungskurse verbunden sei. „Das bedauere ich sehr.“ Dadurch werde die Integration in den Arbeitsmarkt erschwert.

Werbung

Kritiker der bisherigen Regelung sehen im Bürgergeld-Zugang für Ukrainer jedoch einen wichtigen Pull-Faktor, der zudem nur geringen Anreiz bietet, einer Erwerbstätigkeit nachzugehen. SPD-Politiker wie Bas verweisen hingegen darauf, dass gerade die mit dem Bürgergeld verknüpften Förderinstrumente ein wichtiger Schlüssel für gelingende Integration seien. In der Realität sind Ukrainer in Deutschland jedoch weit weniger gut in den Arbeitsmarkt integriert als etwa in Polen, Litauen oder Dänemark – trotz des Bürgergelds.

Tatsächlich wäre von der Änderung nur eine Minderheit der in Deutschland lebenden Ukrainer betroffen: Schätzungen zufolge sind mehr als 90 Prozent vor dem 1. April 2025 eingereist und behalten ihren bisherigen Bürgergeld-Status. Konkret wären lediglich 83.640 Ukrainer betroffen, wie aus einer Antwort der Bundesregierung auf eine AfD-Anfrage hervorgeht. Ein kollektiver Wechsel aller Ukrainer in das Asylbewerberleistungsgesetz wurde aus bürokratischen Gründen abgelehnt.

Teilen:   
Zu den Kommentaren (74) 

 Einmalig
 Monatlich
Apollo News unterstützen
Zahlungsoptionen:
 Pay
 Pay
10 € 
15 € 
25 € 
50 € 
100 € 
 Weiter zum Zahlen
 Bank-Überweisung","https://apollo-news.net/brbel-bas-kritisiert-brgergeldstreichung-fr-ukrainer/"
2025-11-13,"BSW gerät unter Druck: Nach Austritten in Brandenburg tobt nun auch in Sachsen-Anhalt ein Machtkampf","Im Bündnis Sahra Wagenknecht verschärfen sich die internen Konflikte. Nach dem Austritt von vier Abgeordneten in Brandenburg stellt sich in Sachsen-Anhalt nun ein Großteil des Landesvorstands gegen die eigene Parteispitze.","Das Bündnis Sahra Wagenknecht (BSW) steht nach den jüngsten Austritten in Brandenburg nun auch in Sachsen-Anhalt vor einer schweren internen Auseinandersetzung. Nach Informationen des Tagesspiegels stellt sich dort ein Großteil des Landesvorstands gegen die beiden Landesvorsitzenden Thomas Schulze und John Lucas Dittrich. Ein zuvor gestartetes Mediationsverfahren wurde demnach ohne Ergebnis beendet. Der Konflikt soll auf einem außerordentlichen Landesparteitag in zwei Wochen ausgefochten werden.

Fünf Mitglieder des achtköpfigen Landesvorstands, darunter die Landesgeschäftsführerin Katja Wendland und der Schatzmeister Matthias Lieschke, werfen den Vorsitzenden einen undemokratischen Führungsstil vor. Wendland sagte dem Tagesspiegel: „Trotz wiederholter Bemühungen unsererseits, eine einvernehmliche Lösung für die Konflikte im Vorstand zu finden, hielten die beiden Vorsitzenden vehement an ihren Forderungen fest, welche in einem offenkundigen Widerspruch zu den Grundsätzen der demokratischen Organisation einer Partei und kollektiver Willensbildung stehen.“

Werbung

Nach Informationen des Stern heißt es in einem internen Schreiben der Kritiker, den Vorsitzenden mangele es an „Erfahrung in der Führung eines Vorstands“ und am „grundsätzlichen Willen, sich beraten zu lassen“. Das Papier ist laut Tagesspiegel inzwischen Gegenstand eines Schiedsverfahrens.

Die Eskalation in Sachsen-Anhalt folgt nur wenige Tage nach dem Bruch im brandenburgischen Landesverband. Vier Abgeordnete der BSW-Fraktion – Jouleen Gruhn, Melanie Matzies, André von Ossowski und Reinhard Simon – traten aus der Partei aus und kündigten an, ihre Mandate als Parteilose weiterzuführen.

Werbung

In ihrer Erklärung schreiben sie: „Autoritäre Tendenzen prägen zunehmend mehr das innerparteiliche Klima, der Druck auf Abgeordnete wächst, während offene Diskussionen und die Einbindung unterschiedlicher Stimmen in den Hintergrund treten.“ Weiter heißt es: „Es dominieren radikalisierte Positionen – ein Kurs, der weder dem Anspruch einer pluralistischen Bewegung noch dem einer demokratischen Partei gerecht wird.“

cm

Teilen:   
Zu den Kommentaren (26) 

 Einmalig
 Monatlich
Apollo News unterstützen
Zahlungsoptionen:
 Pay
 Pay
10 € 
15 € 
25 € 
50 € 
100 € 
 Weiter zum Zahlen
 Bank-Überweisung","https://apollo-news.net/bsw-gert-unter-druck-nach-austritten-in-brandenburg-tobt-nun-auch-in-sachsen-anhalt-ein-machtkampf/"
2025-11-13,"„Sollte vom Volk gewählt werden“: Musk stellt von der Leyens Legitimation infrage","Ursula von der Leyen ist Kommissionspräsidentin durch Gnaden des EU-Parlaments. Einer Volkswahl stellte sie sich zuletzt vor Jahrzehnten. Tech-Milliardär Musk kritisiert nun das derzeitige System und hinterfragt von der Leyens Legitimation.","EU-Kommissionspräsidentin Ursula von der Leyen und Tesla-Chef Elon Musk haben sicherlich nicht das beste Verhältnis – bereits in der Vergangenheit kritisierten sich die beiden immer wieder. Nun schießt der Tech-Milliardär erneut gegen die CDU-Politikerin.

Gestern startete offiziell der „EU Democracy Shield“, der die EU-Bürger vor angeblicher Desinformation sowie Hass und Hetze schützen soll. Von der Leyen schrieb dazu auf X: „Demokratie ist die Grundlage unserer Freiheit. Demokratie ist die Grundlage unseres Wohlstands. Demokratie ist die Grundlage unserer Sicherheit.“ Das „Democracy Shield“ würde die freie Meinungsäußerung, unabhängige Medien, widerstandsfähige Institutionen und eine lebendige Zivilgesellschaft schützen und stärken, so die Kommissionspräsidentin.

Werbung

Musk antwortete mit einer ironischen Bemerkung: „Wenn Demokratie die Grundlage der Freiheit ist, sollte Ihre Position als EU-Spitzenpolitiker doch direkt vom Volk gewählt werden?“ Damit löste der Besitzer von X eine Kontroverse aus – innerhalb von weniger als einem Tag sammelte seine Antwort auf von der Leyen über 50.000 Likes. Der Originalbeitrag der Kommissionspräsidentin erhielt dagegen nur insgesamt knapp über 3.000 Likes.

Später ergänzte Musk: „Der EU-Chef (aktuell der Kommissionspräsident d.Red.) sollte vom EU-Volk gewählt und nicht von einem Komitee ernannt werden!“ Tatsächlich ist von der Leyen in keiner Weise durch eine echte Wahl legitimiert – sie wurde nicht in das EU-Parlament gewählt. 2019 wurde sie erst nach der EU-Wahl als Kandidatin für das Amt der Kommissionspräsidentin in Stellung gebracht – ihre Wahl erfolgte schließlich über das EU-Parlament.

Werbung

Bereits zuvor hat Musk die EU und insbesondere von der Leyens Machtfülle kritisiert. Ihre Wahl für eine zweite Amtszeit durch das EU-Parlament Ende November vergangenen Jahres nahm der Tech-Milliardär etwa zum Anlass, um der EU ein „undemokratisches“ System vorzuwerfen. „Das EU-Parlament sollte direkt über Sachfragen abstimmen und nicht die Autorität an die EU-Kommission abgeben“, schrieb Musk damals auf X.

LESEN SIE AUCH:

Utah
Erste Reaktionen nach Attentat auf Charlie Kirk – Musk erklärt: „Politische Linke ist Partei der Mörder“

Henry Behrens • 40 

Einmaliger Vorgang
Staatsanwaltschaft Göttingen leitet Ermittlungen gegen X-Manager ein

Jonas Aston • 106 

Mit von der Leyens langjährigem Binnenmarkt-Kommissar Thierry Breton lieferte sich Musk ebenfalls eine Schlammschlacht. Breton drohte Musk mit empfindlichen Maßnahmen gegen die Plattform X. Musk ist nämlich deutlicher Kritiker des „Digital Services Acts“ der EU, der soziale Plattformen dazu zwingen soll, gegen angebliche Desinformation besonders brachial durchzugreifen.

bc

Teilen:   
Zu den Kommentaren (77) 

 Einmalig
 Monatlich
Apollo News unterstützen
Zahlungsoptionen:
 Pay
 Pay
10 € 
15 € 
25 € 
50 € 
100 € 
 Weiter zum Zahlen
 Bank-Überweisung","https://apollo-news.net/sollte-vom-volk-gewaehlt-werden-musk-stellt-von-der-leyens-legitimation-infrage/"
2025-11-13,"Entführungspläne gegen Lauterbach: SEK durchsucht Räume eines AfD-Stadtrats in Ilmenau","Die Durchsuchung bei einem AfD-Stadtrat in Ilmenau steht nach Angaben des MDR im direkten Zusammenhang mit den Ermittlungen gegen die „Kaiserreichsgruppe“, die die Entführung Karl Lauterbachs geplant haben soll.","In Ilmenau hat das SEK am Donnerstag mehrere Gebäude durchsucht. MDR Thüringen berichtet, dass es sich um eine Razzia bei einem Stadtratsmitglied der AfD handelt. Laut dem Sender seien „die Wohnung und Geschäftsräume des Politikers“ durchsucht worden. Außerdem sei „ein Gebäude am Flugplatz Osthausen-Wülfershausen im Ilm-Kreis“ betroffen.

Der Einsatz stehe „im Zusammenhang mit Ermittlungen zu einer geplanten Entführung des früheren Bundesgesundheitsministers Karl Lauterbach“. Auch das Portal inSüdthüringen meldete den Einsatz. Dort heißt es, dem AfD-Politiker werde „die Unterstützung einer terroristischen Vereinigung“ vorgeworfen.

Hintergrund sind Ermittlungen gegen eine rechtsextremistische Gruppierung, die den Behörden als „Kaiserreichsgruppe“ oder „Vereinte Patrioten“ bekannt ist und dem Reichsbürger-Milieu zugerechnet wird. Nach Erkenntnissen der Ermittler soll die Gruppe zwei zentrale Vorhaben verfolgt haben: die Entführung des damaligen Bundesgesundheitsministers Karl Lauterbach sowie das Auslösen eines „massiven Stromausfalls“, um anschließend staatliche Strukturen anzugreifen und ein Regierungssystem nach dem Vorbild des Deutschen Reiches von 1871 zu errichten.

Mehrere Mitglieder der Gruppierung wurden bereits verurteilt. Vier Rädelsführer wurden im März 2022 „zu mehrjährigen Haftstrafen verurteilt“. Ein weiterer Angeklagter erhielt demnach „eine Strafe von zwei Jahren und zehn Monaten“.

cm

Teilen:   
Zu den Kommentaren (124) 

 Einmalig
 Monatlich
Apollo News unterstützen
Zahlungsoptionen:
 Pay
 Pay
10 € 
15 € 
25 € 
50 € 
100 € 
 Weiter zum Zahlen
 Bank-Überweisung","https://apollo-news.net/entfhrungsplne-gegen-lauterbach-sek-durchsucht-rume-eines-afd-stadtrats-in-ilmenau/"
2025-11-13,"Erstes Interview als Altkanzler: Scholz verteidigt neue Regierung und verkündet in Bezug auf die AfD: „Wir sind mehr!“","In seinem ersten großen Interview als Altkanzler kann Scholz weder bei sich selbst noch bei der aktuellen Bundesregierung Fehler erkennen. Den Rückgang der Zuwanderung schreibt Scholz eigenen Entscheidungen zu. Außerdem warnt er vor der AfD.","Erstmals seit seinem Abtritt als Bundeskanzler äußert sich Olaf Scholz im Interview mit der Zeit ausführlich zu seiner Situation und der aktuellen politischen Lage. „Scholz will sich wieder einmischen“, kommentiert die Zeitung ihr eigenes Interview im Vorspann. Der SPD-Politiker sieht seine neue Rolle als „einziger direkt gewählter Bundestagsabgeordneter einer Partei der Mitte außerhalb Berlins in Ostdeutschland.“

Tatsächlich zeigt sich Scholz vor allem „froh“ über die Handlungen der neuen schwarz-roten Koalition. So lobt er nicht nur die weitere Beteiligung seiner Partei an der Bundesregierung. Auch die Grundgesetzänderung im alten Bundestag, die eine massive Ausweitung der Verschuldung des Bundes erlaubt, findet Anklang bei Scholz.

Werbung

An 15 Milliarden Euro für die Ukraine sei die Ampelregierung gescheitert – und zwar im selben Bundestag, der wenige Monate später 500 Milliarden für „Infrastruktur“ und einen nach oben offenen Betrag für Verteidigungsausgaben freigeben sollte. „Ein bisschen ironisch“ findet das der Altkanzler. Das Ergebnis sei aber ganz in seinem Sinne.

Der Rückgang bei der illegalen Zuwanderung ist laut Scholz die „Folge von Entscheidungen, die die Regierung auf meinen Wunsch hin getroffen hat. Das ist doch eigentlich eine interessante Tatsache.“ Wie eine Analyse von Apollo News aus dem September zeigt, könnte der Altkanzler hier tatsächlich nicht unrecht haben.

Werbung

Um „rechtspopulistische Parteien“ klein zu halten, fordert Scholz, der Staat müsse effizienter werden. Der sogenannte Bau-Turbo und das Deutschland-Tempo im Energiesektor reichen aus Scholz‘ Sicht „bei Weitem nicht aus“. Sowohl in Deutschland als auch in den USA sei das „heutige Planungsrecht, das alles bremst“, verantwortlich für den Erfolg dieser Parteien – Scholz fasst also auch die amerikanischen Republikaner als Rechtspopulisten auf.

LESEN SIE AUCH:

Insa-Umfrage
Mehrheit der Deutschen schätzt Zustand von Rechtsstaat, Demokratie und Meinungsfreiheit als schlecht ein

Redaktion • 72 

Ermittlungen
Entführungspläne gegen Lauterbach: SEK durchsucht Räume eines AfD-Stadtrats in Ilmenau

Redaktion • 124 

Verteidigungsausgaben „wie zu Zeiten der Entspannungspolitik“ seien mit Blick auf einen möglichen russischen Angriff „jedenfalls richtig“. Wer „den Sozialstaat zerreibt“, vertiefe dagegen die „Spaltung der Gesellschaft“. Leistungskürzungen im Sozialwesen seien unnötig, Effizienzverbesserungen reichten aus. Reformpolitik auf die Schlechterstellung von „Rentnern, Kranken oder Pflegebedürftigen“ zu verengen, sei „pure Ideologie“.

Zumutungen kann der Altkanzler in der Regierungspolitik keine erkennen. Die „rückwärtsgewandte [Alternative], die sich Feinde sucht“ sei bei den Wählern nicht attraktiver als die „zukunftsorientierte, die die berechtigte Hoffnung auf ein besseres Leben vermittelt.“ Weiter führte der Altkanzler aus, „das Argument lautet: Wir sind mehr. Auch wenn die AfD 25 Prozent bekommt: Wir sind mehr.“

Werbung

Eine Zusammenarbeit der Union mit der AfD würde den „Nachkriegskonsens aufkündigen“ und wäre ein „schwerer Fehler“, so Scholz. „Verantwortung für das Land“ schreibt sich Scholz auch als „ein ehemaliger Kanzler“ zu – das werde er voraussichtlich „noch sehr lange Zeit“ sein. In dieser Zeit will er weiter Bücher schreiben und zu aktuellen Themen „regelmäßig publizieren“.

Teilen:   
Zu den Kommentaren (84) 

 Einmalig
 Monatlich
Apollo News unterstützen
Zahlungsoptionen:
 Pay
 Pay
10 € 
15 € 
25 € 
50 € 
100 € 
 Weiter zum Zahlen
 Bank-Überweisung","https://apollo-news.net/erstes-interview-als-altkanzler-scholz-verteidigt-die-neue-regierung-und-verkuendet-in-bezug-auf-die-afd-wir-sind-mehr/"
2025-11-13,"Sehverlust nach Corona-Impfung: Junge Frau kämpft vor Gericht gegen Biontech","Eine junge Frau macht vor dem Landgericht Dresden einen massiven Sehverlust nach einer Impfung mit dem Präparat von Biontech geltend. Sie verlangt 60.000 Euro und eine monatliche Zahlung. Auch ihr Vater klagt. Der Hersteller weist die Vorwürfe zurück.","Vor dem Landgericht Dresden fordert eine junge Frau Schadensersatz, weil sie ihren erheblichen Sehverlust auf eine Corona-Impfung zurückführt. Für die mündliche Verhandlung war lediglich eine halbe Stunde vorgesehen. Die Klägerin verlangt 60.000 Euro Schadensersatz sowie eine monatliche Zahlung von 400 Euro. Das Urteil soll im Dezember fallen.

Nach Angaben der Sächsischen Zeitung führt die Frau ihren erheblichen Sehverlust auf eine Impfung mit dem Präparat von Pfizer-Biontech zurück. Sie berichtet, sie könne tagsüber nur noch mit Sonnenbrille das Haus verlassen. Die Zeitung zitiert sie mit den Worten: „Das begann schleichend. Eines Morgens bin ich dann aufgewacht und konnte nichts mehr sehen.“ Ein ärztlicher Befund weist demnach eine Sehschärfe von 20 Prozent auf dem linken und 50 Prozent auf dem rechten Auge aus.

Werbung

Die Familie habe nach Beginn der Beschwerden mehrere Kliniken konsultiert, nachdem ein erstes Krankenhaus im sächsischen Radebeul keine Ursache feststellen konnte. Die junge Frau habe zwei Jahre lang keinen regulären Schulunterricht besuchen können. Sie erhält inzwischen eine Medikamentenkapsel im Augapfel, die regelmäßig ersetzt werden muss. Eine medizinische Ursache konnte bislang nicht festgestellt werden. Vorerkrankungen lagen nicht vor.

Auch ihr Vater klagt gegen Biontech. Er beklagt ebenfalls erhebliche Einschränkungen des Sehvermögens und ließ sich deshalb eine künstliche Linse einsetzen. Beide wurden mit derselben Impfstoff-Charge geimpft und führen ihre Beschwerden darauf zurück. Sie argumentieren, der Impfstoff könne verunreinigt gewesen sein.

Werbung

Augenleiden sind in den bekannten Hinweisen zu möglichen Nebenwirkungen des Biontech-Impfstoffs nicht aufgeführt. Der Anwalt der Klägerin forderte laut Bericht, den Hersteller zur Offenlegung sämtlicher Studienergebnisse zu verpflichten. Biontech beantragt laut Sächsischer Zeitung die Abweisung der Klage und bezeichnet den Vorgang als „unbegründet“.

cm

Teilen:   
Zu den Kommentaren (55) 

 Einmalig
 Monatlich
Apollo News unterstützen
Zahlungsoptionen:
 Pay
 Pay
10 € 
15 € 
25 € 
50 € 
100 € 
 Weiter zum Zahlen
 Bank-Überweisung","https://apollo-news.net/sehverlust-nach-corona-impfung-junge-frau-kaempft-vor-gericht-gegen-biontech/"
2025-11-13,"Von der Leyens neuer EU-Geheimdienst: Die Kommissionspräsidentin baut ihre Macht rücksichtslos aus","Von der Leyens will einen neuen EU-Geheimdienst als Konkurrenzbehörde zu bereits bestehenden EU-Strukturen aufbauen. Das ist in erster Linie ein Machtausbau der Kommissionspräsidentin.","EU-Kommissionspräsidentin Ursula von der Leyen plant den Aufbau eines europäischen Geheimdienstes – dieser soll ihr direkt unterstellt sein. Dadurch wird eine Parallelstruktur zur bereits bestehenden Geheimdienstzelle IntCen (Intelligence Analysis Centre) beim EU-Außenbeauftragten geschaffen.

Die neue Behörde steht exemplarisch für den Machthunger von der Leyens: Innerhalb ihres Einflussbereichs wird eine neue Geheimdiensteinheit entstehen, die nationale Geheimdiensterkenntnisse zusammenführen soll – und offenbar auch historisch neue Befugnisse für eine Geheimdienstbehörde auf EU-Ebene erhalten könnte.

Werbung

Als Vorwand für die Schaffung der neuen Einheit dient die Trump-Regierung in Amerika: Die Abhängigkeit von den Vereinigten Staaten könne durch den US-Präsidenten zur Erpressung eingesetzt werden, berichtet die Financial Times unter Berufung auf Insider. Die EU wolle im Bereich der Sicherheitspolitik unabhängiger von den USA werden – außerdem sollen durch die engere Kooperation auf EU-Ebene nationale Erkenntnisse effizienter verarbeitet werden. Alle Mitgliedstaaten sollen für den Aufbau der Einheit Experten entsenden.

Doch das Problem: Es gibt mit der IntCen bereits eine EU-Geheimdienstbehörde, die genau diese Ziele verfolgt und ebenfalls für eine enge Kooperation zwischen den einzelnen nationalen Geheimdiensten sorgt – durch die Pläne von der Leyens würden deshalb wohl neue Doppelstrukturen, Bürokratie und Machtkämpfe entstehen. Das befürchten laut Financial Times hochrangige EU-Beamte.

Werbung

Die Motivation für von der Leyens Vorgehen erscheint deshalb umso zwielichtiger: Auch wenn der neue Geheimdienst mit der IntCen kooperieren soll, scheint die Kommissionspräsidentin vor allem neue Macht auf ihrem Amt zu vereinen und die Macht des EU-Außenbeauftragten zu schwächen. Gleichzeitig könnte die neue Behörde durchaus neue Befugnisse erhalten, die ihr erlauben würden, wie ein echter Geheimdienst nach dem Vorbild etwa der CIA in den USA zu agieren.

LESEN SIE AUCH:

„Hammerbande“-Anschläge
USA stufen deutsche „Antifa Ost“ als Terrororganisation ein

Redaktion • 207 

Massive Finanzierungslücke
VW rutscht tiefer in die Krise: Aufsichtsrat verschiebt Milliarden-Investitionspaket

Redaktion • 57 

Trotz offensichtlicher Bedenken schweigen Politiker und Regierungspolitiker der EU-Mitglieder bislang praktisch kollektiv. Man scheint die Machtgelüste von der Leyens ohne Widerstand zur Kenntnis zu nehmen – seit ihrem Amtsantritt hat von der Leyen die Macht der Kommission, etwa bei der Aufstellung und Verwendung des EU-Haushalts, kontinuierlich ausgebaut.

Bereits beim „Pfizer-Gate“ hat von der Leyen ihr Amtsverständnis gezeigt: Über SMS verhandelte sie mit dem Pharma-Unternehmen Pfizer über Milliardendeals – am Ende kaufte die EU zu völlig überteuerten Preisen viel zu viele Impfdosen. Bereits das legt den undemokratischen Geist von der Leyens offen – ihr Verhalten nach Enthüllung des Skandals, nämlich die Weigerung, den Inhalt des Chatverlaufs oder die SMS selbst zu veröffentlichen, unterstreicht das.

Werbung

Das alles dürfte besonders beunruhigend sein, weil von der Leyen selbst die größte Befürworterin eines Kampfs gegen „Desinformation“ oder „Hass und Hetze“ ist. So operiert seit Mittwoch das „EU Democracy Shield“ – ebenfalls eine Initiative der Kommission. Dazu soll ein spezialisiertes Zentrum aufgebaut werden, das etwa den „Digital Services Act“ der EU (ebenso ein von der Leyen-Projekt) durchsetzen soll – damit können soziale Plattformen zur Löschung von vermeintlicher Desinformation gezwungen werden. So will man angeblich ausländische Einflüsse bekämpfen.

Da die Entwicklung der neuen von der Leyen-Geheimbehörde sich noch in den Kinderschuhen befindet, ist noch unklar, was genau ihr Einsatzgebiet sein wird. Erfahrungsgemäß liegt jedoch die Vermutung nahe, dass auch hier eine neue EU-Abteilung im Kampf gegen Desinformation und Hetze entstehen könnte.

Teilen:   
Zu den Kommentaren (72) 

 Einmalig
 Monatlich
Apollo News unterstützen
Zahlungsoptionen:
 Pay
 Pay
10 € 
15 € 
25 € 
50 € 
100 € 
 Weiter zum Zahlen
 Bank-Überweisung","https://apollo-news.net/von-der-leyens-neuer-eu-geheimdienst-die-kommissionspraesidentin-baut-ihre-macht-ruecksichtslos-aus/"
2025-11-13,"Nach Brandanschlag: „Solidarität werden Sie nicht bekommen“, sagt Grünen-Politikerin zur AfD","„Wir teilen nicht dieselben Werte, nicht dieselbe Haltung, nicht dieselben Ziele“: Sina Imhof, Grünen-Fraktionschefin in der Hamburger Bürgerschaft, erklärt der AfD nach dem Brandanschlag auf Bernd Baumann, sie habe Solidarität nicht verdient.","Nach dem Brandanschlag auf das Auto des Hamburger AfD-Bundestagsabgeordneten Bernd Baumann am 3. November, zu dem sich eine linksradikale Gruppe bekannte (Apollo News berichtete), nutzte die AfD in der Hamburgischen Bürgerschaft ihr Debattenanmelderecht und beantragte eine Aktuelle Stunde mit dem Titel: „Linker Terror gegen Politiker – bedrückendes Schweigen von Senat und Bürgerschaftspräsidium“.

Während die AfD-Fraktion die gestrige Aktuelle Stunde mit mehreren Redebeiträgen prägte und mehrfach die mangelnde Anteilnahme und Empörung über den Anschlag beklagte, hielten sich Vertreter der übrigen Parteien zunächst bewusst zurück.

Werbung

Erst zum Ende der Debatte trat Grünen-Fraktionschefin Sina Imhof für eine Gegenrede ans Rednerpult. In ihrer größtenteils an die anwesenden Zuschauer gerichteten Rede wies sie zunächst die Behauptung zurück, dass sich Vertreter der anderen Fraktionen nicht deutlich gegen den Anschlag positioniert und gegen politische Gewalt ausgesprochen hätten: „Auch heute haben Vertreterinnen aller demokratischen Fraktionen gleich zu Beginn ihrer Reden deutlich gemacht, dass von niemandem in diesem Hause Gewalt ein legitimes Mittel des politischen Diskurses ist“, sagte die Grünen-Politikerin.

Imhof ging sodann auf den zentralen Punkt der AfD-Kritik ein – die mangelnde Solidarität der anderen Parteien. Dieser Forderung erteilte sie vom Rednerpult unter Beifall aller anderen Fraktionen außer der der AfD eine klare Absage. Wörtlich sagte Imhof: „Solidarität ist ein Gefühl, ein Einstehen füreinander. Ein Einstehen füreinander, das daraus resultiert, dass Menschen dieselben Werte, dieselbe Haltung und dieselben Ziele teilen.“

Werbung

Imhof machte klar, dass sie diese Grundlage bei der AfD nicht sieht: „Ich glaube, das ist heute deutlich geworden, dass wir das hier nicht tun – nicht mit der ganz rechten Seite. Und deshalb hören Sie auf, Solidarität werden Sie nicht bekommen. Wir teilen nicht dieselben Werte, nicht dieselbe Haltung, nicht dieselben Ziele.“ Damit brachte Imhof im Umkehrschluss letztlich zum Ausdruck, dass sie sich nur mit politisch weitgehend Gleichgesinnten solidarisch zeigen könne.

LESEN SIE AUCH:

Insa-Umfrage
Mehrheit der Deutschen schätzt Zustand von Rechtsstaat, Demokratie und Meinungsfreiheit als schlecht ein

Redaktion • 72 

Ermittlungen
Entführungspläne gegen Lauterbach: SEK durchsucht Räume eines AfD-Stadtrats in Ilmenau

Redaktion • 124 

Zuvor hatte AfD-Fraktionschef Dirk Nockemann in seiner Rede scharfe Kritik an Bürgermeister Peter Tschentscher (SPD) und Innensenator Andy Grote geübt und ihnen vorgeworfen, durch ihr Schweigen zur Gewalt gegen AfD-Politiker beizutragen. Das Schweigen, so Nockemann, werde „von vielen Menschen im Land als Zustimmung verstanden, als unverhohlenes Goutieren von roher Gewalt gegen die AfD“.

Die übrigen Parteien verfolgten in der Bürgerschaftsdebatte zunächst die Strategie, nicht wirklich auf die Vorwürfe der AfD einzugehen. Erst im späteren Verlauf meldeten sich CDU, SPD, Linke und Grüne zu Wort. CDU-Politiker Dietrich Wersich stellte klar, dass es „keine Rechtfertigung für Gewalt in der politischen Auseinandersetzung“ gebe, warnte aber zugleich davor, „Verfassungsorgane in die Nähe von Tätern zu rücken“.

Werbung

Imhofs abschließende Worte markierten schließlich den Schlusspunkt einer aufgeladenen Debatte. Sie verweigerte der AfD nicht nur ihre Solidarität, sondern warf der Fraktion ihrerseits eine Rhetorik vor, die in aller Regelmäßigkeit auf „kulminierte, geschürte Hetze“ zurückgreife.

Teilen:   
Zu den Kommentaren (246) 

 Einmalig
 Monatlich
Apollo News unterstützen
Zahlungsoptionen:
 Pay
 Pay
10 € 
15 € 
25 € 
50 € 
100 € 
 Weiter zum Zahlen
 Bank-Überweisung","https://apollo-news.net/nach-brandanschlag-solidaritaet-werden-sie-nicht-bekommen-sagt-gruenen-politikerin-zur-afd/"
2025-11-13,"Trump: „Wir lassen uns niemals erpressen“: Übergangshaushalt bringt Ende des 43-tägigen Stillstands","Der 43-tägige Regierungsstillstand in den USA ist beendet, nachdem Präsident Trump den Übergangshaushalt unterzeichnet hat und damit die staatliche Finanzierung vorerst wiederherstellt. Der hart umstrittene Kompromiss passierte zuvor beide Kammern. Trump erklärte, man werde sich „niemals erpressen lassen“.","Mit der Unterzeichnung eines Übergangshaushalts hat US-Präsident Donald Trump den längsten Regierungsstillstand in der Geschichte der Vereinigten Staaten beendet. Der Kompromiss, den beide Kongresskammern zuvor gebilligt hatten, setzt die staatliche Finanzierung vorerst wieder in Kraft und beendet den 43-tägigen Shutdown. Bei der Unterzeichnung erklärte Trump: „Heute senden wir eine klare Botschaft, dass wir uns niemals erpressen lassen werden“.

Das Repräsentantenhaus, in dem die Republikaner die Mehrheit halten, sprach sich mit 222 zu 209 Stimmen für die Vorlage aus. Auch einige Demokraten unterstützten den Entwurf – obwohl der Inhalt innerhalb der Partei hoch umstritten ist. Insbesondere in der Gesundheitspolitik konnten sie zentrale Anliegen nicht durchsetzen.

Werbung

Der Stillstand hatte seit dem 1. Oktober erhebliche Auswirkungen. Zahlreiche Bundesbehörden arbeiteten nur eingeschränkt, Mitarbeiter blieben ohne Gehalt, staatliche Lebensmittelhilfen fielen aus und der Flugverkehr war infolge Personalmangels stark beeinträchtigt.

Im Mittelpunkt des Haushaltsstreits standen auslaufende Steuergutschriften für Krankenversicherungsbeiträge von mehr als 20 Millionen Menschen. Die Demokraten wollten diese Zuschüsse verlängern, während die Republikaner darauf bestanden, erst nach dem Ende der Haushaltssperre darüber zu verhandeln. Ohne entsprechendes Gesetz drohen vielen Versicherten deutliche Mehrkosten.

Werbung

Wie zäh der Konflikt verlief, kommentierte der republikanische Abgeordnete David Schweikert mit den Worten: „Wir haben gerade 40 Tage verbracht, und ich weiß immer noch nicht, was die Handlung war“. Der verabschiedete Übergangshaushalt gilt bis Ende Januar. Sollte bis dahin kein regulärer Bundeshaushalt zustande kommen, könnte es ab Februar erneut zu einem Stillstand der Regierungsgeschäfte kommen.

ha

Teilen:   
Zu den Kommentaren (20) 

 Einmalig
 Monatlich
Apollo News unterstützen
Zahlungsoptionen:
 Pay
 Pay
10 € 
15 € 
25 € 
50 € 
100 € 
 Weiter zum Zahlen
 Bank-Überweisung","https://apollo-news.net/trump-wir-lassen-uns-niemals-erpressen-uebergangshaushalt-bringt-ende-des-43-taegigen-stillstands/"
2025-11-13,"Regierung streicht Bürgergeld für neue Ukraine-Flüchtlinge – Mehrheit bleibt anspruchsberechtigt","Nur Ukrainer, die nach dem 1. April 2025 eingereist sind, erhalten künftig keine Bürgergeld-Leistungen mehr. Die große Mehrheit der bereits hier lebenden Flüchtlinge ist von der Neuregelung nicht betroffen.","Die Bundesregierung hat sich nach Informationen der Bild auf eine Reform bei den Sozialleistungen für Flüchtlinge aus der Ukraine geeinigt. Künftig sollen alle Ukrainer, die nach dem 1. April 2025 nach Deutschland gekommen sind, keinen Anspruch mehr auf Bürgergeld haben. Sie erhalten stattdessen Leistungen nach dem Asylbewerberleistungsgesetz – also geringere staatliche Unterstützung.

Der sogenannte Rechtskreiswechsel beendet den seit 2022 geltenden Sonderstatus ukrainischer Flüchtlinge. Die Einigung erfolgte zwischen Innenminister Alexander Dobrindt (CSU) und Bundesarbeitsministerin Bärbel Bas (SPD). Bas bestätigte, dass sie die Reform nun umsetzen werde, auch wenn sie sie für falsch hält. Wörtlich sagte sie im Bundestag: „Mir gefällt es nicht, ich sage das ganz offen.“ Integration über Sprachkurse und Arbeit sei effektiver und nachhaltiger, die neue Regelung erschwere dies jedoch.

Werbung

Wichtig ist: Die Neuregelung betrifft nur eine kleine Minderheit der Ukrainer in Deutschland. Von den derzeit rund 1,1 Millionen hier lebenden Flüchtlingen kamen über 90 Prozent vor dem 1. April 2025 ins Land. Sie behalten weiterhin Anspruch auf Bürgergeld. Lediglich Neuankömmlinge erhalten künftig niedrigere Leistungen – 441 Euro pro Monat statt bisher 563 Euro für Alleinstehende, dazu eingeschränkten Zugang zu Integrations- und Sprachkursen.

Innenminister Dobrindt befürwortet den Schritt, da ukrainische Flüchtlinge bislang besser als andere Gruppen gestellt gewesen seien. Auch die Union hatte auf die Reform gedrängt, um mehr Menschen in Arbeit zu bringen und Gelder einzusparen.

Werbung

Ob das gelingt, ist allerdings mehr als fragwürdig. Finanziell führt die Umstellung kaum zu Einsparungen, da Verwaltungskosten und Mehrausgaben an anderer Stelle den Effekt aufheben. Roland Schüßler, Chef der Arbeitsagentur Nordrhein-Westfalen, erklärte gegenüber der Rheinischen Post: „Fiskalisch ist es ein Nullsummenspiel, und arbeitsmarktlich macht es keinen Sinn.“ Durch den erschwerten Zugang zu Sprach- und Integrationskursen werden nämlich auch die Hürden für eine erfolgreiche Eingliederung in den deutschen Arbeitsmarkt angehoben.

LESEN SIE AUCH:

SPD-Sozialministerin
Bärbel Bas kritisiert Bürgergeldstreichung für Ukrainer

André Hintz • 68 

Koalitionsstreit
Unterschriften gesammelt: SPD-Mitglieder wollen Änderungen beim Bürgergeld verhindern

Redaktion • 23 

Arbeitsministerin Bas betonte, dass der Zugang zum Arbeitsmarkt für Ukrainer trotz der Neuregelung bestehen bleibe. Beratungen und Stellenangebote könnten weiterhin genutzt werden, nur der Rechtsanspruch auf bestimmte Förderungen entfällt.

Ursprünglich hatten Teile der Koalition gefordert, den Sonderstatus rückwirkend für alle ukrainischen Flüchtlinge aufzuheben. Das sei aber zu bürokratisch und administrativ kaum umsetzbar gewesen. Kommunen und Länder hätten gegen eine Rückwirkung protestiert.

Teilen:   
Zu den Kommentaren (77) 

 Einmalig
 Monatlich
Apollo News unterstützen
Zahlungsoptionen:
 Pay
 Pay
10 € 
15 € 
25 € 
50 € 
100 € 
 Weiter zum Zahlen
 Bank-Überweisung","https://apollo-news.net/regierung-streicht-brgergeld-fr-neue-ukraine-flchtlinge-mehrheit-bleibt-anspruchsberechtigt/"
2025-11-13,"Bundestag debattiert Amadeu-Antonio-Förderung – Grüne wollen „Zweifel“ an Zivilgesellschaft „nicht zulassen“","Am Mittwochabend debattierte der Bundestag auf Antrag der AfD über die Förderung der Amadeu-Antonio-Stiftung. Die Grünen mahnten: „Zweifel“ an der Zivilgesellschaft dürfe man „nicht zulassen“.","Am Mittwochabend hat der Bundestag über die Förderung der Amadeu-Antonio-Stiftung debattiert. Die AfD-Fraktion hatte die Streichung sämtlicher Bundesmittel für die politisch umstrittene Stiftung beantragt. Die übrigen Redner aller Fraktionen widersprachen dieser Forderung in der Debatte.

Der AfD-Abgeordnete Stephan Brandner forderte in einer scharfen und ironisch bis polemischen Rede die sofortige Streichung der Mittel für die Organisation. Brandner schimpfte auf die „geballte linkswoke, weniger demokratische Schickeria“ – und fragte die damit gemeinten übrigen Fraktionen, ob sie eine Maßnahme der Amadeu-Antonio-Stiftung nennen könnten, die „Deutschland ein kleines bisschen besser gemacht“ hätten. Daraufhin meldete sich der CDU-Abgeordnete Konrad Körner, der prompt auf eine Kampagne gegen Antisemitismus unter dem Dach der Stiftung verwies.

Werbung

Brandner attackierte die Stiftung und deren Gründerin Anetta Kahane unter Verweis auf ihre Vergangenheit als Mitarbeiterin der Stasi – die Stiftung führe „linke Repression“ der SED fort. Die Union fördere das weiter „in der devoten und naiven Hoffnung, es wird mal irgendwann besser – es wird nicht besser werden, sage ich Ihnen.“ Brandner verwies auch auf den Rammstein-Spendenskandal der Stiftung (hier mehr dazu). Die Stiftung müsse sich zukünftig selbst finanzieren, forderte der AfD-Abgeordnete.

Union: Können Förderung „nicht einfach so abschalten“

Der Unionsabgeordnete Marvin Schulz versäumte in seiner Rede eine ehrlich-kritische Auseinandersetzung mit der Stiftung: „Zivilgesellschaftliches Engagement auf der einen Seite – das begrüßen wir. Politischen Aktivismus auf der anderen Seite lehnen wir ab.“ Schulz beschrieb die Amadeu-Antonio-Stiftung als eine „Stiftung, die seit vielen Jahren Projekte gegen Antisemitismus, gegen Rechtsextremismus und gegen Rassismus unterstützt“. Er erklärte aber auch, dass es „Kritik“ an der Arbeit der Stiftung gebe: „Diskussionen zu einzelnen Projekten, zu Formulierungen, zu politischer Schlagseite“.

Werbung

Diese Kritik sei auch erlaubt – aber es gäbe einen Unterschied „zwischen berechtigter Kritik auf der einen und pauschalen Ablehnung auf der anderen Seite“. Letzteres betreibe die AfD. Schulz erklärte, dass er selbst Kritik an der Stiftung übe. Gleichzeitig betonte er, er müsse „in aller Deutlichkeit warnen: Die Förderung, auch die finanzielle Förderung zivilgesellschaftlichen Engagements – die ist ja kein Strompreis, den wir nach Belieben abschalten können, nur weil uns das Licht nicht gefällt.“

LESEN SIE AUCH:

BSW-Einzug
Umfrage: Mehr als ein Drittel der Deutschen fordert Neuauszählung der Bundestagswahl

Redaktion • 49 

Analyse
„Mehr Sauerland für Deutschland“ war gestern: Junge CDU-Abgeordnete verschärfen Kritik an Merz und der Regierung

Matthias Böttger • 40 

Der AfD-Forderung, die Mittel für die Amadeu-Antonio-Stiftung sofort abzustellen, erteilte der Unionsabgeordnete eine Absage und verwies auf bereits zugesagte Förderungen: „In einem Rechtsstaat können wir nicht von heute auf morgen einfach so abschalten.“

Der Unionsabgeordnete Konrad Körner warf der AfD in ihrem Ansinnen gegen die Stiftung Antisemitismus vor. Dass die Kritik der Fraktion sich vor allem an der Gründerin Anetta Kahane abarbeitet, die als „Person mit dezidiert jüdischem Glauben einmal so nebenbei erwähnt“ werde – „damit man, wenn man es liest, so ein bisschen drüber nachdenkt“ – sei kein Zufall. Auch Körner verwies darauf, dass bereits ausgestellte Förderbescheide für Projekte bindend seien.

Werbung

Grüne: Zweifel an Zivilgesellschaft „nicht zulassen“

Die Grünen-Abgeordnete Misbah Khan warnte, die AfD würde mit ihrem Antrag „die gesamte demokratische Zivilgesellschaft zum Feind“ erklären. Die Amadeu-Antonio-Stiftung sei „ein Symbol für all jene Organisationen, die sich in diesem Land einsetzen für unsere Demokratie und unsere Gesellschaft.“ Wer heute einen Teil der „Zivilgesellschaft“ angreife, der greife morgen den nächsten an.

Dies sei ein autoritäres Muster, „das wir in diesem Land nicht zulassen dürfen.“ Khan warf der AfD anlässlich des neunten Novembers vor, sie würde die Amadeu-Antonio-Stiftung wegen ihres Engagements gegen Antisemitismus angreifen. Das sei „von Bösartigkeit und an Menschenverachtung kaum zu überbieten.“

Am Ende ihrer Rede warf die Grünen-Abgeordnete CDU und CSU wegen ihrer 551 kritischen Fragen zu geförderten Nichtregierungsorganisationen Anfang des Jahres vor – damit hätte die Union versucht, die Zivilgesellschaft „in Zweifel zu ziehen. Und wir dürfen das nicht zulassen“, so Khan.

Werbung

SPD: Mittel für Stiftung gehören „aufgestockt“

Die Redner der SPD zeichneten sich in der Debatte vor allem durch das Reiten scharfer Attacken aus. Der Abgeordnete Felix Döring erklärte, die AfD würde die Amadeu-Antonio-Stiftung gezielt angreifen, weil diese „sehr früh und sehr klar herausgearbeitet“ habe, dass die Partei „gesichert rechtsextrem“ sei.

Die Mittel der Amadeu-Antonio-Stiftung sollten „nicht weggestrichen, sondern aufgestockt“ werden, forderte Döring. Die SPD werde es nicht zulassen, dass die AfD versuche, „unsere demokratische Zivilgesellschaft in Misskredit zu bringen“. Er betonte, man müsse die AfD verbieten.

„Gemeinsame Kampagne“: SPD-Mann attackiert Apollo News

Der AfD-Abgeordnete Gereon Bollmann brachte in seiner Rede auch die Verstrickung der Amadeu-Antonio-Stiftung in die Kampagne gegen Apollo News zur Sprache: Die Stiftung arbeite „demokratiefeindlich“, erklärte Bollmann unter Verweis auf die Stiftungsmitarbeiterin Kira Ayyadi, die an der Vertreibungskampagne der Linken in Berlin-Treptow gegen Apollo News beteiligt war. „Wer die Pressefreiheit angreift, ist ein Verfassungsfeind“, sagte der AfD-Abgeordnete.

Werbung

„Die Finanzierung der Amadeu-Antonio-Stiftung, noch dazu in Millionenhöhe, die muss sofort aufhören!“ Der AfD-Abgeordnete beklagte zudem, dass auf Belltower News, dem Portal der Stiftung, Gewalt gefeiert werde.

Der SPD-Abgeordnete Helge Lindh warf der AfD vor, sie wolle die gesamte „demokratische Zivilgesellschaft“ abschaffen. „Das ist Ihr Hass als Geschäftsmodell.“ Die AfD sei „scheinheilig“, erklärte Lindh: „Denn Sie sind ja nicht gegen die gesamte Zivilgesellschaft. Gegen Apollo News und Nius sind Sie nicht (…). Weil ja die gemeinsame Kampagne darin besteht, zu diskreditieren und Stimmung zu machen“, behauptete der SPD-Abgeordnete. Ihm musste schließlich das Mikrofon abgestellt werden, nachdem er seine Redezeit deutlich überschritten hatte.

Teilen:   
Zu den Kommentaren (136) 

 Einmalig
 Monatlich
Apollo News unterstützen
Zahlungsoptionen:
 Pay
 Pay
10 € 
15 € 
25 € 
50 € 
100 € 
 Weiter zum Zahlen
 Bank-Überweisung","https://apollo-news.net/bundestag-debattiert-amadeu-antonio-foerderung-gruene-wollen-zweifel-an-zivilgesellschaft-nicht-zulassen/"
2025-11-13,"Koalition einigt sich auf Pläne zur Wehrpflicht: Musterung von 18-Jährigen soll 2026 beginnen","Die Koalition hat ihren Wehrpflicht-Streit beigelegt und will das Ergebnis am Donnerstagmorgen öffentlich vorstellen. Vorgesehen ist die Einführung mit einem Fragebogen für alle 18-Jährigen ab 2026 und umfassender Musterung eines Jahrgangs ab 2027.","Der Streit innerhalb der Koalition um die geplante Wehrpflicht ist offenbar beigelegt. Wie aus Fraktionskreisen verlautet, soll das Ergebnis am Donnerstagmorgen zunächst intern vorgestellt werden, ein öffentliches Statement ist für 9.15 Uhr vorgesehen. An dem späten Krisengespräch am Mittwoch nahmen Verteidigungsminister Boris Pistorius, die Fraktionschefs Jens Spahn und Matthias Miersch sowie Fachpolitiker beider Seiten teil. Konkrete Inhalte drangen zunächst nicht nach außen. Nach dem gescheiterten Einigungsversuch im Oktober könnte nun im Dezember der Bundestag über das Gesetz entscheiden.

Kern der Einigung ist nach übereinstimmenden Berichten eine gestufte Einführung neuer Verfahren zur Gewinnung von Rekruten. Anfang 2026 sollen alle 18-Jährigen einen Fragebogen erhalten. Männer müssen ihn ausfüllen, Frauen können. Dieser Fragebogen gilt bereits als Teil der Musterung und soll im ersten Jahr rund 20.000 Freiwillige hervorbringen.

Werbung

Ab Mitte 2027 soll ein kompletter Jahrgang von etwa 300.000 Männern gemustert werden. Ein zwischenzeitlich diskutiertes doppeltes Losverfahren entfällt; lediglich eine allgemeine Formulierung zu einem „fairen oder gerechten Auswahlverfahren“ soll ins Gesetz aufgenommen werden, dies berichtete die Welt. Über konkrete Zwangsmaßnahmen würde erst ein späteres Gesetz entscheiden, falls Freiwillige nicht ausreichen.

Pistorius hatte wiederholt betont, es gehe auch darum, „wirklich handlungsfähig sein zu können und wirklich zu wissen, wer ist denn überhaupt in der Lage, eingezogen zu werden“. Die Union signalisierte grundsätzlich Zustimmung zur umfassenden Musterung, stellte jedoch die Wirksamkeit eines rein freiwilligen Modells infrage.

Werbung

Hintergrund der Reform ist der geplante deutliche Aufwuchs der Bundeswehr vor dem Hintergrund veränderter NATO-Planungen. Die Streitkräfte sollen langfristig auf 260.000 Soldaten wachsen. zusätzlich sind 200.000 Reservisten vorgesehen. Die Wehrpflicht ist seit 2011 ausgesetzt, kann aber mit einfacher Mehrheit reaktiviert werden. Diskussionen über eine mögliche Einbindung von Frauen dauern an, eine verfassungsändernde Mehrheit ist derzeit jedoch nicht in Sicht.

ha

Teilen:   
Zu den Kommentaren (141) 

 Einmalig
 Monatlich
Apollo News unterstützen
Zahlungsoptionen:
 Pay
 Pay
10 € 
15 € 
25 € 
50 € 
100 € 
 Weiter zum Zahlen
 Bank-Überweisung","https://apollo-news.net/koalition-einigt-sich-auf-plaene-zur-wehrpflicht-musterung-von-18-jaehrige-soll-2026-beginnen/"
2025-11-13,"Tellkamp-Lesung in Potsdam: Oberbürgermeisterin stellt Stellvertreter wegen Teilnahme unter Extremismusverdacht","Potsdams Baubeigeordneter Bernd Rubelt besuchte privat eine Lesung von Uwe Tellkamp, die von seiner Frau organisiert wurde. Im Nachgang erntet er viel Kritik – die Oberbürgermeisterin stellt ihren Mitarbeiter gar unter Extremismusverdacht.","Ein privater Besuch von Bernd Rubelt – dem Potsdamer Baubeigeordneten, einem Stellvertreter der Oberbürgermeisterin – bei einer Lesung von Uwe Tellkamp in der Kulturscheune Marquardt am Samstagabend sorgt für Wirbel in der Brandenburger Landeshauptstadt. Potsdams frisch gewählte parteilose Oberbürgermeisterin Noosha Aubel kritisiert die Teilnahme als „stille Billigung“ und rückt die Veranstaltung in die Nähe von politischem Extremismus.

Der Verein „Bürgergesellschaft für gesundes und selbstbestimmtes Leben e.V.“, dessen Vorsitzende die Ehefrau von Rubelt, Susanne Müller-Rubelt, ist, hatte zu der Lesung eingeladen. Auch die örtliche CDU-Bundestagsabgeordnete Saskia Ludwig hatte für die Veranstaltung, zu der rund 80 Zuhörer kamen, geworben.

Werbung

Bevor es politisch wurde, las Tellkamp 40 Minuten lang aus einem noch nicht veröffentlichten Buch vor. Darin spielt seine Figur Fabian Hoffmann, die bereits in dem Bestseller „Der Turm“ aus dem Jahr 2008 vorkam, eine Rolle. Neben Tellkamp saßen auch die Autorinnen Kathrin Schmidt, Doreen Mechsner und Jana Franke Frey auf dem Podium und diskutierten nach der Lesung mit dem Publikum. Alle vier lehnen die „Brandmauer“ zur AfD ab und kritisierten die Coronamaßnahmen-Politik.

Bei der anschließenden Fragerunde wurde Tellkamp gefragt, warum er als rechts gelte. „Wenn Sie sich kritisch zur Immigration äußern, zur Energiewende, zur sogenannten ,grünen Erzählung‘, zur Corona-Politik, zu MeToo, zum Gendern, dann sind Sie automatisch rechts“, erwiderte Tellkamp. Ob es unter der AfD mehr Meinungsfreiheit gäbe, wollte ein anderer Zuhörer wissen. Tellkamp antwortete: „Die Linken kriegen kein Geld mehr. Wir sperren keine Theater zu. Wir werden sehen, wie’s wird.“

Werbung

Ein erstes kritisches Statement zu der Veranstaltung veröffentlichten SPD, Die Linke und die lokale linke Wählergruppe Die aNDERE. Als „besonders befremdlich“ bezeichnen es die Politiker, dass sich Tellkamp „nicht nur bei der Vereinsvorsitzenden Susanne Müller-Rubelt, sondern ausdrücklich auch bei ihrem Ehemann, dem Potsdamer Baubeigeordneten Bernd Rubelt, für die Einladung bedankte.“ Suggestiv fragen sie, welche Rolle „Herr Rubelt bei der Organisation oder Ermöglichung dieser Veranstaltung“ gespielt und ob „womöglich eine politische Einflussnahme zugunsten des Vereins“ stattgefunden habe.

LESEN SIE AUCH:

Konflikt in Landesspitze
BSW gerät unter Druck: Nach Austritten in Brandenburg tobt nun auch in Sachsen-Anhalt ein Machtkampf

Redaktion • 26 

Analyse
Brandenburg im Regierungschaos – wie es jetzt weitergehen kann

Willi Weißfuß • 17 

Darüber hinaus wird in dem Statement kritisiert, dass die Lesung überhaupt in der von der Stadt Potsdam geförderten Kulturscheune Marquardt durchgeführt werden konnte. In dieser dürfen „grundsätzlich keine parteipolitischen oder eindeutig politischen Veranstaltungen stattfinden“. Offiziell wurde die Veranstaltung als literarische Lesung angekündigt. Da es bei der Veranstaltung aber auch um politische Themen gegangen sei, sprechen die Lokalpolitiker von einem gezielten Missbrauch.

Die neue Oberbürgermeisterin von Potsdam, Noosha Aubel, die bei der Wahl im Oktober von den Grünen und Volt unterstützt worden war, sprach in Reaktion auf dessen Besuch bei der Veranstaltung persönlich mit ihrem Stellvertreter. Ihre Erwartungen an einen Beigeordneten teilte sie ihm auch schriftlich mit: „Unabhängig davon, dass die Veranstaltung privat organisiert wurde, entsteht durch die sichtbare Anwesenheit und Mitwirkung beim Aufbau der Eindruck einer institutionellen Nähe oder stillen Billigung“, zitiert die Märkische Allgemeine Zeitung Aubel.

Werbung

„Damit verbunden ist eine gesteigerte Pflicht zur Wahrung und aktiven Unterstützung der freiheitlich-demokratischen Grundordnung sowie zur politischen und weltanschaulichen Zurückhaltung.“ Deswegen erwartet Aubel, „dass künftig ein eindeutiges Bewusstsein darüber besteht, wie Amt, Person und öffentliche Wahrnehmung ineinandergreifen. Dazu zählt auch, dass die Unterstützung oder Mitwirkung bei Veranstaltungen, in denen demokratische Grundprinzipien relativiert oder infrage gestellt werden könnten, nicht akzeptabel ist.“

Bernd Rubelt selbst äußerte sich am Mittwochnachmittag zu seinem Besuch bei der Tellkamp-Lesung: „Bei privat besuchten Veranstaltungen höre ich mir unterschiedliche und auch widerstreitende Meinungen an, ohne dass ich mir die Positionen zu eigen mache.“ Darüber hinaus betont der Beigeordnete, dass er sowohl privat als auch dienstlich für die freiheitlich-demokratische Grundordnung einstehe.

ww

Teilen:   
Zu den Kommentaren (92) 

 Einmalig
 Monatlich
Apollo News unterstützen
Zahlungsoptionen:
 Pay
 Pay
10 € 
15 € 
25 € 
50 € 
100 € 
 Weiter zum Zahlen
 Bank-Überweisung","https://apollo-news.net/tellkamp-lesung-in-potsdam-oberbuergermeisterin-stellt-stellvertreter-wegen-teilnahme-unter-extremismusverdacht/"
2025-11-13,"„Mehr Sauerland für Deutschland“ war gestern: Junge CDU-Abgeordnete verschärfen Kritik an Merz und der Regierung","Am Wochenende findet der Deutschlandtag der Jungen Union statt. Ob die Führung der Jugendorganisation von CDU und CSU mit ihrer Kritik an Merz nur den Delegierten imponieren möchte oder ernsthaft an einem alternativen Kurs arbeitet, ist offen.","Die jungen CDU-Abgeordneten sind unzufrieden. Aus ihrer Sicht berücksichtigt die Bundesregierung unter ihrem eigenen Parteivorsitzenden, Bundeskanzler Friedrich Merz, die Frage der Generationengerechtigkeit zu wenig in ihrer Arbeit. Gesundheit und Überschuldung, aber auch Verteidigung sind nur einige der Themen, bei denen die Koalition ihre Unterstützung zu verlieren droht. Aktuell droht die Gruppe das Rentenpaket zu blockieren, weil der Entwurf aus dem Haus von SPD-Chefin Bärbel Bas den Koalitionsvertrag stark im Sinne der Sozialdemokraten interpretiert (Apollo News berichtete).

Ob die 18 jungen Männer und Frauen aus CDU und CSU sich wirklich trauen, die Koalition zu sprengen, ist aber fraglich. Die Junge Gruppe umfasst die Abgeordneten, die bei der Wahl der Jungen Union angehört haben, also unter 35 Jahre alt waren. Ohne sie verliert die Koalition ihre knappe Mehrheit im Bundestag. Sie bilden keine homogene Gruppe – gemeinsam können sie aber viel Macht ausüben.  

Werbung

Hinter ihnen steht die Junge Union, der gemeinsame Parteinachwuchs von CDU und CSU. Diese erfüllt wie alle Parteigliederungen zwei Funktionen: Einerseits soll sie Positionen von jungen Politikinteressierten in die Partei tragen und sie an politische Verantwortung heranführen. Andererseits soll die Junge Union diese Köpfe an die etablierte Parteienlandschaft anbinden und das teils explosive Potential der Jungen neutralisieren.

Kritische Töne aus den Reihen der Jungen in der CDU sind in den letzten Jahren immer vernehmbarer geworden. Beim Deutschlandtag 2019 hatte Johannes Winkel als einfacher Delegierter noch eine Plakataktion gestartet: Mit dem Slogan „Mehr Sauerland für Deutschland“ warb er wenige Monate, nachdem sich Annegret Kramp-Karrenbauer gegen Merz als Parteivorsitzende durchgesetzt hatte, für den damals ämterlosen heutigen Bundeskanzler. 2021 nutzte Winkel die Bühne des JU-Parteitages für eine Abrechnung mit Söder und Laschet nach der für die Union verlorenen Bundestagswahl.

Werbung

Inzwischen ist der konservativere Kurs, der Probleme zumindest beim Namen nennt, an der Spitze der Organisation angekommen: Als JU-Bundeschef und frisch gewählter Bundestagsabgeordneter hat Winkel seine Kritik im Frühjahr sogar gegen die eigene, entstehende Regierung gewendet. Nicht nur bezeichnete er die Sondierungsergebnisse bei Rente und Verteidigung als „fatales Signal“ (mehr dazu hier und hier); auch die Einigung zur Umgehung der Schuldenbremse wertete er als „deutliche Niederlage“ für seine Partei (mehr dazu hier).

LESEN SIE AUCH:

Bürokratie
Brandmauer fällt im EU-Parlament: Mitte-Rechts stimmt für abgeschwächte Lieferkettenregeln

Redaktion • 25 

Abendessen im Kanzleramt
Regierung macht Geheimnis um Treffen mit Verfassungsrichtern: Notizen von Dobrindt „liegen nicht mehr vor“

Selma Fatogun • 91 

Auch in Fragen der politischen Strategie schießt der Vorsitzende der Jungen Union gegen den langjährigen Kurs seiner Mutterpartei. „Rechts muss immer in die Mitte integriert werden“, forderte Winkel im Cicero-Podcast. In den Merkel-Jahren habe die CDU dieses Ansinnen aber aufgegeben.

Winkel erwartet von Friedrich Merz nun Mut und klare Ergebnisse. Bezüglich der andauernden Rentendebatte habe sich der Kanzler bei ihm aber „in der Sache noch nicht gemeldet“, sagte er dem RND. Den Koalitionsvertrag, der eine Aussetzung des Nachhaltigkeitsfaktors bis 2031 vorsieht, trügen die JU-Abgeordneten nicht nur mit – man sei mit dem Vertragswerk „eigentlich ganz gut aufgestellt“, korrigiert er seine Wortmeldungen aus dem Frühjahr.

Werbung

Am Wochenende findet der Parteitag der Jungen Union, der Deutschlandtag, im Europapark Rust statt. Viele sehen in der eskalativen Rhetorik daher nur einen saisonalen Trend: Jedes Jahr verstärkt der jeweilige Bundesvorsitzende der Jungen Union pünktlich zum Deutschlandtag seine Kritik am Kurs der Bundesregierung und seiner Mutterpartei, der CDU. Adressaten sind in dieser Lesart vor allem die eigenen Mitglieder und Delegierten.

Im Interview mit dem RND sagte Winkel denn auch mit Bezug auf den Deutschlandtag, es gebe „kaum eine bessere politische Bühne“ für das Thema Generationengerechtigkeit. Der „Mut zu konsolidierenden Reformen“ fehle der schwarz-roten Koalition, heißt es im Entwurf für den Leitantrag des Deutschlandtags. Unter den zehn Maßnahmen, die das Papier vorschlägt, ist auch eine Koppelung der Rentenhöhe an die Inflation. Das ist in anderen Ländern zwar längst üblich, würde aber, sobald die Wirtschaft in Deutschland wieder wächst, zu einer Senkung des Rentenniveaus führen.

Merz kennt die Bühne auf dem Deutschlandtag und weiß sie eigentlich auch zu bespielen. Doch erstmals tritt der Sauerländer dort als Kanzler auf. Selbst wenn er die Positionen der JUler teilt: Seine neue Rolle gebietet Rücksicht auf den Koalitionspartner. Und die SPD könnte solche Thesen sicherlich nie mitmachen.

Werbung

Winkel versucht, die Differenzen zum Kanzler, der sich schon ganz auf die Seite der SPD geschlagen zu haben scheint (mehr dazu hier), zu verdecken – er deutet das Linnemann-Schlagwort CDU pur kurzerhand um: Bei der Jungen Union gehe es eben um JU pur. Die inhaltliche Gemeinsamkeit zur Realität der Mutterpartei scheint bereits nach wenigen Monaten in der Regierung erschöpft.

Davon, „besonders sprachlich über die Stränge zu schlagen“, hält der JU-Chef nach eigenem Bekunden wenig, wie er im Cicero-Podcast ausführte. Er fordert Verhandlungshärte von seiner Partei, „Polarisierung der Sache“ statt „Polarisierung der Sprache“. Würden Erwartungshaltungen geweckt, müsse „man dann sehr aufpassen, ob man die auch wirklich erfüllen kann“, sagt er an die Adresse von Friedrich Merz, der mit Aussagen über „kleine Paschas“, Zahnarzttermine und zuletzt das „Stadtbild“ viel linke Empörung provozierte, aber kaum politische Konsequenzen folgen ließ.

Wie ernst ist es Winkel und Co. also wirklich mit ihrem Aufstand? Die Junge Gruppe ist ohnehin nicht an das Votum der Jungen Union gebunden. Doch die Abgeordneten kommen zum Großteil aus dem Kreise der Delegierten. Sie könnten in den kommenden Wochen zeigen, wie ernst sie es mit ihren Überzeugungen meinen.

Werbung

Wie so oft ist ein Formelkompromiss zu erwarten, durch den doch alle Abgeordneten in die Koalitionsdisziplin eingebunden werden. So lief es auch bei der Änderung des Grundgesetzes zur Ermöglichung von Billionen-Schulden für Verteidigung, Investitionen und alles, was sonst noch so anfällt. Im scheidenden Bundestag, der für dieses Manöver genutzt wurde, stimmten selbst die Abgeordneten, die dem neuen Bundestag gar nicht mehr angehören sollten, treu mit ihrem Fraktionsvorsitzenden Merz und gegen ihre Überzeugung.

Fairerweise muss man aber ergänzen: Johannes Winkel, Pascal Reddig (der Vorsitzende der Jungen Gruppe) und die meisten anderen Jungabgeordneten waren damals noch nicht Teil von Fraktion und Parlament. Sie könnten also mit dieser unseligen Tradition brechen. Wenn die Junge Gruppe ihre Sperrminorität tatsächlich nutzen sollte, käme jedoch die ganze Koalition in Schieflage. Auch andere Gruppierungen, etwa die linken Flügel der SPD, könnten versucht sein, künftig ein Veto einzulegen.

Dass das nicht im Sinne des Bundeskanzlers sein kann, ist klar. Vermutlich nützt es aber auch der Jungen Gruppe nicht – zumindest wenn man annimmt, dass sie die Koalition nicht völlig sprengen wollen. Winkel hatte zwar Andeutungen in Richtung Auflösung der Regierungskoalition gemacht, einen Koalitionsausstieg aber nur durch die SPD für möglich gehalten – wenn diese bei den Unionsplänen etwa zum Bürgergeld nicht mehr mitmachen wolle.

Vorstandswahlen stehen bei der JU erst im nächsten Jahr wieder an. Dann könnte Johannes Winkel zum letzten Mal als Vorsitzender wiedergewählt werden. Vielleicht haben sich bis dahin aber auch andere – etwa Abgeordnete der Jungen Gruppe – stärker profiliert: sei es durch Unterstützung des Bundeskanzlers oder durch eine Betätigung für dessen Ende.

Teilen:   
Zu den Kommentaren (40) 

 Einmalig
 Monatlich
Apollo News unterstützen
Zahlungsoptionen:
 Pay
 Pay
10 € 
15 € 
25 € 
50 € 
100 € 
 Weiter zum Zahlen
 Bank-Überweisung","https://apollo-news.net/mehr-sauerland-fuer-deutschland-war-gestern-junge-cdu-abgeordnete-verschaerfen-kritik-an-merz-und-der-regierung/"
2025-11-13,"Volkswagen plant umfassende Reform des Tarifsystems: Löhne sollen sinken","Volkswagen startet früher als geplant in die Tarifrunde, weil das veraltete Entgeltsystem grundlegend vereinfacht und die Tariflohnkosten um sechs Prozent gesenkt werden sollen. Für Beschäftigte sollen die Löhne in Zukunft sinken.","Volkswagen bereitet sich auf eine Tarifrunde vor, die für die Belegschaft einen ungewöhnlichen Verlauf nimmt. Nicht höhere Löhne stehen dieses Mal im Mittelpunkt, sondern eine umfassende Neuordnung des Entgeltsystems, die am Ende zu Einsparungen führen soll. Konzern, Betriebsrat und Gewerkschaft haben sich bereits im vergangenen Jahr darauf verständigt, die bisherige Struktur grundlegend zu überarbeiten. Nun soll das neue Tarifmodell zum 1. Januar 2027 in Kraft treten. Vorgesehen ist eine Reduzierung der gesamten Tariflohnkosten um sechs Prozent.

Der ursprünglich für später vorgesehene Verhandlungsstart wurde um rund sieben Wochen vorgezogen. Hintergrund ist ein komplexes Gefüge aus derzeit 167 Tätigkeitsbeschreibungen und rund 6000 Arbeitssystemen, das nach Darstellung des Unternehmens nicht mehr zeitgemäß ist. VW-Markenpersonalvorstand Arne Meiswinkel bezeichnete das aktuelle Modell als „in die Jahre gekommen und zu komplex“ und kündigte an: „Daher werden wir es grundlegend vereinfachen und für alle Beschäftigten übersichtlicher gestalten.“

Werbung

Die geplanten Veränderungen könnten dazu führen, dass einzelne Entgeltgruppen künftig niedriger ausfallen als bisher. Für Beschäftigte, die bereits in diese Gruppen eingestuft sind, soll allerdings ein Bestandsschutz gelten. Zwar wird ihnen der höhere Lohn weiterhin ausgezahlt, doch kann sich der Abstand zu den neuen Stufen künftig verringern, da Differenzen mit kommenden Tariferhöhungen verrechnet werden.

IG-Metall-Bezirksleiter Thorsten Gröger betonte: „Die Besitzstandsregelung sorgt dafür, dass durch die Einführung des modernen Entgeltsystems niemand im tariflichen, monatlichen Entgelt schlechtergestellt wird.“ Betriebsratschefin Daniela Cavallo erklärte, man werde sicherstellen, „dass der Haustarif auch in Zukunft das leistet, wofür er schon bisher stand: nämlich in unserer Branche ein wegweisender Maßstab auf Top-Niveau zu sein.“

Werbung

Der Haustarifvertrag betrifft derzeit etwa 100.000 Beschäftigte in sechs westdeutschen VW-Werken und soll im kommenden Jahr auch auf die drei Standorte in Sachsen ausgeweitet werden.

ha

Teilen:   
Zu den Kommentaren (57) 

 Einmalig
 Monatlich
Apollo News unterstützen
Zahlungsoptionen:
 Pay
 Pay
10 € 
15 € 
25 € 
50 € 
100 € 
 Weiter zum Zahlen
 Bank-Überweisung","https://apollo-news.net/volkswagen-plant-umfassende-reform-des-tarifsystems-loehne-sollen-sinken/"
