Date,Title,Summary,Text,Comments,URL,Full_Text
2025-11-01,„Taktische Pause und vorübergehender Waffenstillstand“,"Vor einigen Tagen haben sich die Präsidenten Amerikas und Chinas getroffen und angeblich, so Trump, bei einem wieder mal hervorragenden Treffen große Durchbrüche erzielt. Wie schätzen russische Experten das Treffen und seine Ergebnisse ein?","Treffen von Trump und Xi
„Taktische Pause und vorübergehender Waffenstillstand“
Vor einigen Tagen haben sich die Präsidenten Amerikas und Chinas getroffen und angeblich, so Trump, bei einem wieder mal hervorragenden Treffen große Durchbrüche erzielt. Wie schätzen russische Experten das Treffen und seine Ergebnisse ein?
von Anti-Spiegel
1. November 2025 12:00 Uhr
Das Treffen der Präsidenten Amerikas und Chinas hat weltweit Schlagzeilen gemacht. Die russische Nachrichtenagentur TASS hat russische Experten zu ihren Einschätzungen befragt und ich habe den TASS-Artikel übersetzt.
Beginn der Übersetzung:
Taktische Pause und vorübergehender Waffenstillstand: Experten zu den Ergebnissen des Treffens zwischen den Präsidenten Chinas und der USA
Bei dem Treffen zwischen den Präsidenten Amerikas und Chinas gab es keinen strategischen Durchbruch, die Ergebnisse der Gespräche zwischen Donald Trump und Xi Jinping können eher als ein vorübergehender Waffenstillstand im Handelskrieg beschrieben werden. Und nun sind die Beziehungen zwischen China und den USA in eine neue Ära eingetreten – eine Ära des vorsichtigen Wettbewerbs mit erzwungener Kooperation. So sind die Meinungen von Experten, die die TASS befragt hat.
Mirzet Ramic, Doktor der Politikwissenschaft und Experte am Zentrum für Angewandte Analyse internationaler Transformationen an der Russischen Universität der Völkerfreundschaft:
Von den Gesprächen zwischen Donald Trump und Xi Jinping wurde erwartet, dass sie einen strategischen Durchbruch in den Beziehungen zwischen den USA und China markieren würden, doch ihre Ergebnisse sehen eher nach einem vorübergehenden Waffenstillstand im Handelskrieg aus. Die grundlegendsten Probleme beider Länder, wie etwa die Spannungen in den Bereichen Halbleiter und künstliche Intelligenz sowie die Taiwan-Frage und die Territorialstreitigkeiten im Südchinesischen Meer, wurden bei dem Treffen jedoch nicht erörtert.
Das Abkommen zwischen den USA und China ist ein Paradebeispiel für Donald Trumps „Zolldiplomatie“. Die USA senkten einen Großteil ihrer Zölle, darunter auch die auf Fentanyl. China hat die Beschränkungen für Seltene Erden um ein Jahr verschoben und zugestimmt, wieder US-Sojabohnen zu kaufen.
Donald Trump hat wiederholt mit der Erhöhung der Zölle auf chinesische Waren gedroht, um sich eine günstige Ausgangsposition in den Verhandlungen mit China zu sichern. Er nutzt die Drohung mit Zöllen nicht als Endziel, sondern als Instrument, indem er eine Frist setzt und Zugeständnisse erwartet. China versteht die Strategie der USA sehr gut und betrachtet vorübergehende Zugeständnisse in Verhandlungen mit den USA als taktischen Schachzug, der der Wirtschaft Zeit verschaffen kann, sich an eine mögliche Eskalation der Konflikte der Zukunft anzupassen.
Sergej Sawersky, Leiter der Analytischen Abteilung des Instituts für umfassende strategische Studien:
Trump hat sein Treffen mit einem wichtigen ausländischen Präsidenten traditionell sehr positiv bewertet und es als beeindruckend bezeichnet, aber tatsächlich sind die Ergebnisse noch nicht besonders beeindruckend, und das Treffen selbst dauerte nicht sehr lange, sodass es kaum möglich war, ein breites Spektrum von Themen ausführlich zu besprechen.
Die Zölle auf chinesische Fentanyl-haltige Produkte wurden gesenkt und es wurden einige Vereinbarungen zu Exporten von Seltenen Erden und Sojabohnenkäufen erzielt. Somit ergeben sich positive Ergebnisse für beide Seiten. Allerdings sind diese Vereinbarungen erstens bislang nur aus Kommentaren einer Seite (den USA) bekannt und es gab keine gemeinsamen Erklärungen, und zweitens blieben einige wichtige Fragen der bilateralen Beziehungen, wie beispielsweise die Frage der Chips und der Spitzenprodukte von Nvidia, ungelöst.
Die Reaktion der Märkte ist bezeichnend – bisher haben sie keine nennenswerten positiven Ergebnisse aus dem Treffen verzeichnen können. Ein symbolisches Detail ist auch, dass Trumps Ankündigung, mit Atomwaffentests zu beginnen, den Hintergrund für das Treffen bildete, was den Verhandlungen wohl kaum Wärme verliehen hat.
Boris Perwuschin, Dozent an der Plechanow-Wirtschaftsuniversität:
Die Beziehungen zwischen China und den USA sind in eine neue Ära eingetreten, eine Ära des vorsichtigen Wettbewerbs mit erzwungener Kooperation. Das Treffen dauerte weniger als zwei Stunden und trotz des erklärten „grundlegenden Konsenses“ in Handels- und Wirtschaftsfragen handelt es sich eher um eine vorübergehende Atempause als um eine umfassende Einigung. China stimmte einer einjährigen Aussetzung der Exportbeschränkungen für Seltene Erden zu, während die USA einer Senkung der Zölle auf chinesische Importe von 57 auf 47 Prozent zustimmten.
Andererseits bleiben viele Schlüsselfragen ungeklärt. Beispielsweise sind Hightech-Lieferungen und Halbleiter im endgültigen Abkommen nicht enthalten. China hat zugesagt, die Käufe amerikanischer Sojabohnen zu erhöhen und den Export von Fentanyl-Vorprodukten in die USA einzuschränken, doch die Details dieser Zusagen sind weiterhin unklar.
Hinter der Rhetorik von Partnerschaft und gegenseitigen taktischen Zugeständnissen verbirgt sich ein Kampf um die Neudefinition der Regeln der Weltwirtschaft. Beide Mächte streben danach, ihren Status als Technologie- und Finanzführer zu sichern. Das Treffen in Busan hat nicht zu einer friedlicheren Welt geführt, die Beziehungen zwischen den beiden Mächten basieren weiterhin auf Konkurrenz und Misstrauen. Höchstwahrscheinlich erwartet uns eher eine Reihe von für Trumps typischen „Angriffen und Rückziehern“ mit spektakulären Erklärungen und kurzen Waffenstillständen als eine stabile Zusammenarbeit.
Marina Lapenko, Dozentin am Lehrstuhl für Vergleichende Politikwissenschaft der Russischen Universität der Völkerfreundschaft:
Staatschefs nutzen den APEC-Gipfel häufig auch für bilaterale Verhandlungen. Das Treffen zwischen Trump und Xi in Busan wirkt daher inmitten der globalen geopolitischen Spannungen stabilisierend, stellt aber keinen Durchbruch in der von Trump mit seinem Handelskrieg gegen China geschaffenen Pattsituation dar.
China hat die Zollerhöhungen bisher recht erfolgreich bewältigt, seine Wirtschaft ist widerstandsfähig, autark und diversifiziert. China hat eine strategische Partnerschaft mit Russland geschlossen und beteiligt sich aktiv an der Bildung der anti-westlichen BRICS+-Koalition. Trumps anti-chinesische Politik droht, der amerikanischen Wirtschaft ernsthafte Folgen zuzufügen. Deshalb sprachen die Präsidenten heute vor allem über Energieträger und die Versorgung mit Seltenen Erden sowie allgemein über die Verlängerung des Moratoriums für die Erhöhung der Zölle, die ein prohibitives Niveau erreicht haben. Die Zusammensetzung der Delegationen bestätigt den wirtschaftlichen Schwerpunkt der Gespräche.
Geopolitik und Chinas Position zur Ukraine wurden sicherlich angesprochen. Trump versucht, als Vermittler aufzutreten, doch es ist unwahrscheinlich, dass dieses Treffen nennenswerte Auswirkungen auf die über Jahre gewachsene strategische Partnerschaft zwischen Peking und Moskau oder auf die geopolitische Rivalität zwischen den beiden Präsidenten und den beiden größten Volkswirtschaften der Welt – den USA und China – haben wird. Die tatsächliche Bedeutung des Treffens kann erst durch offizielle Dokumente bestätigt werden, die im Anschluss an dieses Treffen erstellt werden (oder auch nicht – auch das ist ein wichtiges Indiz).
Ende der Übersetzung

Teile diesen Beitrag
teilen 
teilen 
teilen 
teilen 
teilen 
E-Mail 
teilen 
AUTOR: ANTI-SPIEGEL
Thomas Röper, geboren 1971, hat als Experte für Osteuropa in Finanzdienstleistungsunternehmen in Osteuropa und Russland Vorstands- und Aufsichtsratspositionen bekleidet. Heute lebt er in seiner Wahlheimat St. Petersburg. Er lebt über 15 Jahre in Russland und spricht fließend Russisch. Die Schwerpunkte seiner medienkritischen Arbeit sind das (mediale) Russlandbild in Deutschland, Kritik an der Berichterstattung westlicher Medien im Allgemeinen und die Themen (Geo-)Politik und Wirtschaft.
SCHREIBE EINEN KOMMENTAR
Du musst angemeldet sein, um einen Kommentar abzugeben.
Zurück
Nächster Beitrag: Welche Märchen der Spiegel seinen Lesern erzählt",,https://anti-spiegel.ru/2025/taktische-pause-und-voruebergehender-waffenstillstand/,"„Taktische Pause und vorübergehender Waffenstillstand“ Vor einigen Tagen haben sich die Präsidenten Amerikas und Chinas getroffen und angeblich, so Trump, bei einem wieder mal hervorragenden Treffen große Durchbrüche erzielt. Wie schätzen russische Experten das Treffen und seine Ergebnisse ein? Treffen von Trump und Xi
„Taktische Pause und vorübergehender Waffenstillstand“
Vor einigen Tagen haben sich die Präsidenten Amerikas und Chinas getroffen und angeblich, so Trump, bei einem wieder mal hervorragenden Treffen große Durchbrüche erzielt. Wie schätzen russische Experten das Treffen und seine Ergebnisse ein?
von Anti-Spiegel
1. November 2025 12:00 Uhr
Das Treffen der Präsidenten Amerikas und Chinas hat weltweit Schlagzeilen gemacht. Die russische Nachrichtenagentur TASS hat russische Experten zu ihren Einschätzungen befragt und ich habe den TASS-Artikel übersetzt.
Beginn der Übersetzung:
Taktische Pause und vorübergehender Waffenstillstand: Experten zu den Ergebnissen des Treffens zwischen den Präsidenten Chinas und der USA
Bei dem Treffen zwischen den Präsidenten Amerikas und Chinas gab es keinen strategischen Durchbruch, die Ergebnisse der Gespräche zwischen Donald Trump und Xi Jinping können eher als ein vorübergehender Waffenstillstand im Handelskrieg beschrieben werden. Und nun sind die Beziehungen zwischen China und den USA in eine neue Ära eingetreten – eine Ära des vorsichtigen Wettbewerbs mit erzwungener Kooperation. So sind die Meinungen von Experten, die die TASS befragt hat.
Mirzet Ramic, Doktor der Politikwissenschaft und Experte am Zentrum für Angewandte Analyse internationaler Transformationen an der Russischen Universität der Völkerfreundschaft:
Von den Gesprächen zwischen Donald Trump und Xi Jinping wurde erwartet, dass sie einen strategischen Durchbruch in den Beziehungen zwischen den USA und China markieren würden, doch ihre Ergebnisse sehen eher nach einem vorübergehenden Waffenstillstand im Handelskrieg aus. Die grundlegendsten Probleme beider Länder, wie etwa die Spannungen in den Bereichen Halbleiter und künstliche Intelligenz sowie die Taiwan-Frage und die Territorialstreitigkeiten im Südchinesischen Meer, wurden bei dem Treffen jedoch nicht erörtert.
Das Abkommen zwischen den USA und China ist ein Paradebeispiel für Donald Trumps „Zolldiplomatie“. Die USA senkten einen Großteil ihrer Zölle, darunter auch die auf Fentanyl. China hat die Beschränkungen für Seltene Erden um ein Jahr verschoben und zugestimmt, wieder US-Sojabohnen zu kaufen.
Donald Trump hat wiederholt mit der Erhöhung der Zölle auf chinesische Waren gedroht, um sich eine günstige Ausgangsposition in den Verhandlungen mit China zu sichern. Er nutzt die Drohung mit Zöllen nicht als Endziel, sondern als Instrument, indem er eine Frist setzt und Zugeständnisse erwartet. China versteht die Strategie der USA sehr gut und betrachtet vorübergehende Zugeständnisse in Verhandlungen mit den USA als taktischen Schachzug, der der Wirtschaft Zeit verschaffen kann, sich an eine mögliche Eskalation der Konflikte der Zukunft anzupassen.
Sergej Sawersky, Leiter der Analytischen Abteilung des Instituts für umfassende strategische Studien:
Trump hat sein Treffen mit einem wichtigen ausländischen Präsidenten traditionell sehr positiv bewertet und es als beeindruckend bezeichnet, aber tatsächlich sind die Ergebnisse noch nicht besonders beeindruckend, und das Treffen selbst dauerte nicht sehr lange, sodass es kaum möglich war, ein breites Spektrum von Themen ausführlich zu besprechen.
Die Zölle auf chinesische Fentanyl-haltige Produkte wurden gesenkt und es wurden einige Vereinbarungen zu Exporten von Seltenen Erden und Sojabohnenkäufen erzielt. Somit ergeben sich positive Ergebnisse für beide Seiten. Allerdings sind diese Vereinbarungen erstens bislang nur aus Kommentaren einer Seite (den USA) bekannt und es gab keine gemeinsamen Erklärungen, und zweitens blieben einige wichtige Fragen der bilateralen Beziehungen, wie beispielsweise die Frage der Chips und der Spitzenprodukte von Nvidia, ungelöst.
Die Reaktion der Märkte ist bezeichnend – bisher haben sie keine nennenswerten positiven Ergebnisse aus dem Treffen verzeichnen können. Ein symbolisches Detail ist auch, dass Trumps Ankündigung, mit Atomwaffentests zu beginnen, den Hintergrund für das Treffen bildete, was den Verhandlungen wohl kaum Wärme verliehen hat.
Boris Perwuschin, Dozent an der Plechanow-Wirtschaftsuniversität:
Die Beziehungen zwischen China und den USA sind in eine neue Ära eingetreten, eine Ära des vorsichtigen Wettbewerbs mit erzwungener Kooperation. Das Treffen dauerte weniger als zwei Stunden und trotz des erklärten „grundlegenden Konsenses“ in Handels- und Wirtschaftsfragen handelt es sich eher um eine vorübergehende Atempause als um eine umfassende Einigung. China stimmte einer einjährigen Aussetzung der Exportbeschränkungen für Seltene Erden zu, während die USA einer Senkung der Zölle auf chinesische Importe von 57 auf 47 Prozent zustimmten.
Andererseits bleiben viele Schlüsselfragen ungeklärt. Beispielsweise sind Hightech-Lieferungen und Halbleiter im endgültigen Abkommen nicht enthalten. China hat zugesagt, die Käufe amerikanischer Sojabohnen zu erhöhen und den Export von Fentanyl-Vorprodukten in die USA einzuschränken, doch die Details dieser Zusagen sind weiterhin unklar.
Hinter der Rhetorik von Partnerschaft und gegenseitigen taktischen Zugeständnissen verbirgt sich ein Kampf um die Neudefinition der Regeln der Weltwirtschaft. Beide Mächte streben danach, ihren Status als Technologie- und Finanzführer zu sichern. Das Treffen in Busan hat nicht zu einer friedlicheren Welt geführt, die Beziehungen zwischen den beiden Mächten basieren weiterhin auf Konkurrenz und Misstrauen. Höchstwahrscheinlich erwartet uns eher eine Reihe von für Trumps typischen „Angriffen und Rückziehern“ mit spektakulären Erklärungen und kurzen Waffenstillständen als eine stabile Zusammenarbeit.
Marina Lapenko, Dozentin am Lehrstuhl für Vergleichende Politikwissenschaft der Russischen Universität der Völkerfreundschaft:
Staatschefs nutzen den APEC-Gipfel häufig auch für bilaterale Verhandlungen. Das Treffen zwischen Trump und Xi in Busan wirkt daher inmitten der globalen geopolitischen Spannungen stabilisierend, stellt aber keinen Durchbruch in der von Trump mit seinem Handelskrieg gegen China geschaffenen Pattsituation dar.
China hat die Zollerhöhungen bisher recht erfolgreich bewältigt, seine Wirtschaft ist widerstandsfähig, autark und diversifiziert. China hat eine strategische Partnerschaft mit Russland geschlossen und beteiligt sich aktiv an der Bildung der anti-westlichen BRICS+-Koalition. Trumps anti-chinesische Politik droht, der amerikanischen Wirtschaft ernsthafte Folgen zuzufügen. Deshalb sprachen die Präsidenten heute vor allem über Energieträger und die Versorgung mit Seltenen Erden sowie allgemein über die Verlängerung des Moratoriums für die Erhöhung der Zölle, die ein prohibitives Niveau erreicht haben. Die Zusammensetzung der Delegationen bestätigt den wirtschaftlichen Schwerpunkt der Gespräche.
Geopolitik und Chinas Position zur Ukraine wurden sicherlich angesprochen. Trump versucht, als Vermittler aufzutreten, doch es ist unwahrscheinlich, dass dieses Treffen nennenswerte Auswirkungen auf die über Jahre gewachsene strategische Partnerschaft zwischen Peking und Moskau oder auf die geopolitische Rivalität zwischen den beiden Präsidenten und den beiden größten Volkswirtschaften der Welt – den USA und China – haben wird. Die tatsächliche Bedeutung des Treffens kann erst durch offizielle Dokumente bestätigt werden, die im Anschluss an dieses Treffen erstellt werden (oder auch nicht – auch das ist ein wichtiges Indiz).
Ende der Übersetzung

Teile diesen Beitrag
teilen 
teilen 
teilen 
teilen 
teilen 
E-Mail 
teilen 
AUTOR: ANTI-SPIEGEL
Thomas Röper, geboren 1971, hat als Experte für Osteuropa in Finanzdienstleistungsunternehmen in Osteuropa und Russland Vorstands- und Aufsichtsratspositionen bekleidet. Heute lebt er in seiner Wahlheimat St. Petersburg. Er lebt über 15 Jahre in Russland und spricht fließend Russisch. Die Schwerpunkte seiner medienkritischen Arbeit sind das (mediale) Russlandbild in Deutschland, Kritik an der Berichterstattung westlicher Medien im Allgemeinen und die Themen (Geo-)Politik und Wirtschaft.
SCHREIBE EINEN KOMMENTAR
Du musst angemeldet sein, um einen Kommentar abzugeben.
Zurück
Nächster Beitrag: Welche Märchen der Spiegel seinen Lesern erzählt"
2025-11-01,Welche Märchen der Spiegel seinen Lesern erzählt,"Bundeskanzler Merz hat die Türkei besucht, was eigentlich keine erwähnenswerte Meldung wäre, wäre da nicht ein Spiegel-Artikel über den Besuch.","""Werteorientierte Außenpolitik""
Welche Märchen der Spiegel seinen Lesern erzählt
Bundeskanzler Merz hat die Türkei besucht, was eigentlich keine erwähnenswerte Meldung wäre, wäre da nicht ein Spiegel-Artikel über den Besuch.
von Anti-Spiegel
1. November 2025 10:00 Uhr
Der Spiegel hat unter der Überschrift „Kanzlerbesuch in der Türkei – Merz wollte mal nett sein, aber Erdoğan dankt es ihm nicht“ einen Artikel über die Türkeireise von Bundeskanzler Merz berichtet. Der Besuch scheint nicht allzu viel gebracht zu haben und auch der Spiegel-Artikel darüber war eher langweilig. Er war, beim Spiegel sind wir nichts anderes gewöhnt, wenig informativ, aber dafür triefte er förmlich vor Hetze gegen Erdogan.
Um nicht falsch verstanden zu werden, auch ich habe viel an Erdogans Politik zu kritisieren und will ihn nicht in Schutz nehmen. Erdogan macht ja tatsächlich eine sehr schwierige Politik, indem er versucht, die geopolitischen Interessen der Türkei im Nahen Osten, im Kaukasus und sogar in Zentralasien voranzutreiben. Dass Erdogan dabei auch vor der Unterstützung von Kriegen nicht zurückschreckt, hat er bei seiner Unterstützung Aserbeidschans in dessen Kriegen der letzten Jahre gegen Armenien gezeigt. Und dass Erdogan auch islamistische Terroristen unterstützt, wenn es seinen Zielen dient, haben wir zehn Jahre lang in Syrien beobachten dürfen. Es gäbe also genug Themen, bei denen man sehr kritisch über Erdogan reden kann.
Aber von all dem wissen Spiegel-Leser nur wenig bis gar nichts, denn deutsche Medien – und der Spiegel allen voran – erklären ihren Lesern keine Geopolitik, sondern erzählen ihnen Märchen über die „westlichen Werte“, um die es dem Westen in der Außenpolitik angeblich ausschließlich geht. Ich will daher auf den Spiegel-Artikel und das, was da über Erdogan und die Türkei geschrieben wurde, nicht eingehen, denn es sind die üblichen Phrasen über Menschenrechte in der Türkei oder die Tatsache, dass die Türkei die Unverschämtheit besitzt, immer noch russisches Öl und Gas zu kaufen. Das übliche eben.
Aber in dem Spiegel-Artikel gibt es eine kurze Passage, bei der ich laut auflachen musste, denn sie zeigt anschaulich, welche Märchen der Spiegel seinen Lesern erzählt:
„Erdoğans Außenpolitik folgt keinen Werten, sie ist von einem kalten Kosten-Nutzen-Kalkül getrieben, verfolgt rein machtpolitische Interessen, die heute so und morgen anders gelagert sein können. Und ausgerechnet er soll ein verlässlicher Partner sein?“
Ist die westliche Außenpolitik etwa nicht „von einem kalten Kosten-Nutzen-Kalkül getrieben“ und „verfolgt rein machtpolitische Interessen, die heute so und morgen anders gelagert sein können“? Schauen wir mal.
Nehmen wir den Islamismus. In den 2000er Jahren wurde im Westen der „Krieg gegen den Terror“, also der angebliche Krieg gegen Islamisten und die al-Qaida, ausgerufen. Unter diesem Vorwand wurde der Irak zerstört (etwa eine Million Tote) und 20 Jahre lang der Afghanistankrieg geführt.
Aber was war nun in Syrien? Da haben nun Mitglieder eben dieser al-Qaida die Macht übernommen – und sie werden im Westen hofiert und als „Demokraten“ bezeichnet, die Syrien endlich Frieden bringen sollen.
Wie war das mit “rein machtpolitische Interessen, die heute so und morgen anders gelagert sein können”? Es ist der Westen, der sich mit der al-Qaida ausgesöhnt hat, als er sie gegen Assad, und damit letztlich gegen Russland, einsetzen konnte, denn in Syrien ging es dem Westen darum, einen Staatschef zu stürzen, der eng mit Russland verbündet war und die einzige russische Marinebasis im Mittelmeer beherbergt hat.
Oder wie ist das mit den „Golfmonarchien“? Das sind die wohl undemokratischsten Diktaturen der Welt, in denen sich (praktisch wie in Nordkorea) Familienclans zu Königen ausgerufen haben und in denen die meisten Länder nicht einmal Wahlen und auch nur Scheinparlamente haben. Und Homosexuelle werden beispielsweise in Saudi-Arabien auf öffentlichen Plätzen enthauptet. Was sagt dazu eigentlich das Queer-Beauftragte der Bundesregierung?
Aber das sind Länder, die von westlichen Politikern hofiert werden, weil sie der geopolitischen Linie des Westens treu sind.
Von welchen „Werten“, denen die westliche Außenpolitik angeblich folgt, faselt der Spiegel also? Und warum schreibt der Spiegel, in dem wir täglich irgendwas darüber erfahren müssen, warum der LGBT-Quatsch so wichtig ist, nicht wöchentlich Artikel, in denen er die beklagenswerte Lage der Schwulen und der Frauen in Saudi-Arabien beklagt? Solche Artikel schreibt der Spiegel nur über die Taliban in Afghanistan und den Iran, dabei ist Saudi-Arabien bei diesen Fragen praktisch identisch mit den Taliban.
Ich könnte die Liste beliebig fortsetzen und darüber schreiben, wie der Westen, der angeblich den Faschismus ablehnt, in der UNO alljährlich gegen Resolutionen stimmt, in denen Neonazismus und Rassismus verurteilt werden, oder darüber, wie der Westen in Kiew ein Regime finanziert und stützt, dessen Anhänger ganz offen Tattoos mit Hakenkreuzen tragen. Oder ich könnte die Frage stellen, wie viele Kriege, die der Westen in den letzten 30 Jahren geführt hat, den betroffenen Ländern tatsächlich – wie versprochen – Demokratie und Wohlstand gebracht haben. Fragen Sie mal im Irak, in Libyen, Syrien und so weiter nach. Und so weiter und so fort.
In all den Ländern ging es nie um Menschenrechte oder Demokratie. Es ging dem Westen um ein „kaltes Kosten-Nutzen-Kalkül“. Der Westen „verfolgt rein machtpolitische Interessen, die heute so und morgen anders gelagert sein können“, wie das Beispiel al-Qaida zeigt. In den genannten Ländern ging es um Bodenschätze und um geopolitische Macht. Wir dürfen ja nicht vergessen, dass Libyen als Staat zwar de facto nicht mehr existiert, aber dass der Westen bei den von ihm eingesetzten Warlords billig das libysche Öl einkauft.
Aber von all dem wissen Spiegel-Leser rein gar nichts, denn der Spiegel erzählt die Märchen der „werteorientierten Außenpolitik“ des Westens und er tut ganz entrüstet, wenn ein Herr Erdogan genau das gleiche tut, wie der Westen, und in der Außenpolitik ein „kaltes Kosten-Nutzen-Kalkül“ und „rein machtpolitische Interessen verfolgt“.
Dass es immer noch Leute gibt, die jede Woche Geld dafür bezahlen, sich vom Spiegel so für dumm verkaufen zu lassen, ist ein Phänomen, für das man immer weniger passende Worte findet…

Teile diesen Beitrag
teilen 
teilen 
teilen 
teilen 
teilen 
E-Mail 
teilen 
AUTOR: ANTI-SPIEGEL
Thomas Röper, geboren 1971, hat als Experte für Osteuropa in Finanzdienstleistungsunternehmen in Osteuropa und Russland Vorstands- und Aufsichtsratspositionen bekleidet. Heute lebt er in seiner Wahlheimat St. Petersburg. Er lebt über 15 Jahre in Russland und spricht fließend Russisch. Die Schwerpunkte seiner medienkritischen Arbeit sind das (mediale) Russlandbild in Deutschland, Kritik an der Berichterstattung westlicher Medien im Allgemeinen und die Themen (Geo-)Politik und Wirtschaft.
SCHREIBE EINEN KOMMENTAR
Du musst angemeldet sein, um einen Kommentar abzugeben.
Zurück
Nächster Beitrag: Stecken die EU und die Ukraine hinter den Explosionen in europäischen Raffinerien?",,https://anti-spiegel.ru/2025/welche-maerchen-der-spiegel-seinen-lesern-erzaehlt/,"Welche Märchen der Spiegel seinen Lesern erzählt Bundeskanzler Merz hat die Türkei besucht, was eigentlich keine erwähnenswerte Meldung wäre, wäre da nicht ein Spiegel-Artikel über den Besuch. ""Werteorientierte Außenpolitik""
Welche Märchen der Spiegel seinen Lesern erzählt
Bundeskanzler Merz hat die Türkei besucht, was eigentlich keine erwähnenswerte Meldung wäre, wäre da nicht ein Spiegel-Artikel über den Besuch.
von Anti-Spiegel
1. November 2025 10:00 Uhr
Der Spiegel hat unter der Überschrift „Kanzlerbesuch in der Türkei – Merz wollte mal nett sein, aber Erdoğan dankt es ihm nicht“ einen Artikel über die Türkeireise von Bundeskanzler Merz berichtet. Der Besuch scheint nicht allzu viel gebracht zu haben und auch der Spiegel-Artikel darüber war eher langweilig. Er war, beim Spiegel sind wir nichts anderes gewöhnt, wenig informativ, aber dafür triefte er förmlich vor Hetze gegen Erdogan.
Um nicht falsch verstanden zu werden, auch ich habe viel an Erdogans Politik zu kritisieren und will ihn nicht in Schutz nehmen. Erdogan macht ja tatsächlich eine sehr schwierige Politik, indem er versucht, die geopolitischen Interessen der Türkei im Nahen Osten, im Kaukasus und sogar in Zentralasien voranzutreiben. Dass Erdogan dabei auch vor der Unterstützung von Kriegen nicht zurückschreckt, hat er bei seiner Unterstützung Aserbeidschans in dessen Kriegen der letzten Jahre gegen Armenien gezeigt. Und dass Erdogan auch islamistische Terroristen unterstützt, wenn es seinen Zielen dient, haben wir zehn Jahre lang in Syrien beobachten dürfen. Es gäbe also genug Themen, bei denen man sehr kritisch über Erdogan reden kann.
Aber von all dem wissen Spiegel-Leser nur wenig bis gar nichts, denn deutsche Medien – und der Spiegel allen voran – erklären ihren Lesern keine Geopolitik, sondern erzählen ihnen Märchen über die „westlichen Werte“, um die es dem Westen in der Außenpolitik angeblich ausschließlich geht. Ich will daher auf den Spiegel-Artikel und das, was da über Erdogan und die Türkei geschrieben wurde, nicht eingehen, denn es sind die üblichen Phrasen über Menschenrechte in der Türkei oder die Tatsache, dass die Türkei die Unverschämtheit besitzt, immer noch russisches Öl und Gas zu kaufen. Das übliche eben.
Aber in dem Spiegel-Artikel gibt es eine kurze Passage, bei der ich laut auflachen musste, denn sie zeigt anschaulich, welche Märchen der Spiegel seinen Lesern erzählt:
„Erdoğans Außenpolitik folgt keinen Werten, sie ist von einem kalten Kosten-Nutzen-Kalkül getrieben, verfolgt rein machtpolitische Interessen, die heute so und morgen anders gelagert sein können. Und ausgerechnet er soll ein verlässlicher Partner sein?“
Ist die westliche Außenpolitik etwa nicht „von einem kalten Kosten-Nutzen-Kalkül getrieben“ und „verfolgt rein machtpolitische Interessen, die heute so und morgen anders gelagert sein können“? Schauen wir mal.
Nehmen wir den Islamismus. In den 2000er Jahren wurde im Westen der „Krieg gegen den Terror“, also der angebliche Krieg gegen Islamisten und die al-Qaida, ausgerufen. Unter diesem Vorwand wurde der Irak zerstört (etwa eine Million Tote) und 20 Jahre lang der Afghanistankrieg geführt.
Aber was war nun in Syrien? Da haben nun Mitglieder eben dieser al-Qaida die Macht übernommen – und sie werden im Westen hofiert und als „Demokraten“ bezeichnet, die Syrien endlich Frieden bringen sollen.
Wie war das mit “rein machtpolitische Interessen, die heute so und morgen anders gelagert sein können”? Es ist der Westen, der sich mit der al-Qaida ausgesöhnt hat, als er sie gegen Assad, und damit letztlich gegen Russland, einsetzen konnte, denn in Syrien ging es dem Westen darum, einen Staatschef zu stürzen, der eng mit Russland verbündet war und die einzige russische Marinebasis im Mittelmeer beherbergt hat.
Oder wie ist das mit den „Golfmonarchien“? Das sind die wohl undemokratischsten Diktaturen der Welt, in denen sich (praktisch wie in Nordkorea) Familienclans zu Königen ausgerufen haben und in denen die meisten Länder nicht einmal Wahlen und auch nur Scheinparlamente haben. Und Homosexuelle werden beispielsweise in Saudi-Arabien auf öffentlichen Plätzen enthauptet. Was sagt dazu eigentlich das Queer-Beauftragte der Bundesregierung?
Aber das sind Länder, die von westlichen Politikern hofiert werden, weil sie der geopolitischen Linie des Westens treu sind.
Von welchen „Werten“, denen die westliche Außenpolitik angeblich folgt, faselt der Spiegel also? Und warum schreibt der Spiegel, in dem wir täglich irgendwas darüber erfahren müssen, warum der LGBT-Quatsch so wichtig ist, nicht wöchentlich Artikel, in denen er die beklagenswerte Lage der Schwulen und der Frauen in Saudi-Arabien beklagt? Solche Artikel schreibt der Spiegel nur über die Taliban in Afghanistan und den Iran, dabei ist Saudi-Arabien bei diesen Fragen praktisch identisch mit den Taliban.
Ich könnte die Liste beliebig fortsetzen und darüber schreiben, wie der Westen, der angeblich den Faschismus ablehnt, in der UNO alljährlich gegen Resolutionen stimmt, in denen Neonazismus und Rassismus verurteilt werden, oder darüber, wie der Westen in Kiew ein Regime finanziert und stützt, dessen Anhänger ganz offen Tattoos mit Hakenkreuzen tragen. Oder ich könnte die Frage stellen, wie viele Kriege, die der Westen in den letzten 30 Jahren geführt hat, den betroffenen Ländern tatsächlich – wie versprochen – Demokratie und Wohlstand gebracht haben. Fragen Sie mal im Irak, in Libyen, Syrien und so weiter nach. Und so weiter und so fort.
In all den Ländern ging es nie um Menschenrechte oder Demokratie. Es ging dem Westen um ein „kaltes Kosten-Nutzen-Kalkül“. Der Westen „verfolgt rein machtpolitische Interessen, die heute so und morgen anders gelagert sein können“, wie das Beispiel al-Qaida zeigt. In den genannten Ländern ging es um Bodenschätze und um geopolitische Macht. Wir dürfen ja nicht vergessen, dass Libyen als Staat zwar de facto nicht mehr existiert, aber dass der Westen bei den von ihm eingesetzten Warlords billig das libysche Öl einkauft.
Aber von all dem wissen Spiegel-Leser rein gar nichts, denn der Spiegel erzählt die Märchen der „werteorientierten Außenpolitik“ des Westens und er tut ganz entrüstet, wenn ein Herr Erdogan genau das gleiche tut, wie der Westen, und in der Außenpolitik ein „kaltes Kosten-Nutzen-Kalkül“ und „rein machtpolitische Interessen verfolgt“.
Dass es immer noch Leute gibt, die jede Woche Geld dafür bezahlen, sich vom Spiegel so für dumm verkaufen zu lassen, ist ein Phänomen, für das man immer weniger passende Worte findet…

Teile diesen Beitrag
teilen 
teilen 
teilen 
teilen 
teilen 
E-Mail 
teilen 
AUTOR: ANTI-SPIEGEL
Thomas Röper, geboren 1971, hat als Experte für Osteuropa in Finanzdienstleistungsunternehmen in Osteuropa und Russland Vorstands- und Aufsichtsratspositionen bekleidet. Heute lebt er in seiner Wahlheimat St. Petersburg. Er lebt über 15 Jahre in Russland und spricht fließend Russisch. Die Schwerpunkte seiner medienkritischen Arbeit sind das (mediale) Russlandbild in Deutschland, Kritik an der Berichterstattung westlicher Medien im Allgemeinen und die Themen (Geo-)Politik und Wirtschaft.
SCHREIBE EINEN KOMMENTAR
Du musst angemeldet sein, um einen Kommentar abzugeben.
Zurück
Nächster Beitrag: Stecken die EU und die Ukraine hinter den Explosionen in europäischen Raffinerien?"
2025-11-01,Stecken die EU und die Ukraine hinter den Explosionen in europäischen Raffinerien?,"Diese Woche hat es in zwei europäischen Raffinerien Explosionen gegeben, die russisches Öl verarbeiten. Und es gibt sehr interessante Hinweise auf mögliche Verantwortliche.","Staatsterrorismus
Stecken die EU und die Ukraine hinter den Explosionen in europäischen Raffinerien?
Diese Woche hat es in zwei europäischen Raffinerien Explosionen gegeben, die russisches Öl verarbeiten. Und es gibt sehr interessante Hinweise auf mögliche Verantwortliche.
von Anti-Spiegel
1. November 2025 08:00 Uhr
Vor einigen Tagen habe ich über die Explosionen berichtet, die sich in der gleichen Nacht in zwei europäischen Raffinerien in Europa ereignet haben, die eines gemeinsam: Sie verarbeiten russisches Öl. Nun gibt es Hinweise darauf, dass dahinter die Ukraine oder auch EU-Mitgliedsstaaten stecken könnten.
Am 17. Oktober hat ein polnisches Gericht den Ukrainer freigelassen, dessen Auslieferung die deutschen Behörden per europäischem Haftbefehl beantragt haben. Zuvor hatte die polnische Regierung massiven Druck auf das Gericht ausgeübt, den Mann nicht nach Deutschland auszuliefern. Das Gericht entschied wunschgemäß und die Urteilsbegründung war bemerkenswert, denn die Richter sagten:
„Der Kampf der Ukraine gegen die russische Aggression und den Völkermord erfüllt zweifellos alle Voraussetzungen, um ihn als gerechten Krieg, bellum justum, der letztlich zum Sieg des Guten führt einzustufen. Die Sprengung kritischer Infrastruktur … während eines gerechten Verteidigungskrieges … ist keine Sabotage, sondern ein militärische Aktion … die unter keinen Umständen ein Verbrechen darstellen kann. Mit anderen Worten: Wenn die Ukraine und ihre Spezialeinheiten, darunter auch der Verdächtige, eine bewaffnete Mission zur Zerstörung feindlicher Pipelines organisierten, waren diese Aktionen nicht rechtswidrig. Im Gegenteil, sie waren gerechtfertigt, rational und gerecht.“
Und nur drei Tage später ereigneten sich in der Nacht vom 20. auf den 21. Oktober in zwei Raffinerien, einer ungarischen und einer rumänischen, Explosionen. Beide Raffinerien hatten eines gemeinsam, nämlich dass sie Öl aus Russland verarbeitet haben.
Laut der Logik der offiziellen polnischen Rechtsprechung wären auch diese Raffinerien laut dem Urteil zum angeblichen Nord-Stream-Attentäter Objekte, bei denen „eine bewaffnete Mission zur Zerstörung“ ebenfalls „nicht rechtswidrig“, sondern „gerechtfertigt, rational und gerecht“ wäre.
Ich habe am Freitag über ein Interview mit dem belgischen Verteidigungsminister berichtet, in dem dieser ebenfalls die Zerstörung von Raffinerien befürwortet hat, um, wie er sagte, „Russland wirtschaftlich zu brechen“. Er sprach zwar von Raffinerien in Russland, aber die von ihm genannte Rechtfertigung war die gleiche, die auch das polnische Gericht genannt hat, nämlich Russland von seinen „Einnahmen aus Öl und Gas abschneiden“.
In dem Interview sagte der belgische Verteidigungsminister Francken:
„Wir müssen versuchen, Russland wirtschaftlich zu brechen. Dies ist in den vergangenen hundert Jahren bereits dreimal gelungen. Das heißt: die Wirtschaftssanktionen weiter ausweiten und ihre Einnahmen aus Öl und Gas abschneiden, denn das ist der Motor ihrer Kriegswirtschaft. In den letzten Monaten hat die Ukraine ein Viertel der russischen Ölraffinerien mit schweren Schlägen getroffen.“
Ich kann all das nur so verstehen, dass in der EU nun Konsens herrscht, die russische Ölindustrie nicht nur mit Sanktionen bekämpfen zu wollen, sondern auch mit Gewalt. Auf den Weltmeeren tun EU-Staaten das ja bereits, indem sie in internationalen Gewässern widerrechtlich Tanker mit russischem Öl kapern. Das ist Piraterie und de facto ein Kriegsakt.
Nachdem das polnische Gericht nun die Büchse der Pandora geöffnet und einen Kriegsakt (oder von einem Staat verübten Terroranschlag), wie die Sprengung der Nord Streams, die zu 49 Prozent europäischen Firmen gehörten, als legal bezeichnet, dürfte das das Startsignal gewesen sein, in Europa auch andere Einrichtungen militärisch anzugreifen, die mit der russischen Öl- und Gasindustrie in Verbindung stehen.
Dazu passt, dass der ungarische Ministerpräsident Orban sich nun zu der Explosion in der ungarischen Raffinerie geäußert hat. Er sprach in seiner Stellungnahme noch vorsichtig davon, dass der Großbrand in der MOL-Ölraffinerie, die russisches Rohöl verarbeitet, das über die Druschba-Pipeline aus Russland über die Ukraine nach Ungarn geliefert wird, möglicherweise durch einen Angriff verursacht wurde:
„Gestern Abend erhielt ich einen Bericht des Innenministers zum Vorfall in der Raffinerie Százhalombatta. Die Ermittlungen laufen auf Hochtouren. Wir wissen noch nicht, ob es sich um einen Unfall, eine Fehlfunktion oder einen Angriff von außen handelte.“
Orban wies außerdem darauf hin, dass diese Raffinerie, die hauptsächlich russisches Rohöl verarbeitet, zu den fünf wichtigsten strategischen Industrieunternehmen Ungarns zählt und fügte hinzu:
„Der polnische Außenminister hat den Ukrainern geraten, die Druschba-Pipeline zu sprengen. Hoffen wir, dass es nicht dazu kommt.“

Teile diesen Beitrag
teilen 
teilen 
teilen 
teilen 
teilen 
E-Mail 
teilen 
AUTOR: ANTI-SPIEGEL
Thomas Röper, geboren 1971, hat als Experte für Osteuropa in Finanzdienstleistungsunternehmen in Osteuropa und Russland Vorstands- und Aufsichtsratspositionen bekleidet. Heute lebt er in seiner Wahlheimat St. Petersburg. Er lebt über 15 Jahre in Russland und spricht fließend Russisch. Die Schwerpunkte seiner medienkritischen Arbeit sind das (mediale) Russlandbild in Deutschland, Kritik an der Berichterstattung westlicher Medien im Allgemeinen und die Themen (Geo-)Politik und Wirtschaft.
SCHREIBE EINEN KOMMENTAR
Du musst angemeldet sein, um einen Kommentar abzugeben.
Zurück
Nächster Beitrag: Trumps Ankündigung, die USA würden wieder Atomtests durchführen, kommt nicht überraschend",,https://anti-spiegel.ru/2025/stecken-die-eu-und-die-ukraine-hinter-den-explosionen-in-europaeischen-raffinerien/,"Stecken die EU und die Ukraine hinter den Explosionen in europäischen Raffinerien? Diese Woche hat es in zwei europäischen Raffinerien Explosionen gegeben, die russisches Öl verarbeiten. Und es gibt sehr interessante Hinweise auf mögliche Verantwortliche. Staatsterrorismus
Stecken die EU und die Ukraine hinter den Explosionen in europäischen Raffinerien?
Diese Woche hat es in zwei europäischen Raffinerien Explosionen gegeben, die russisches Öl verarbeiten. Und es gibt sehr interessante Hinweise auf mögliche Verantwortliche.
von Anti-Spiegel
1. November 2025 08:00 Uhr
Vor einigen Tagen habe ich über die Explosionen berichtet, die sich in der gleichen Nacht in zwei europäischen Raffinerien in Europa ereignet haben, die eines gemeinsam: Sie verarbeiten russisches Öl. Nun gibt es Hinweise darauf, dass dahinter die Ukraine oder auch EU-Mitgliedsstaaten stecken könnten.
Am 17. Oktober hat ein polnisches Gericht den Ukrainer freigelassen, dessen Auslieferung die deutschen Behörden per europäischem Haftbefehl beantragt haben. Zuvor hatte die polnische Regierung massiven Druck auf das Gericht ausgeübt, den Mann nicht nach Deutschland auszuliefern. Das Gericht entschied wunschgemäß und die Urteilsbegründung war bemerkenswert, denn die Richter sagten:
„Der Kampf der Ukraine gegen die russische Aggression und den Völkermord erfüllt zweifellos alle Voraussetzungen, um ihn als gerechten Krieg, bellum justum, der letztlich zum Sieg des Guten führt einzustufen. Die Sprengung kritischer Infrastruktur … während eines gerechten Verteidigungskrieges … ist keine Sabotage, sondern ein militärische Aktion … die unter keinen Umständen ein Verbrechen darstellen kann. Mit anderen Worten: Wenn die Ukraine und ihre Spezialeinheiten, darunter auch der Verdächtige, eine bewaffnete Mission zur Zerstörung feindlicher Pipelines organisierten, waren diese Aktionen nicht rechtswidrig. Im Gegenteil, sie waren gerechtfertigt, rational und gerecht.“
Und nur drei Tage später ereigneten sich in der Nacht vom 20. auf den 21. Oktober in zwei Raffinerien, einer ungarischen und einer rumänischen, Explosionen. Beide Raffinerien hatten eines gemeinsam, nämlich dass sie Öl aus Russland verarbeitet haben.
Laut der Logik der offiziellen polnischen Rechtsprechung wären auch diese Raffinerien laut dem Urteil zum angeblichen Nord-Stream-Attentäter Objekte, bei denen „eine bewaffnete Mission zur Zerstörung“ ebenfalls „nicht rechtswidrig“, sondern „gerechtfertigt, rational und gerecht“ wäre.
Ich habe am Freitag über ein Interview mit dem belgischen Verteidigungsminister berichtet, in dem dieser ebenfalls die Zerstörung von Raffinerien befürwortet hat, um, wie er sagte, „Russland wirtschaftlich zu brechen“. Er sprach zwar von Raffinerien in Russland, aber die von ihm genannte Rechtfertigung war die gleiche, die auch das polnische Gericht genannt hat, nämlich Russland von seinen „Einnahmen aus Öl und Gas abschneiden“.
In dem Interview sagte der belgische Verteidigungsminister Francken:
„Wir müssen versuchen, Russland wirtschaftlich zu brechen. Dies ist in den vergangenen hundert Jahren bereits dreimal gelungen. Das heißt: die Wirtschaftssanktionen weiter ausweiten und ihre Einnahmen aus Öl und Gas abschneiden, denn das ist der Motor ihrer Kriegswirtschaft. In den letzten Monaten hat die Ukraine ein Viertel der russischen Ölraffinerien mit schweren Schlägen getroffen.“
Ich kann all das nur so verstehen, dass in der EU nun Konsens herrscht, die russische Ölindustrie nicht nur mit Sanktionen bekämpfen zu wollen, sondern auch mit Gewalt. Auf den Weltmeeren tun EU-Staaten das ja bereits, indem sie in internationalen Gewässern widerrechtlich Tanker mit russischem Öl kapern. Das ist Piraterie und de facto ein Kriegsakt.
Nachdem das polnische Gericht nun die Büchse der Pandora geöffnet und einen Kriegsakt (oder von einem Staat verübten Terroranschlag), wie die Sprengung der Nord Streams, die zu 49 Prozent europäischen Firmen gehörten, als legal bezeichnet, dürfte das das Startsignal gewesen sein, in Europa auch andere Einrichtungen militärisch anzugreifen, die mit der russischen Öl- und Gasindustrie in Verbindung stehen.
Dazu passt, dass der ungarische Ministerpräsident Orban sich nun zu der Explosion in der ungarischen Raffinerie geäußert hat. Er sprach in seiner Stellungnahme noch vorsichtig davon, dass der Großbrand in der MOL-Ölraffinerie, die russisches Rohöl verarbeitet, das über die Druschba-Pipeline aus Russland über die Ukraine nach Ungarn geliefert wird, möglicherweise durch einen Angriff verursacht wurde:
„Gestern Abend erhielt ich einen Bericht des Innenministers zum Vorfall in der Raffinerie Százhalombatta. Die Ermittlungen laufen auf Hochtouren. Wir wissen noch nicht, ob es sich um einen Unfall, eine Fehlfunktion oder einen Angriff von außen handelte.“
Orban wies außerdem darauf hin, dass diese Raffinerie, die hauptsächlich russisches Rohöl verarbeitet, zu den fünf wichtigsten strategischen Industrieunternehmen Ungarns zählt und fügte hinzu:
„Der polnische Außenminister hat den Ukrainern geraten, die Druschba-Pipeline zu sprengen. Hoffen wir, dass es nicht dazu kommt.“

Teile diesen Beitrag
teilen 
teilen 
teilen 
teilen 
teilen 
E-Mail 
teilen 
AUTOR: ANTI-SPIEGEL
Thomas Röper, geboren 1971, hat als Experte für Osteuropa in Finanzdienstleistungsunternehmen in Osteuropa und Russland Vorstands- und Aufsichtsratspositionen bekleidet. Heute lebt er in seiner Wahlheimat St. Petersburg. Er lebt über 15 Jahre in Russland und spricht fließend Russisch. Die Schwerpunkte seiner medienkritischen Arbeit sind das (mediale) Russlandbild in Deutschland, Kritik an der Berichterstattung westlicher Medien im Allgemeinen und die Themen (Geo-)Politik und Wirtschaft.
SCHREIBE EINEN KOMMENTAR
Du musst angemeldet sein, um einen Kommentar abzugeben.
Zurück
Nächster Beitrag: Trumps Ankündigung, die USA würden wieder Atomtests durchführen, kommt nicht überraschend"
2025-11-01,"Trumps Ankündigung, die USA würden wieder Atomtests durchführen, kommt nicht überraschend","US-Präsident Trump hat angekündigt, dass die USA die Tests von Atomwaffen wieder aufnehmen würden. Seine Erklärung war wirr und enthielt einige unwahre Behauptungen, weshalb unklar ist, was genau er gemeint haben könnte. Aber die USA sprechen schon länger über die Wiederaufnahme von Atomtests.","Atomwaffen
Trumps Ankündigung, die USA würden wieder Atomtests durchführen, kommt nicht überraschend
US-Präsident Trump hat angekündigt, dass die USA die Tests von Atomwaffen wieder aufnehmen würden. Seine Erklärung war wirr und enthielt einige unwahre Behauptungen, weshalb unklar ist, was genau er gemeint haben könnte. Aber die USA sprechen schon länger über die Wiederaufnahme von Atomtests.
von Anti-Spiegel
1. November 2025 03:30 Uhr
Donald Trump ist offenbar ein Fan von Atomwaffen und träumt davon, wieder welche zu testen. Schon 2020, im letzten Jahr seiner ersten Amtszeit, hat seine Regierung laut über die Wiederaufnahme von Atomtests nachgedacht und das damit begründet, Russland führe angeblich solche Tests durch, was jedoch gelogen war, wie jeder weiß. Ich habe seinerzeit im April und Mai 2020 über die Erklärungen der damaligen Trump-Regierung berichtet.
Nun folgt Trump wieder dem gleichen Muster. Am Donnerstag hat er darüber auf Truth Social geschrieben und natürlich wieder andere Länder beschuldigt, Atomtests durchzuführen, was heute nicht wahrer ist, als 2020. Trump schrieb am Donnerstag:
„Die USA haben mehr Atomwaffen als jedes andere Land. Das wurde, einschließlich einer umfassenden Modernisierung und Erneuerung der bestehenden Waffensysteme, während meiner ersten Amtszeit erreicht. Aufgrund der enormen Zerstörungskraft habe ich es GEHASST, das zu tun, aber ich hatte keine Wahl! Russland liegt an zweiter Stelle, China mit großem Abstand an dritter, wird aber innerhalb von fünf Jahren gleichauf liegen. Wegen der Atomwaffentests anderer Länder habe ich das Kriegsministerium angewiesen, unsere Atomwaffen auf gleicher Basis zu testen. Dieser Prozess beginnt unverzüglich. Vielen Dank für Ihre Aufmerksamkeit! PRÄSIDENT DONALD J. TRUMP“
Trumps Lügen
Gehen wir kurz durch, welche offensichtlichen Lügen Trump hier verbreitet. Schon seine erste Behauptung, die USA hätten „mehr Atomwaffen als jedes andere Land“, ist unwahr. Tatsächlich hat Russland mindestens 600 Atomwaffen mehr als die USA.
Auch dass Trump die US-Atomwaffen während seiner ersten Amtszeit umfassend modernisiert und erneuert haben will, ist mindestens übertrieben, wenn nicht gelogen. Das US-Atomwaffenarsenal ist veraltet und für deren Erneuerung sind in den Pentagon-Budgets seit Jahre viele Milliarden Dollar vorgesehen. Der Prozess dauert also an und ist keineswegs abgeschlossen
Auch dass China bei den Atomwaffen in fünf Jahren mit Russland und den USA gleichziehen könnte, ist reine Fantasie. China baut sein Atomwaffenarsenal zwar aus, aber es ist nicht in der Lage, in den nächsten Jahren mit den beiden führenden Ländern gleichzuziehen. Dazu müsste China sein Arsenal etwa versiebenfachen, denn nach aktuellen Schätzungen verfügt China derzeit über etwa 600 Sprengköpfe, während die USA etwa 3.700 und Russland je nach Schätzung zwischen 4.300 und 4.500 Atomsprengköpfe hat. Nach bisherigen Schätzungen könnte China in zehn Jahren auf etwa 1.500 Sprengköpfe kommen.
Was meinte Trump?
Nun fragt sich die ganze Welt mal wieder, was Trump gemeint haben könnte, als er behauptete, „andere Länder“ würden Atomwaffentests durchführen. Die Aussage ist gelogen, weil unterirdische Atomtests Erdbeben auslösen, die auf der ganzen Welt gemessen werden können. Es kann also kein Land der Welt heimlich Atomwaffen testen. Und hätte ein Land in den letzten Jahren einen Atomtest durchgeführt, hätte das sehr große Schlagzeilen gemacht.
Westliche Experten meinen nun, Trump habe möglicherweise nicht Atomsprengköpfe gemeint, sondern Trägersysteme für Atomsprengköpfe. Da könnten die USA tatsächlich vorne liegen und Russland hat in letzter Zeit ja tatsächlich einige neue Träger für Atomwaffen getestet.
Allerdings tun das auch die USA, wenn sie neue atomwaffenfähige Trägersysteme wie Bomber und Raketen testen, oder eine ihrer alten, im Dienst stehenden Raketen starten, um zu überprüfen, ob die nach teilweise 50 Jahren in Raketensilos noch funktionsfähig sind. Das tun die USA recht regelmäßig. Der letzte solche Test fand im Mai 2025 statt.
Wir werden sehen, ob die USA demnächst tatsächlich wieder Atomtests durchführen, denn geheim halten lässt sich das nicht. Allerdings heißt es in westlichen Medien, die Vorbereitungen dafür würden Jahre erfordern, weil das Testgelände der USA seit Jahrzehnten nicht mehr genutzt worden und in keinem guten Zustand sei.
Russland hat auf Trumps Erklärung geantwortet, dass es die Tests von Atomwaffen ebenfalls wieder aufnehmen werde, sollten die USA wieder Atombomben testen.
Spiegel-Propaganda zum Schluss
Wie immer ist es amüsant, was Spiegel-Leser dazu erfahren. Grundsätzlich waren die Spiegel-Artikel zu dem Thema recht brauchbar, aber ohne anti-russische Propaganda ging es beim Spiegel natürlich nicht. So lautete eine Zwischenüberschrift in einem Spiegel-Artikel (Screenshot siehe unten):
„Kreml will keine Atomtests gemacht haben“
Damit soll dem Spiegel-Leser suggeriert werden, dass Russland ja vielleicht doch Atomwaffen getestet hat, aber nur behauptet, es habe keine Tests durchgeführt. Schließlich wissen ja nur die wenigsten Spiegel-Leser, dass man Atomwaffen nicht heimlich testen kann. Anstatt seine Leser zu informieren, nutzt er deren Unwissenheit für unterschwellige Propaganda und Desinformation aus.
Wäre der Spiegel tatsächlich ein Nachrichtenmagazin, in dem Journalisten arbeiten, hätte die Teilüberschrift beispielsweise lauten müssen „Russland hat keine Atomtests gemacht“. Aber der Spiegel ist bekanntlich eine Propaganda-Schleuder, und kein Nachrichtenmagazin.

Teile diesen Beitrag
teilen 
teilen 
teilen 
teilen 
teilen 
E-Mail 
teilen 
AUTOR: ANTI-SPIEGEL
Thomas Röper, geboren 1971, hat als Experte für Osteuropa in Finanzdienstleistungsunternehmen in Osteuropa und Russland Vorstands- und Aufsichtsratspositionen bekleidet. Heute lebt er in seiner Wahlheimat St. Petersburg. Er lebt über 15 Jahre in Russland und spricht fließend Russisch. Die Schwerpunkte seiner medienkritischen Arbeit sind das (mediale) Russlandbild in Deutschland, Kritik an der Berichterstattung westlicher Medien im Allgemeinen und die Themen (Geo-)Politik und Wirtschaft.
SCHREIBE EINEN KOMMENTAR
Du musst angemeldet sein, um einen Kommentar abzugeben.
Zurück
Nächster Beitrag: Welche neuen Waffen Russland angekündigt hat",,https://anti-spiegel.ru/2025/trumps-ankuendigung-die-usa-wuerden-wieder-atomtests-durchfuehren-kommt-nicht-ueberraschend/,"Trumps Ankündigung, die USA würden wieder Atomtests durchführen, kommt nicht überraschend US-Präsident Trump hat angekündigt, dass die USA die Tests von Atomwaffen wieder aufnehmen würden. Seine Erklärung war wirr und enthielt einige unwahre Behauptungen, weshalb unklar ist, was genau er gemeint haben könnte. Aber die USA sprechen schon länger über die Wiederaufnahme von Atomtests. Atomwaffen
Trumps Ankündigung, die USA würden wieder Atomtests durchführen, kommt nicht überraschend
US-Präsident Trump hat angekündigt, dass die USA die Tests von Atomwaffen wieder aufnehmen würden. Seine Erklärung war wirr und enthielt einige unwahre Behauptungen, weshalb unklar ist, was genau er gemeint haben könnte. Aber die USA sprechen schon länger über die Wiederaufnahme von Atomtests.
von Anti-Spiegel
1. November 2025 03:30 Uhr
Donald Trump ist offenbar ein Fan von Atomwaffen und träumt davon, wieder welche zu testen. Schon 2020, im letzten Jahr seiner ersten Amtszeit, hat seine Regierung laut über die Wiederaufnahme von Atomtests nachgedacht und das damit begründet, Russland führe angeblich solche Tests durch, was jedoch gelogen war, wie jeder weiß. Ich habe seinerzeit im April und Mai 2020 über die Erklärungen der damaligen Trump-Regierung berichtet.
Nun folgt Trump wieder dem gleichen Muster. Am Donnerstag hat er darüber auf Truth Social geschrieben und natürlich wieder andere Länder beschuldigt, Atomtests durchzuführen, was heute nicht wahrer ist, als 2020. Trump schrieb am Donnerstag:
„Die USA haben mehr Atomwaffen als jedes andere Land. Das wurde, einschließlich einer umfassenden Modernisierung und Erneuerung der bestehenden Waffensysteme, während meiner ersten Amtszeit erreicht. Aufgrund der enormen Zerstörungskraft habe ich es GEHASST, das zu tun, aber ich hatte keine Wahl! Russland liegt an zweiter Stelle, China mit großem Abstand an dritter, wird aber innerhalb von fünf Jahren gleichauf liegen. Wegen der Atomwaffentests anderer Länder habe ich das Kriegsministerium angewiesen, unsere Atomwaffen auf gleicher Basis zu testen. Dieser Prozess beginnt unverzüglich. Vielen Dank für Ihre Aufmerksamkeit! PRÄSIDENT DONALD J. TRUMP“
Trumps Lügen
Gehen wir kurz durch, welche offensichtlichen Lügen Trump hier verbreitet. Schon seine erste Behauptung, die USA hätten „mehr Atomwaffen als jedes andere Land“, ist unwahr. Tatsächlich hat Russland mindestens 600 Atomwaffen mehr als die USA.
Auch dass Trump die US-Atomwaffen während seiner ersten Amtszeit umfassend modernisiert und erneuert haben will, ist mindestens übertrieben, wenn nicht gelogen. Das US-Atomwaffenarsenal ist veraltet und für deren Erneuerung sind in den Pentagon-Budgets seit Jahre viele Milliarden Dollar vorgesehen. Der Prozess dauert also an und ist keineswegs abgeschlossen
Auch dass China bei den Atomwaffen in fünf Jahren mit Russland und den USA gleichziehen könnte, ist reine Fantasie. China baut sein Atomwaffenarsenal zwar aus, aber es ist nicht in der Lage, in den nächsten Jahren mit den beiden führenden Ländern gleichzuziehen. Dazu müsste China sein Arsenal etwa versiebenfachen, denn nach aktuellen Schätzungen verfügt China derzeit über etwa 600 Sprengköpfe, während die USA etwa 3.700 und Russland je nach Schätzung zwischen 4.300 und 4.500 Atomsprengköpfe hat. Nach bisherigen Schätzungen könnte China in zehn Jahren auf etwa 1.500 Sprengköpfe kommen.
Was meinte Trump?
Nun fragt sich die ganze Welt mal wieder, was Trump gemeint haben könnte, als er behauptete, „andere Länder“ würden Atomwaffentests durchführen. Die Aussage ist gelogen, weil unterirdische Atomtests Erdbeben auslösen, die auf der ganzen Welt gemessen werden können. Es kann also kein Land der Welt heimlich Atomwaffen testen. Und hätte ein Land in den letzten Jahren einen Atomtest durchgeführt, hätte das sehr große Schlagzeilen gemacht.
Westliche Experten meinen nun, Trump habe möglicherweise nicht Atomsprengköpfe gemeint, sondern Trägersysteme für Atomsprengköpfe. Da könnten die USA tatsächlich vorne liegen und Russland hat in letzter Zeit ja tatsächlich einige neue Träger für Atomwaffen getestet.
Allerdings tun das auch die USA, wenn sie neue atomwaffenfähige Trägersysteme wie Bomber und Raketen testen, oder eine ihrer alten, im Dienst stehenden Raketen starten, um zu überprüfen, ob die nach teilweise 50 Jahren in Raketensilos noch funktionsfähig sind. Das tun die USA recht regelmäßig. Der letzte solche Test fand im Mai 2025 statt.
Wir werden sehen, ob die USA demnächst tatsächlich wieder Atomtests durchführen, denn geheim halten lässt sich das nicht. Allerdings heißt es in westlichen Medien, die Vorbereitungen dafür würden Jahre erfordern, weil das Testgelände der USA seit Jahrzehnten nicht mehr genutzt worden und in keinem guten Zustand sei.
Russland hat auf Trumps Erklärung geantwortet, dass es die Tests von Atomwaffen ebenfalls wieder aufnehmen werde, sollten die USA wieder Atombomben testen.
Spiegel-Propaganda zum Schluss
Wie immer ist es amüsant, was Spiegel-Leser dazu erfahren. Grundsätzlich waren die Spiegel-Artikel zu dem Thema recht brauchbar, aber ohne anti-russische Propaganda ging es beim Spiegel natürlich nicht. So lautete eine Zwischenüberschrift in einem Spiegel-Artikel (Screenshot siehe unten):
„Kreml will keine Atomtests gemacht haben“
Damit soll dem Spiegel-Leser suggeriert werden, dass Russland ja vielleicht doch Atomwaffen getestet hat, aber nur behauptet, es habe keine Tests durchgeführt. Schließlich wissen ja nur die wenigsten Spiegel-Leser, dass man Atomwaffen nicht heimlich testen kann. Anstatt seine Leser zu informieren, nutzt er deren Unwissenheit für unterschwellige Propaganda und Desinformation aus.
Wäre der Spiegel tatsächlich ein Nachrichtenmagazin, in dem Journalisten arbeiten, hätte die Teilüberschrift beispielsweise lauten müssen „Russland hat keine Atomtests gemacht“. Aber der Spiegel ist bekanntlich eine Propaganda-Schleuder, und kein Nachrichtenmagazin.

Teile diesen Beitrag
teilen 
teilen 
teilen 
teilen 
teilen 
E-Mail 
teilen 
AUTOR: ANTI-SPIEGEL
Thomas Röper, geboren 1971, hat als Experte für Osteuropa in Finanzdienstleistungsunternehmen in Osteuropa und Russland Vorstands- und Aufsichtsratspositionen bekleidet. Heute lebt er in seiner Wahlheimat St. Petersburg. Er lebt über 15 Jahre in Russland und spricht fließend Russisch. Die Schwerpunkte seiner medienkritischen Arbeit sind das (mediale) Russlandbild in Deutschland, Kritik an der Berichterstattung westlicher Medien im Allgemeinen und die Themen (Geo-)Politik und Wirtschaft.
SCHREIBE EINEN KOMMENTAR
Du musst angemeldet sein, um einen Kommentar abzugeben.
Zurück
Nächster Beitrag: Welche neuen Waffen Russland angekündigt hat"
2025-11-01,Welche neuen Waffen Russland angekündigt hat,Am Mittwoch hat der russische Präsident Putin neue russische Waffensysteme angekündigt. Worum geht es dabei?,"Wettrüsten
Welche neuen Waffen Russland angekündigt hat
Am Mittwoch hat der russische Präsident Putin neue russische Waffensysteme angekündigt. Worum geht es dabei?
von Anti-Spiegel
1. November 2025 03:25 Uhr
Am Mittwoch hat der russische Präsident Putin bei einem Besuch bei verwundeten Soldaten über die neuen russischen nuklearen Waffensysteme gesprochen, die Russland final getestet hat und die demnächst in Dienst gestellt werden sollen. Was sind das für Waffensysteme?
Burevestnik
Den erfolgreichen Abschlusstest des Marschflugkörpers Burevestnik mit Atomantrieb und praktisch unbegrenzter Reichweite hatte Russland schon einige Tage zuvor gemeldet. Über die Waffe habe ich bereits ausführlich berichtet, um das nicht zu wiederholen, verweise ich auf diesen Artikel mit den bekannten Informationen.
Das Revolutionäre an dem neuen Marschflugkörper ist, dass er seine Energie aus einem Atomreaktor bekommt, was ihm eine quasi unbegrenzte Reichweite gibt, während die Reichweite normaler Raketen durch deren Treibstoffmenge begrenzt ist. Einen Atomreaktor zu konstruieren, der in einen Marschflugkörper passt, war dabei wohl die schwierigste Aufgabe.
Das Problem ist, dass der Reaktor dazu sehr klein sein muss und er muss auch unter den extremen Bedingungen (Beschleunigung, Vibration, Vertikalkräfte, etc.), die beim Flug einer Rakete oder eines Marschflugkörpers entstehen, funktionieren. Laut Putin ist es den Russen gelungen, Atomreaktoren, wie sie beispielsweise in Atom-U-Booten eingesetzt werden, auf ein Tausendstel ihrer Größe zu verkleinern. Niemand weiß, wie präzise Putin die technischen Details damit beschrieben hat, aber im Kern war diese Verkleinerung des Reaktors das Kernproblem.
Hinzu kommt, dass man Kernreaktoren „hochfahren“ muss, bis sie ihre Leistung bringen, was bei normalen Reaktoren Stunden dauern kann. Laut Putin startet der Reaktor des Burevestnik „innerhalb von Minuten und Sekunden“, was bedeuten würde, dass es sich um einen ganz neuen Reaktortyp handeln müsste.
Natürlich bedeutet das auch einen Durchbruch in der zivilen Nutzung der Atomenergie, denn Putin sagte auch, Russland werde die im Burevestnik eingesetzten Nukleartechnologien für seine zivile Wirtschaft nutzen können. Das betrifft beispielsweise abgelegene Städte in Russland, von denen manche tausend Kilometer von anderen Städten entfernt sind. Die mit Energie zu versorgen, war immer teuer, weil dazu entweder eigene Kraftwerke für kleine Städte und Siedlungen, oder Stromtrassen über gigantische Entfernungen gebaut werden mussten. Nun ließen sich so abgelegene Orte mit diesen Mini-Kernreaktoren mit Strom versorgen.
Außerdem sagte Putin, die im Burewestnik verwendeten Nukleartechnologien würden auch im russischen Mondprogramm eingesetzt.
Poseidon
Der Poseidon ist eine Unterwasserdrohne, deren Entwicklung in Russland schon vor Jahren gemeldet wurde. Der Poseidon soll von Atom-U-Booten abgesetzt werden und dann autonom in sehr großer Tiefe in den Weltmeeren auf seinen Einsatzbefehl warten. Auch der Poseidon wird mit einem Mini-Kernreaktor betrieben, aber laut Putin wohl einem größeren als der Burevestnik.
Laut Putin soll der Poseidon einen atomaren Sprengstoff tragen, der die in Interkontinentalraketen eingesetzten Sprengköpfe an Sprengkraft übertrifft. Es könnte sich also um die größten, im Einsatz befindlichen Atombomben der Welt handeln, aber das ist natürlich Spekulation.
Der Poseidon soll seinen Sprengkopf unter Wasser zünden, was einen riesigen Tsunami mit einer Welle von 500 oder 1.000 Meter Höhe auslösen würde. So eine Welle würde über eine Insel wie Großbritannien wohl komplett herüberlaufen und sie damit komplett verwüsten. Würde der Poseidon im Atlantik gezündet, würde die Welle, wenn sie auf die Küsten der USA und Europas trifft, wohl hunderte Kilometer ins Landesinnere vordringen und alles auf ihrem Weg zerstören.
Dabei soll der Poseidon in sehr großen Tiefen auf seinen Einsatzbefehl warten, was ihn praktisch unaufspürbar machen würde. Nach dem Einsatzbefehl kann der Poseidon unter Wasser mit hunderten Stundenkilometern Geschwindigkeit zu seinem Zielpunkt fahren. Diese Unterwasser-Antriebstechnik, die sogenannte Superkavitation, hat noch die Sowjetunion zur Einsatzreife gebracht und den Torpedo Schkwal entwickelt.
Der Poseidon ist damit eine sogenannte Zweitschlagswaffe, die zum Einsatz käme, wenn Russland nuklear angegriffen wird. Der Poseidon würde garantieren, dass Russland auch dann noch mit der Vernichtung des Gegners antworten würde, wenn es dem Gegner gelänge, die russischen Atomstreitkräfte in einem überraschenden Erstschlag komplett auszuschalten.
Sarmat (oder Satan II)
Die dritte Waffe, die Putin am Mittwoch erwähnte, war die neue russische Interkontinentalrakete Sarmat (NATO-Code Satam II). Dabei handelt es sich um eine neue russische Rakete, die anscheinend ihrem Zeitplan hinterherhinkt, aber die laut Putin aber nun bald in Dienst gestellt werden soll.
Sie ist wesentlich größer als amerikanische Interkontinentalraketen und kann, nach allem, was bekannt ist, entweder zwei nuklear bestückte Avangard-Hyperschall-Gleiter transportieren und auf den Weg ins Ziel bringen, oder aber bis zu 15 Nuklearsprengköpfe. Offiziell bestätigt wurden diese Zahlen nicht, das sind Spekulationen von Experten.

Teile diesen Beitrag
teilen 
teilen 
teilen 
teilen 
teilen 
E-Mail 
teilen 
AUTOR: ANTI-SPIEGEL
Thomas Röper, geboren 1971, hat als Experte für Osteuropa in Finanzdienstleistungsunternehmen in Osteuropa und Russland Vorstands- und Aufsichtsratspositionen bekleidet. Heute lebt er in seiner Wahlheimat St. Petersburg. Er lebt über 15 Jahre in Russland und spricht fließend Russisch. Die Schwerpunkte seiner medienkritischen Arbeit sind das (mediale) Russlandbild in Deutschland, Kritik an der Berichterstattung westlicher Medien im Allgemeinen und die Themen (Geo-)Politik und Wirtschaft.
SCHREIBE EINEN KOMMENTAR
Du musst angemeldet sein, um einen Kommentar abzugeben.
Zurück
Nächster Beitrag: Tacheles #177 ist online",,https://anti-spiegel.ru/2025/welche-neuen-waffen-russland-angekuendigt-hat/,"Welche neuen Waffen Russland angekündigt hat Am Mittwoch hat der russische Präsident Putin neue russische Waffensysteme angekündigt. Worum geht es dabei? Wettrüsten
Welche neuen Waffen Russland angekündigt hat
Am Mittwoch hat der russische Präsident Putin neue russische Waffensysteme angekündigt. Worum geht es dabei?
von Anti-Spiegel
1. November 2025 03:25 Uhr
Am Mittwoch hat der russische Präsident Putin bei einem Besuch bei verwundeten Soldaten über die neuen russischen nuklearen Waffensysteme gesprochen, die Russland final getestet hat und die demnächst in Dienst gestellt werden sollen. Was sind das für Waffensysteme?
Burevestnik
Den erfolgreichen Abschlusstest des Marschflugkörpers Burevestnik mit Atomantrieb und praktisch unbegrenzter Reichweite hatte Russland schon einige Tage zuvor gemeldet. Über die Waffe habe ich bereits ausführlich berichtet, um das nicht zu wiederholen, verweise ich auf diesen Artikel mit den bekannten Informationen.
Das Revolutionäre an dem neuen Marschflugkörper ist, dass er seine Energie aus einem Atomreaktor bekommt, was ihm eine quasi unbegrenzte Reichweite gibt, während die Reichweite normaler Raketen durch deren Treibstoffmenge begrenzt ist. Einen Atomreaktor zu konstruieren, der in einen Marschflugkörper passt, war dabei wohl die schwierigste Aufgabe.
Das Problem ist, dass der Reaktor dazu sehr klein sein muss und er muss auch unter den extremen Bedingungen (Beschleunigung, Vibration, Vertikalkräfte, etc.), die beim Flug einer Rakete oder eines Marschflugkörpers entstehen, funktionieren. Laut Putin ist es den Russen gelungen, Atomreaktoren, wie sie beispielsweise in Atom-U-Booten eingesetzt werden, auf ein Tausendstel ihrer Größe zu verkleinern. Niemand weiß, wie präzise Putin die technischen Details damit beschrieben hat, aber im Kern war diese Verkleinerung des Reaktors das Kernproblem.
Hinzu kommt, dass man Kernreaktoren „hochfahren“ muss, bis sie ihre Leistung bringen, was bei normalen Reaktoren Stunden dauern kann. Laut Putin startet der Reaktor des Burevestnik „innerhalb von Minuten und Sekunden“, was bedeuten würde, dass es sich um einen ganz neuen Reaktortyp handeln müsste.
Natürlich bedeutet das auch einen Durchbruch in der zivilen Nutzung der Atomenergie, denn Putin sagte auch, Russland werde die im Burevestnik eingesetzten Nukleartechnologien für seine zivile Wirtschaft nutzen können. Das betrifft beispielsweise abgelegene Städte in Russland, von denen manche tausend Kilometer von anderen Städten entfernt sind. Die mit Energie zu versorgen, war immer teuer, weil dazu entweder eigene Kraftwerke für kleine Städte und Siedlungen, oder Stromtrassen über gigantische Entfernungen gebaut werden mussten. Nun ließen sich so abgelegene Orte mit diesen Mini-Kernreaktoren mit Strom versorgen.
Außerdem sagte Putin, die im Burewestnik verwendeten Nukleartechnologien würden auch im russischen Mondprogramm eingesetzt.
Poseidon
Der Poseidon ist eine Unterwasserdrohne, deren Entwicklung in Russland schon vor Jahren gemeldet wurde. Der Poseidon soll von Atom-U-Booten abgesetzt werden und dann autonom in sehr großer Tiefe in den Weltmeeren auf seinen Einsatzbefehl warten. Auch der Poseidon wird mit einem Mini-Kernreaktor betrieben, aber laut Putin wohl einem größeren als der Burevestnik.
Laut Putin soll der Poseidon einen atomaren Sprengstoff tragen, der die in Interkontinentalraketen eingesetzten Sprengköpfe an Sprengkraft übertrifft. Es könnte sich also um die größten, im Einsatz befindlichen Atombomben der Welt handeln, aber das ist natürlich Spekulation.
Der Poseidon soll seinen Sprengkopf unter Wasser zünden, was einen riesigen Tsunami mit einer Welle von 500 oder 1.000 Meter Höhe auslösen würde. So eine Welle würde über eine Insel wie Großbritannien wohl komplett herüberlaufen und sie damit komplett verwüsten. Würde der Poseidon im Atlantik gezündet, würde die Welle, wenn sie auf die Küsten der USA und Europas trifft, wohl hunderte Kilometer ins Landesinnere vordringen und alles auf ihrem Weg zerstören.
Dabei soll der Poseidon in sehr großen Tiefen auf seinen Einsatzbefehl warten, was ihn praktisch unaufspürbar machen würde. Nach dem Einsatzbefehl kann der Poseidon unter Wasser mit hunderten Stundenkilometern Geschwindigkeit zu seinem Zielpunkt fahren. Diese Unterwasser-Antriebstechnik, die sogenannte Superkavitation, hat noch die Sowjetunion zur Einsatzreife gebracht und den Torpedo Schkwal entwickelt.
Der Poseidon ist damit eine sogenannte Zweitschlagswaffe, die zum Einsatz käme, wenn Russland nuklear angegriffen wird. Der Poseidon würde garantieren, dass Russland auch dann noch mit der Vernichtung des Gegners antworten würde, wenn es dem Gegner gelänge, die russischen Atomstreitkräfte in einem überraschenden Erstschlag komplett auszuschalten.
Sarmat (oder Satan II)
Die dritte Waffe, die Putin am Mittwoch erwähnte, war die neue russische Interkontinentalrakete Sarmat (NATO-Code Satam II). Dabei handelt es sich um eine neue russische Rakete, die anscheinend ihrem Zeitplan hinterherhinkt, aber die laut Putin aber nun bald in Dienst gestellt werden soll.
Sie ist wesentlich größer als amerikanische Interkontinentalraketen und kann, nach allem, was bekannt ist, entweder zwei nuklear bestückte Avangard-Hyperschall-Gleiter transportieren und auf den Weg ins Ziel bringen, oder aber bis zu 15 Nuklearsprengköpfe. Offiziell bestätigt wurden diese Zahlen nicht, das sind Spekulationen von Experten.

Teile diesen Beitrag
teilen 
teilen 
teilen 
teilen 
teilen 
E-Mail 
teilen 
AUTOR: ANTI-SPIEGEL
Thomas Röper, geboren 1971, hat als Experte für Osteuropa in Finanzdienstleistungsunternehmen in Osteuropa und Russland Vorstands- und Aufsichtsratspositionen bekleidet. Heute lebt er in seiner Wahlheimat St. Petersburg. Er lebt über 15 Jahre in Russland und spricht fließend Russisch. Die Schwerpunkte seiner medienkritischen Arbeit sind das (mediale) Russlandbild in Deutschland, Kritik an der Berichterstattung westlicher Medien im Allgemeinen und die Themen (Geo-)Politik und Wirtschaft.
SCHREIBE EINEN KOMMENTAR
Du musst angemeldet sein, um einen Kommentar abzugeben.
Zurück
Nächster Beitrag: Tacheles #177 ist online"
