"Date","Title","Inhalt","URL"
"2025-08-04","Lachen mit Alice: Hetzjagd auf CDU-Abgeordnete!","Eine CDU-Bundestagsabgeordnete lacht die Parteivorsitzende der AfD freundlich an und wird anschließend von den Mainstream-Medien und sogar von der eigenen Partei harsch kritisiert und „zum Abschuss freigegeben“.

Wie kam es zu dieser Situation, um wen handelt es sich und was geschah anschließend um diesem „Skandal“? Dr. Stephanie Elsässer und Paul Klemm haben dieses kuriose Spektakel einmal zusammengefasst.

COMPACT-TV ist für Sie gratis! Bitte spenden Sie zu unserer Unterstützung unter compact-online.de/unterstuetzen.","https://www.compact-online.de/lachen-mit-alice-hetzjagd-auf-cdu-abgeordnete/"
"2025-08-04","Der Kult hinter Epstein und Diddy","In einem Interview mit Podcaster Darryl Cooper fragte sich Tucker Carlson, wie Jeffrey Epstein ohne entsprechende Ausbildung Lehrer an der elitären Dalton-Schule werden konnte. Die Antwort liefert der Blick auf ein Netzwerk geheimer Gesellschaften, die unser Autor Oliver Janich in seinem neuen Enthüllungswerk „Das offene Geheimnis“ entlarvt. Hier mehr erfahren.

_ von Oliver Janich

Aktuelle Berichte deuten darauf hin, dass US-Präsident Donald Trump im Mai 2025 von seiner Justizministerin Pam Bondi darüber informiert wurde, dass sein Name mehrfach in den Akten zu Jeffrey Epstein auftaucht. Dies führte zu Kontroversen über die Zurückhaltung seiner Regierung, diese Dokumente freizugeben.

Im Netz der Geheimgesellschaften

Enthüllungen, die auch von großen Medienhäusern verbreitet wurden, deuten auf ein Netzwerk elitärer Verbindungen hin, das möglicherweise von Geheimgesellschaften – Freimaurer, B’nai B’rith, Propaganda Due (P2), Black Boulé (offiziell Sigma Pi Phi) und Chabad Lubawitsch – protegiert wird und das Epstein, den Rapper Sean „Diddy“ Combs und Verbündete wie Ex-Model Naomi Campbell, Musikmanager Barry Weiss und möglicherweise Anya Wick – die angibt, Epsteins Nichte zu sein und behauptet, dass ihre Familie den Dämon Baal verehre – geschützt haben könnte.

Bemerkenswert ist, dass die Studentenverbindung von Barry Weiss, Sigma Pi, einen ähnlichen Namen wie Sigma Pi Phi (The Boulé) trägt, was Fragen nach möglichen Überschneidungen aufwirft, auch wenn etablierte Kreise solche Übereinstimmungen als Zufall abtun. Am 6. Februar 2003 war bekannt geworden, dass Diddys Hip-Hop-Label Bad Boy Records einen Vertriebsvertrag mit Universal Records unterzeichnet hatte.

Weiss war später Manager bei Universal. Auffällig ist: Der Chef des Musikriesen, Lucian Grainge, der laut Wikipedia als Spross einer jüdischen Familie im Norden Londons aufwuchs und 2016 von der Queen zum Ritter geschlagen wurde, bleibt trotz seiner Nennung in der Klage des Rappers Lil Rod gegen Diddy völlig unbehelligt.

Alternative Medienpersönlichkeiten wie Tucker Carlson untersuchen zwar Epsteins Netzwerk, umgehen dabei aber oft diese schattenhaften Gruppen. Nachfolgend soll untersucht werden, wie diese Gesellschaften es schaffen, dass zahlreiche Übeltäter ungeschoren davonkommen und womöglich auch Trumps Entscheidungen beeinflussen.

Epstein und Trump

Medienberichten zufolge informierte Bondi Trump über die Epstein-Akten und wies auf das häufige Auftauchen seines Namens – neben denen von anderen Prominenten – hin. Das US-Justizministerium lehnt nun eine vollständige Offenlegung aus Datenschutzgründen ab – eine bequeme Ausrede, die Misstrauen weckt.

Dies nährt Spekulationen über ein schützendes Netzwerk, das mit Geheimgesellschaften verbunden ist. Die Wohnung des US-Präsidenten im Trump Tower, bekannt für ihre opulente Einrichtung mit Apollo-Motiven, die mit freimaurerischer Symbolik verbunden sind, sowie seine Verbindungen zu Chabad Lubawitsch werfen Fragen über Einflüsse auf, die seine Haltung prägen.

Abstoßend: Jeffrey Epstein mit einem unbekannten Kind an Bord seiner Boeing 727 („Lolita-Express“). | Foto: Screenshot Daily Mail

Seine frühere Freundschaft mit Jeffrey Epstein, die er 2002 mit dem Kommentar, dieser sei „ein großartiger Kerl“ bestätigte, und die Tatsache, dass die Anwälte Alan Dershowitz und David Schoen sowohl Epstein als auch Trump vertraten, weisen auf eine beunruhigende Überschneidung hin. Die Doppelrollen von Dershowitz und Schoen implizieren potenzielle Interessenkonflikte, und ihre jüngsten Verteidigungen von Trump inmitten der Prüfung der Epstein-Akten lassen Zweifel an der Behauptung des Establishments aufkommen, dass keine Informationen zurückgehalten werden.

Naomi Campbell und Diddy

Naomi Campbells Beteiligung vertieft dieses Netz. In Gerichtsakten als häufiger Gast bei Epsteins Veranstaltungen dokumentiert, nahm sie an Treffen mit Trump und Epstein teil. Ihre Freundschaft zu Diddy, die anhand seiner Partys und dem Musikvideo „Nasty Girl“ von 2002 offenkundig ist, positioniert sie als Brücke, die möglicherweise Netzwerke wie die Rothschilds und Chabad Lubawitsch nutzt. Sie besitzt ein Ökohaus in der Türkei in Form eines Horus-Auges, das mit ägyptischer Symbolik gestaltet ist, deutet auf mögliche esoterische Verbindungen hin.

Der stellvertretende US-Justizminister Todd Blanche, ein ehemaliger Anwalt Trumps, traf sich am 24. und 25. Juli in Tallahassee, Florida, für insgesamt neun Stunden mit Ghislaine Maxwell, was, auch angesichts seiner früheren Rolle, Fragen nach seiner Neutralität aufwirft. Man munkelt schon, dass Maxwell begnadigt werden könnte, wobei Trump dies weder bestätigt noch dementiert. Er sagte lediglich, er sei „berechtigt, es zu tun“, habe aber „nicht darüber nachgedacht“, was Spekulationen über einen Deal zum Eigenschutz nährt.

Entlarvend: Luftaufnahme von Naomi Campbells Haus in der Türkei – in Form eines Horus-Auges. Foto: Screenshot Youtube

Pam Bondi, Trumps ehemalige Anwältin und derzeitige Justizministerin, verkompliziert die Sache durch ihr Verhalten gegenüber Trump weiter. Barry Weiss, ein Musikmogul mit Verbindungen zur Sigma Pi-Bruderschaft, der Künstlerinnen Britney Spears prägte, könnte ebenfalls mit diesen elitären Kreisen verbunden sein, was auf ein größeres Netzwerk hindeutet.

Mit Anya Wicks Behauptung, Epsteins Nichte zu sein, kombiniert mit ihren Vorwürfen über die Baal-Verehrung in ihrer Familie, kommt eine verstörende Dimension hinzu, die möglicherweise mit alten Ritualen in Zusammenhang steht, die das Establishment als Verschwörungstheorie abtut.

Berlusconi und Baal

Ein bemerkenswerter Zusammenhang ergibt sich aus einem Artikel von Forward.com aus dem Jahr 2019, in dem Naomi Campbell zusammen mit der US-Sängerin Paula Abdul dem Lubawitscher Rebbe Menachem Mendel Schneerson bei einer Chabad-Veranstaltung Tribut zollte, was ihre tiefen Verbindungen zu dieser einflussreichen jüdisch-messianistischen Bewegung unterstreicht.

Ihre Verbindung zu dem 2023 verstorbenen Medienmogul und früherem italienischen Regierungschef Silvio Berlusconi, der Mitglied der Freimaurerloge Propaganda Due (P2) war, die für Korruption bekannt ist, ist ein weiterer Hinweis auf ihre Kontakte zu schattenhaften Gruppen – wobei Berichte über phönizische Gräber in der Nähe von Berlusconis Wohnsitz auf Sardinien Fragen nach rituellen Verbindungen zur Baal-Verehrung aufwerfen.

Campbells Horus-Auge-Haus mit seiner okkulten Symbolik ist ein weiterer Hinweis auf ihren Hang zu esoterischen Traditionen, die mit der Freimaurerei in Zusammenhang stehen. Ihre enge Freundschaft zu Sean „Diddy“ Combs, der unter dem Einfluss der Illuminati stehen soll, deutet auf ein breiteres okkultes Netzwerk hin.

Anya Wicks Enthüllungen über die Baal-Verehrung ihrer Familie – ein antiker phönizischer Fruchtbarkeitskult, der angeblich von Eliten praktiziert wird – wiederum könnten im Zusammenhang mit der phönizischen Sonnenuhr am Tempel auf Epsteins Insel Little St. James stehen – was auf ein gemeinsames rituelles Erbe hindeutet, das das Establishment zu verschleiern versucht.

Freimaurerei und B’nai B’rith – Epsteins Nexus

Epsteins verdankte seinen Aufstieg verschiedenen Geheimgesellschaften, wie US-Investigativjournalist Whitney Webb in seiner Recherche „First Friends: The Epstein Network“ nachweist. Webb enthüllt in dem Beitrag Epsteins Verbindungen zur Familie Bronfman, die als zentrale Figuren in B’nai B’rith und der sogenannten Mega Group angesehen werden müssen – mit Verbindungen zu Geheimdiensten.

Webb weist darauf hin, dass die Beziehung zwischen Bronfman und Epstein zentral für seine finanziellen Operationen war und Zugang zu elitären Netzwerken bot. Durch die Rothschilds – prominente Freimaurer –  erschloss sich Epstein ein Netzwerk, das mit Berlusconi und anderen verbunden ist.

Die Geschichte der P2-Loge (siehe COMPACT-Spezial „Attentate des Tiefen Staates“) mit ihren systematischen Erpressungsmethoden spiegelt Epsteins Taktiken wider, doch offizielle Berichte spielen diese Verbindungen herunter. Die phönizische Sonnenuhr auf seinem Insel-Tempel, die an antike Sonnengottheiten erinnert, steht im Einklang mit Wicks Baal-Enthüllungen und deutet auf eine Kontinuität phönizischer Rituale hin.

In Freundschaft vereint: Der Rapper Sean „Diddy“ Combs und Ex-Model Naomi Campbell, hier 2005 bei einer Modenschau in New York. Foto: Everett Collection / Shutterstock

Campbell war nachweisliche anwesend bei Veranstaltungen von Epstein und Berlusconi, was P2-Verbindungen nahelegt, während die Gräber in der Nähe von Berlusconis Wohnsitz auf eine tiefere rituelle Vergangenheit hindeuten. Ihre Verbindungen zu Rothschild, Chabad sowie ihr Horus-Auge-Haus lassen auch eine Nähe zu B’nai-B’rith-Netzwerken vermuten.

Ihre Freundschaft zu Diddy mit seinen mutmaßlichen Illuminati-Verbindungen, deutet auf ein gemeinsames Vorgehen hin, da Webbs Recherchen über Epsteins „Erpressungsoperationen“ auf ein tiefergehendes Schema hinweisen. Die Rolle von Barry Weiss in der Musikindustrie, möglicherweise in Verbindung mit den elitären Alumni von Sigma Pi, könnte sich mit diesen Netzwerken überschneiden und deren Reichweite verstärken.

Black Boulé und Erpressung – Diddys Aufstieg

Diddys Aufstieg ähnelt dem von Epstein, wobei die Black Boulé (Sigma Pi Phi), eine afroamerikanische Elite-Bruderschaft, bei ihm eine Schlüsselrolle spielt. Jonathan Oddi, ein ehemaliger Pornodarsteller, behauptete bereits 2018, dass der Rapper mit der Boulé und den Illuminati unter der Decke steckt und warf ihm Erpressung und okkulte Aktivitäten vor, wobei weitere Berichte, etwa in der Times of India, diese Anschuldigungen stützen.

🔥Die Geheimgesellschaften, die hinter Epstein und Diddy stehen, aber selbst große Alternativmedien verschweigen

Die angebliche Nichte von Jeffrey Epstein, Anya Wick, behauptet, ihre Familie gehöre dem satanischen Baal-Kult an und sie wäre die Zwillingsschwester des… pic.twitter.com/F8JpGJgq0X

— Oliver Janich (@OliverJanich) July 31, 2025

Die Boulé ist zweifelsohne eine einflussreiche Gruppe – das zeigt etwa die Personalie Vernon Jordan, ein schwarzer Bürgerrechtler, der engen Kontakt zu Bill Clinton pflegte. Der Weg nach Hollywood wurde Diddy wiederum von dem Musikproduzenten Clive Davis geebnet – möglicherweise auch durch Erpressung. Die Rolle der Boulé, Campbells Involvierung in das Netzwerk, Weiss’ potenzielle Beteiligung und Wicks Baal-Behauptungen offenbaren deshalb ein System, um das selbst viele alternative Medien einen großen Bogen machen.

Chabad Lubawitsch – ein kultähnlicher Schutzschild

Rabbi Menachem Mendel Schneerson war von 1950 bis zu seinem Tod 1994 „der Rebbe“ der Chabad-Bewegung. Diese ist entscheidend. Trumps Verbindungen zu Chabad Lubwawitsch über seine Tochter Ivanka und ihren Ehemann Jared Kushner sowie Naomi Campbells Tribut an Schneerson unterstreichen den Einfluss der chassidischen Gruppe. Die Unterstützung von Chabad durch die Rothschilds ist ein weiteres Puzzleteil. Die Struktur von Chabad ähnelt denen von Geheimgesellschaften und wirft Fragen nach ihrer schützenden Rolle auf, die möglicherweise auf Figuren wie Weiss und die angeblichen Familienpraktiken von Wick ausgedehnt wird.

 

Diesen Schutz geheimer Hintergrundstrukturen genoss der Epstein lange Zeit (man beachte seinen gerichtlichen Vergleich von 2008) – und offenbar auch Diddy, denn schulidg gesprochen wurde er im Juli 2025 nur in den schwächsten Anklagepunkten. Campbells Immunität, trotz ihrer Nähe zu dem Rapper, deutet ebenfalls auf einen Netzwerkschutz hin.

Trumps Widerstand gegen die Freigabe aller Epstein-Akten – unterstützt von Leuten wie Schoen, Dershowitz, Blanche und Bondi – widerspricht den Transparenzbekundungen der US-Regierung. Der Druck des Kongresses hält an, doch das Netz bleibt bestehen.

Das Schweigen im Walde

Die Vorgänge um die Epstein-Akten werfen ein Schlaglicht auf ein Netzwerk von Geheimgesellschaften, das Epstein, Diddy und Campbell protegiert hat. Campbells P2-, Chabad- und Horus-Auge-Verstrickungen, Diddys Illuminati-Verbindungen und Wicks Baal-Enthüllungen machen sie zu zentralen Figuren.

Trumps Umgang mit den Akten, verbunden mit der Einflussnahme von Freimaurerlogen und Chabad Lubawitsch, stellt das Narrativ der Offenheit infrage. Investigativjournalist Webb warnt, dass diese Netzwerke über einzelne Akteure hinausgehen und globale Machtdynamiken prägen könnten. Alternative Medienleute wie Tucker Carlson scheuen davor zurück, diese Gruppen zu benennen. Der Gerechtigkeit tut dies keinen guten Dienst.

Dieser Beitrag erschien zuerst in englischer Sprache auf dem Substack-Blog von Oliver Janich. Dort finden Sie auch alle Quellen. Der Text wurde mit freundlicher Genehmigung des Autors von COMPACT übersetzt und übernommen.

Unser Autor Oliver Janich schreckt nicht davor zurück: In seinem Enthüllungswerk „Das offene Geheimnis“ nennt er die Strippenzieher im Hintergrund beim Namen und zeigt auf, wie diese nicht erst seit hundert Jahren, sondern seit Jahrhunderten hinter den Kulissen wirken – zum Schaden der ganzen Menschheit! Hier bestellen.","https://www.compact-online.de/der-kult-hinter-epstein-und-diddy/"
"2025-08-04","Nach dem Tag X","Naive Träume von einem besseren Staat. Straßenschlachten, wertloses Papiergeld, Börsencrash und Brotschlangen. Knapp 100 Jahre nach Weimar macht sich im Westen ein neues Gefühl der drohenden Apokalypse breit. Manche Zeitgenossen, auch im patriotischen Spektrum, hoffen auf eine bessere Gesellschaft nach dem Zusammenbruch. _ von Marvin Timotheus Neumann Das Corona-Virus, ein neuer Asyl-Tsunami, eventuell ein dritter Weltkrieg oder der Crash des Banken- und Wirtschaftssystems – was es nun auch genau sein mag: Der totale Kollaps des

Dieser Inhalt aus unserer Printausgabe ist registrierten Benutzern vorbehalten.

Bitte loggen Sie sich hier ein, oder holen Sie sich jetzt den Digital - Pass für Smartphone, Tablet und Desktop

Anmelden
Benutzername oder E-Mail-Adresse
Passwort
 Angemeldet bleiben  
Passwort vergessen? Klicke hier, um es zurückzusetzen.","https://www.compact-online.de/nach-dem-tag-x-naive-traeume-von-einem-besseren-staat/"
"2025-08-04","Corona-Studie: Schäden in Kauf genommen","Auch fünf Jahre nach den Corona-Maßnahmen bleibt der Wille nach Aufarbeitung bei den Deutschen hoch, bei den Volksvertretern ist er hingegen nicht sehr ausgeprägt. Dabei gibt es jede Menge Bedarf, wie auch eine neue Studie unterstreicht. Sichern Sie sich unbedingt unsere Anklageschrift „Impf-Tribunal“; jetzt zum Sonderpreis. Hier mehr erfahren.

Was passiert, wenn Menschen gezwungen werden, sich in ihren Wohnungen zu verbarrikadieren, isoliert von der Außenwelt, während sie auf Anweisungen einer autoritären Obrigkeit warten? Die gesundheitlichen Folgen sind verheerend!

Im Rahmen einer neuen Studie, veröffentlicht in der wissenschaftlichen Fachzeitschrift Nature unter dem Titel „Accelerated brain ageing during the COVID-19 pandemic“, zeigt der Forscher Ali-Reza Mohammadi-Nejad auf, wie die Corona-Maßnahmen beispielsweise die Gehirnalterung um über fünf Monate beschleunigt haben – unabhängig davon, ob eine Infektion vorlag. Basierend auf 15.334 Gehirnscans der UK-Biobank legt die Studie offen, wie Isolation, staatlich erzwungene Einschränkungen und die Angst vor einem Virus die Hirnstruktur nachhaltig geschädigt haben.

Besonders die Schwächsten geschädigt

Die Ergebnisse sind alarmierend: Besonders ältere Menschen, Männer und sozioökonomisch benachteiligte Gruppen zeigen gravierende Veränderungen im Gehirn. Diese Schäden wurden nicht primär durch das Virus selbst, sondern durch die zerstörerischen Folgen der Lockdowns verursacht – soziale Isolation, wirtschaftliche Unsicherheit und der Verlust alltäglicher Routinen. Die Maßnahmen, die unter dem Vorwand des Schutzes erlassen wurden, haben die Schwächsten der Gesellschaft am härtesten getroffen und deren Gesundheit systematisch untergraben.

Die Studie hebt hervor: Isolation, Stress und Bewegungsmangel – direkte Folgen der Lockdowns – sind als Hauptursachen identifiziert. Eine Infektion verschärfte zwar diese Defizite, doch die Maßnahmen allein reichten aus, um Schäden zu verursachen.

Der Hauptautor der Studie, Mohammadi-Nejad, betonte in der Los Angeles Times: „Die Pandemie-Erfahrung an sich, unabhängig von einer Infektion, hat die Gehirnalterung beschleunigt.“ Mit anderen Worten: Der blinde Gehorsam gegenüber den Maßnahmen – das Vermeiden sozialer Kontakte, das Tragen von Masken, die ständige Angst – hat das Gehirn der Menschen geschädigt.

Schon lange ist bekannt, dass soziale Isolation und fehlende geistige Anregung negative Prozesse fördern. Die Corona-Jahre mit ihrer Flut an banalen Medieninhalten verschärften diesen Effekt zusätzlich. Besonders ältere Menschen litten unter der Isolation. Männer waren stärker betroffen, vermutlich aufgrund biologischer Stressreaktionen.

Ungerecht und zerstörerisch

Einkommensschwache Gruppen, bereits im Gesundheitssystem benachteiligt, trugen die schwersten Lasten – ein weiterer Beweis, wie ungerecht und zerstörerisch die Maßnahmen waren. Dorothee Auer, Mitautorin der Studie, räumt ein, dass die Reversibilität der Schäden ungewiss ist. Angesichts der bekannten Langzeiteffekte von Isolation und Stress bleibt diese Aussage ein schwacher Trost.

Die Lockdowns haben massive Schäden angerichtet. Dennoch wurden diese Maßnahmen trotz bekannter Risiken rigoros durchgesetzt. Die Studie bestätigt: Die Corona-Politik war ein Angriff auf die geistige Gesundheit, der die Gesellschaft gespalten und die Schwächsten geopfert hat.

Aufarbeitung ist notwendig! Sichern Sie sich jetzt unser Rabatt-Paket „Impf-Tribunal“ als Rabatt-Paket für 9,90 Euro statt für 31,70 Euro. Hier bestellen.","https://www.compact-online.de/corona-studie-schaeden-in-kauf-genommen/"
"2025-08-04","Mutig: Dieser Mann kämpft gegen die Giftmischer","Influencer Fabian Kowallik legt sich mit der Lebensmittel- und Pharmaindustrie an. Und das aus gutem Grund – und mit Erfolg: 1,5 Millionen folgen ihm auf Social Media, sein Buch „Die Ernährungslügen“ erreichte Platz eins der Bestsellerlisten. Doch nun versuchen die Giftmischer, ihn als Schwurbler an den Pranger zu stellen. Hier mehr erfahren.

„Fast alles, was wir heute essen, ist keine Nahrung, sondern industriell hochverarbeitete essbare Substanz“ – mit dieser Aussage macht man sich bei der Lebensmittelindustrie keine Freunde. Doch das ficht Fabian Kowallik, Autor des Bestsellers „Die Ernährungslügen – Wie man isst, um nicht krank zu werden“, nicht an, denn er will sich nicht Nestlé & Co. andienen, sondern uns Deutschen zeigen, dass es auch anders geht.

„Massenvernichtungswaffen der Lebensmittelindustrie“

Kowallik ist ein Ernährungs-Rebell. Damit liegt er auf einer Linie mit US-Gesundheitsminister Robert F. Kennedy Jr. Der amerikanische Querdenker hat hochverarbeiteten Nahrungsmitteln den Kampf angesagt, denn sie machen die US-Bevölkerung nachweisbar krank. Dreiviertel aller Amerikaner sind laut einer Studie des Medizinjournals The Lancet übergewichtig, um die 40 Prozent sogar krankhaft fettleibig.

Die vier häufigsten chronischen Krankheiten – Herzleiden, Krebs, Diabetes und Demenz – raffen in den Vereinigten Staaten jährlich Abermillionen Menschen  dahin. Rund 60 Prozent von ihnen leiden mindestens an einer der genannten Diagnosen. Und das kommt nicht von ungefähr.

Die Ursache für diese gesundheitliche Katastrophe liegt nicht allein im Lebensstil der Betroffenen, sondern vor allem in der Zutatenliste von vielen Nahrungsmitteln, die regelrecht toxische Zusätze enthalten, ohne dass dies den Verbrauchern überhaupt bewusst ist. Doch nicht nur die USA sind betroffen, denn in Deutschland sieht es nicht viel besser aus. Auch bei uns nehmen die sogenannten Zivilisationskrankheiten rasant zu.

Krebspatient: Zivilisationskrankheiten nehmen zu. Foto: Frame Stock Footage / Shutterstock.com

Bobby Kennedy Jr. hat sich als Anwalt und engagierter Umweltschützer, als Impfgegner und prominenter Corona-Kritiker – er trat bei der Mega-Demo der Querdenker in Berlin Ende August 2020 als Redner auf – international einen Namen gemacht. Nun ergreift er auch als erster amerikanischer Spitzenpolitiker Maßnahmen gegen hochverarbeitete Lebensmittel und billige Pflanzenöle, die er als „Massenvernichtungswaffen der Lebensmittelindustrie“ bezeichnet.

Das ist auch einer der Hauptpunkte von Kowallik und seinem Ratgeber „Die Ernährungslügen“. Sein Credo: Nutzt hochwertige und gesunde Fette wie Butter, Rindertalg oder Kokosöl und verzichtet auf Margarine und minderwertige, gesundheitsschädliche Pflanzenöle, vor allem auf sogenannte Seed Oils (Samenöle), also Sonnenblumen-, Mais- oder Rapsöl – die man früher nur als Schmierstoffe für Maschinen einsetzte. Dass diese Öle heute in unseren Töpfen und Pfannen landen, ist für Kowallik ein Skandal.

Ein Auszug aus dem Buch „Die Ernärungslügen“ von Fabian Kowallik. Hier bestellen.
Feldzug für Volksgesundheit

Der Kampf gegen ungesunde Fette ist aber nur eine Front, an der Kowallik seinen Feldzug für Volksgesundheit führt. In „Die Ernährungslügen“ beschreibt er auch für Laien verständlich, worauf man achten muss und wie man den zahlreichen Fallen der Nahrungs- und Genussmittelindustrie aus dem Weg geht.

Der 35-jährige Influencer, der im Netz als „Exiled Medic“ bekannt wurde, bringt dabei die notwendige Fachkenntnis mit: Er studierte zunächst Medizin, brach das Studium jedoch ab, weil er sich mit dem schulmedizinischen Dogmatismus nicht anfreunden konnte. Also sattelte er um und erwarb einen Master of Science in Lebensmittel- und Gesundheitswissenschaften. Kowallik ist also nicht nur ein prominenter Social-Media-Influencer mit über 1,5 Millionen Followern auf Plattformen wie YouTube, TikTok und Instagram, sondern ein ausgewiesener Experte.

Das ambitionierte Ziel des fitness- und kraftsportbegeisterten Ernährungsexperten ist es, bis 2030 gesunde Nahrung und natürliche Heilmittel für alle zugänglich zu machen und das bestehende System nachhaltig zu verändern. Das hat auch persönliche Hintergründe: Nach seinem Studium arbeitete Kowallik bei einem großen Lebensmittelkonzern, wo er Einblicke in die Praktiken der Industrie gewann, die seine kritische Haltung verstärkten.

Hinzu kamen der Tod seines Vaters nach einer Krebserkrankung und eigene Gesundheitsprobleme. Also begann er, in den sozialen Medien über Gesundheit und Ernährung aufzuklären. Eigenen Angaben zufolge habe er bereits über 3.000 Menschen geholfen, chronische Beschwerden zu lindern – durch Ernährungsumstellung und die Kraft natürlicher Heilmittel.

„Gottesnahrung“ statt Junk- und Genfood

Diese Erfahrungen und sein Erfolg, gerade bei jungen Leuten, in Social Media inspirierten Kowallik dazu, seine Erkenntnisse und Tipps in einem Buch zusammenzufassen: „Die Ernährungslügen“ – mit dem geradezu programmatischen Untertitel „Wie man isst, um nicht krank zu werden“. Der Ratgeber richtet sich an Leser mit kritischem Blick auf die Lebensmittel- und Pharmaindustrie sowie Interesse an gesunder Lebensweise.

Pharma- und Lebensmittelindustrie: Oft reine Giftmischerei. Foto: Fishman64 / Shutterstock

Kowallik fokussiert sich dabei auf industriell verarbeitete Produkte, die heute die Regale in den Supermärkten dominieren – und bei denen er ganz klar sagt: Finger weg! Und er zeigt auf, wie uns oft gentechnisch veränderte Nahrungsmittel wie Mais, Brokkoli oder Kartoffeln untergejubelt werden, ohne dass wir es bemerken.

Darum plädiert er für eine Rückkehr zur „Gottesnahrung“, wie er es nennt: unverarbeitete, natürliche Lebensmitteln. Damit verzichte man, so Kowallik, nicht nur auf giftige Stoffe, die viel Unheil in unserem Körper anrichten, sondern gebe am Ende auch wesentlich weniger Geld aus.

Praktische Ratschläge, Tipps und Rezepte

Sein Bestseller „Die Ernährungslügen“ vermittelt das notwendige Hintergrundwissen, bietet vor allem aber viele praktische, alltagstaugliche Tipps und Rezepte, mit denen jeder seine Gesundheit verbessern und chronischen Krankheiten wie Krebs oder Entzündungen, aber auch psychischen Problemen vorzubeugen. Zudem entlarvt er die Tricks der Lebensmittelindustrie, die uns oft ungesunde Nahrung als das Gegenteil verkaufen will. Eine der Kernaussagen seines Buches lautet:

„Wenn ein Produkt als ‚gesund‘ beworben wird, aber die Zutatenliste länger ist als Ihre Einkaufsliste, ist es Zeit, misstrauisch zu werden.“

So widerlegt Kowallik in seinem Werk eine Reihe von Ernährungsmythen und Lügen der Konzerne. Man erfährt, welche falschen Informationen einen krank machen könnten – und wie es in Wirklichkeit aussieht. „Die Ernährungslügen“ ist aber vor allem eine praktische Anleitung zur Nahrungsumstellung. „Lerne, wie du deine Ernährung leicht anpassen kannst, um gesünder zu leben“, so der Autor, der sich dabei auf zahlreiche Quellen und wissenschaftliche Studien stützt.

Gretchenfrage: Macht Fleisch krank oder ist es gesund? Foto: Emerson Vieira / Unsplash

Das Buch präsentiert zahlreiche Rezepte, die keiner großen Kochkünste bedürfen, sondern ganz einfach sind. Oder wie es der Verlag ausdrückt: „Entdecke köstliche und unkomplizierte Rezepte, die sich mühelos in deinen Alltag integrieren lassen.“ Letztendlich geht es Kowallik darum, den Menschen langfristige Gesundheit zu bringen. Darum erklärt er, wie man seinen Körper optimal versorgt, um nicht nur symptomfrei zu leben, sondern echtes Wohlbefinden zu erfahren.

Das Imperium schlägt zurück

Kowalliks Kampf gegen die Lebensmittelindustrie und für mehr Gesundheit bleibt natürlich nicht unbeantwortet. Konzerne und Mainstream-Medien wettern gegen den Ernährungsrebellen und versuchen, ihn als Scharlatan, „Verschwörungstheoretiker“ und „Schwurbler“ zu diffamieren.

Die als Wissenschaftssendung getarnte Propagandashow Quarks des öffentlich-rechtlichen Rundfunks widmete dem Unbequemen im Juli sogar eine eigene „Akte Fabian Kowallik“, in der ihm „pseudowissenschaftliche Behauptungen“ und eine „Verunsicherung der Öffentlichkeit“ vorgeworfen werden. Das kommt einem irgendwie bekannt vor … Stichwort Corona-Zeit und der Umgang mit Kritikern damals.

Was die WDR-Truppe von Quarks besonders nervt:

„Das Problem: Kowallik hat Reichweite – und Einfluss. Wer seine Ernährungsempfehlungen ungeprüft übernimmt, lässt sich womöglich durch pseudowissenschaftliche Behauptungen verunsichern.“

Auch das regionale Nachrichtenportal Rhein Lahn Info haut in diese Kerbe. „Kritiker bemängeln, dass er oft mit den Ängsten der Menschen spielt und Falschaussagen verbreitet, um seine eigenen Produkte zu bewerben“, behauptet das Medium über Kowallik, ohne für diese Behauptung einen tragfähigen Beleg vorzubringen. Sein Buch „Die Ernährungslügen“ kann damit jedenfalls nicht gemeint sein, denn Produktwerbung spielt darin überhaupt keine Rolle.

Frisch auf den Tisch: Mit gesunder Ernährung kann man vielen Krankheiten vorbeugen. Foto: Yulia Furman / Shutter­­stock

Auch die Behauptung des Rhein Lahn Info, wonach Kowallik „zu einer Schwarz-Weiß-Denke“ tendiere, die komplexe gesundheitliche Themen stark vereinfacht“, hält einer Überprüfung kaum stand. Vielmehr erläutert er Gesundheitsaspekte so, dass nicht nur Fachleute, sondern jedermann diese nachvollziehen und seiner Ernährung entsprechend nachjustieren kann. Und genau das macht ihn und seinen Ratgeber so gefährlich! Jedenfalls für die Konzerne und ihre medialen Lakaien.

Kowallik bleibt stabil

Doch auch diese Mainstream-Hetze lässt den leidenschaftlichen Streiter für mehr Volksgesundheit nicht von seiner Mission abweichen. Kowallik bleibt stabil und vertritt seine Thesen inzwischen auch bei Alternativmedien wie den Podcasts von Unternehmer und Jurist Lars Tschaut oder Ex-RT-Journalistin Jasmin Kosubek.

Gegenüber Jasmin Kosubek erklärte er zur Kritik an seiner Arbeit:

„Die sogenannte ‚etablierte Wissenschaft‘ ist oft nur ein Echo der Interessen von Big Pharma und der Lebensmittelindustrie. Ich vertraue meiner Eigenrecherche und den Erfahrungen von Tausenden, die durch meine Ansätze geheilt wurden.“

Und im Interview mit dem alternativen Portal Sonnenschein.it sagte er:

„Man nennt mich Verschwörungstheoretiker? Das ist für mich eine Auszeichnung. Es bedeutet, dass ich unbequeme Fragen stelle, die das System nicht hören will.“

Laut Kowallik werden wir „jeden Tag überflutet von neuen Ernährungsempfehlungen und Medizinpraktiken“, doch „unterm Strich steigen unsere Krebsraten, chronisch entzündliche Erkrankungen sind auf einem Höchststand, und auch psychisch geht es Deutschland nicht mehr gut“. Dagegen will der erfolgreiche Influencer und Bestseller-Autor etwas tun – auch gegen den Widerstand der Giftmischer und ihrer Helfershelfer.

Deutschland muss wieder gesund werden! Das ist die Mission des Ernährungsexperten und Influencers Fabian Kowallik. Sein Ratgeber „Die Ernährungslügen – Wie man isst, um nicht krank zu werden“ hilft auch Ihnen, Big Pharma und der Lebensmittelindustrie ein Schnippchen zu schlagen und dauerhafte Gesundheit zu erlangen. Hier bestellen. ","https://www.compact-online.de/mutig-dieser-mann-kaempft-gegen-die-giftmischer/"
"2025-08-04","Frieden: „Eine zutiefst menschliche Haltung!“","Die Gewerkschaft Verdi hatte für den vergangenen Samstag zum Protest gegen die Querdenken-Demonstration in der Hauptstadt aufgerufen. Alex King, BSW-Mitglied des Abgeordnetenhauses in Berlin, folgte dem Aufruf nicht, sondern schloss sich der Friedensdemo an. Sichern Sie sich das Q-Button als Soli-Beweis für die wichtige Protestbewegung. Hier mehr erfahren.

Wir dokumentieren nachfolgend den öffentlichen Brief von Alex King, seit 2024 Landesvorsitzender des Wagenknecht-Bündnisses in Berlin.

Für eine menschliche Haltung!

„Sehr geehrte Kollegen vom ver.di Bezirk Berlin, ich bin seit vielen Jahren Mitglied der Gewerkschaft ver.di. Als solches erreichte mich am Dienstag euer Aufruf, ich solle mich an diesem Samstag an der Demonstration ‚Alle zusammen gegen den Faschismus!‘ beteiligen. Leider musste ich feststellen: Diese Demonstration richtete sich keineswegs ‚gegen den Faschismus‘, sondern gegen eine am selben Tag stattfindende Friedensdemonstration unter dem Motto ‚Frieden und Freiheit‘. Bei der Friedensdemonstration sei mit der Teilnahme von ‚Neonazis, Faschist*innen und Antisemit*innen‘ zu rechnen und die AfD würde dort Anhänger rekrutieren, hieß es in einem von euch verschickten Aufruf zur Gegendemo.

Ich bin nicht zu eurer Gegendemo gegangen, sondern habe mir stattdessen einen eigenen Eindruck von der Demonstration für ‚Frieden und Freiheit‘ verschafft. Im Nachhinein bin ich sehr froh darüber. Denn was ich gesehen habe, sah anders aus, als von euch beschrieben.

Zwar habe ich u. a. eine Fahne der rechtsextremen Freien Sachsen und auch einen Zeitungsstand von COMPACT gesehen. Aber das hat die Veranstaltung nicht inhaltlich geprägt. Im Gegenteil: Vor allem waren da viele Menschen (ich bin nicht gut im Schätzen von Teilnehmerzahlen, aber ich würde sagen: im vierstelligen Bereich), die sich nach Frieden sehnen, die für Diplomatie und gegen Aufrüstung sind und die eine konsequente Aufarbeitung der Corona-Zeit fordern. Diese Ziele teile ich.

Die Reden, die ich anhören konnte, u. a. von der linken Journalistin und Friedensaktivistin Christiane Reymann, zeigten eine klare antifaschistische, zutiefst menschliche Haltung.

Von der AfD war zwar weit und breit nichts zu sehen, aber sollte sie solche Friedensdemonstrationen als Rekrutierungsfeld nutzen wollen, finde ich es erst recht sinnvoll, ebenfalls vor Ort zu sein und mit Leuten ins Gespräch zu kommen und sie von politischen Alternativen zu überzeugen.

Warum sollten wir ausgerechnet einer militaristischen Partei wie der AfD, die den Wehrdienst wieder einführen und ohne Ende aufrüsten will, das Feld überlassen? Eine aktuelle Stiftung der Hans-Böckler-Stiftung bestätigt leider, dass die AfD derzeit strategisch erfolgreich in breite Teile der Bevölkerung vordringt.

Früher waren die Gewerkschaften an der Seite derjenigen, die für den Frieden demonstriert haben. Ich habe auch heute einzelne Gewerkschaftsmitglieder getroffen. Vielleicht sagt ihr jetzt: ‚Ja, wir sind auch für Frieden und Diplomatie und gegen die Aufrüstung. Aber wir wollen nicht mit Rechten demonstrieren.‘ Das wäre sogar nachvollziehbar. Nur: Wir hören von den Gewerkschaften – und leider auch von euch – keinen Mucks angesichts von Aufrüstung und Kriegsvorbereitung.

Wo war ver.di, als der Senat seinen Rahmenplan ‚Zivile Verteidigung Krankenhäuser‘ vorgestellt hat, der unsere Krankenhäuser mit Hilfe der Bundeswehr kriegstüchtig machen soll? Stattdessen demonstriert ver.di lieber gegen eine Friedensdemo, zusammen mit den Parteien (Grüne, SPD, Linke), die in Bundestag bzw. Bundesrat grünes Licht gegeben haben für die größte Aufrüstung in der Geschichte der Bundesrepublik, für Kriegskredite ohne Limit.

Dass Aufrüstung und Faschismus miteinander zusammenhängen, seht ihr nicht. Das halte ich für zu kurz gedacht. Freundliche Grüße“.

In der Friedensfrage kann es keine Spaltung in Rechte und Linke geben! Sichern Sie sich das Q-Button als Soli-Beweis für die wichtige Protestbewegung. Hier bestellen.","https://www.compact-online.de/frieden-eine-zutiefst-menschliche-haltung/"
"2025-08-04","Widerspruch gegen Merz-Kriegskurs","Die Merz-Regierung setzt ziemlich ungeniert auf die Umsetzung der berüchtigten „Kriegstüchtigkeit“-Ansage von Verteidigungsminister Pistorius. Wir wollen uns nicht an diese Rhetorik gewöhnen, sondern setzen auf Frieden. Als Bekenntnis besonders geeignet: Die Druschba-Silbermedaille von COMPACT. Hier mehr erfahren.

Bundeskanzler Friedrich Merz forciert eine massive Aufrüstung der Bundeswehr und drängt beispielsweise, wie zuletzt beim Tag der Deutschen Industrie, auf eine Vervielfachung der Reservisten von derzeit 34.000 auf 200.000. „Unternehmen sollen ihre Mitarbeiter für den Reservisten-Dienst freistellen“, so Merz.

Erfreuliches Zögern

Wirtschaftsverbände wie der Bundesverband Mittelständische Wirtschaft (BVMW) begrüßen den Vorschlag brav, betonen jedoch, dass die Teilnahme freiwillig bleiben müsse. Viele Betriebe zögern  allerdings erfreulicherweise, da sie mit administrativen Hürden und Unklarheiten, etwa zur Lohnfortzahlung, konfrontiert sind.

Was sie offenbar weniger erkennen: Dieser Kurs der Merz-Regierung ist ein unverhohlener Schritt in Richtung Militarisierung, der beunruhigen müsste. Statt auf Diplomatie und internationale Kooperation zu setzen, schürt die Regierung mit Begriffen wie „Kriegstüchtigkeit“ eine gefährliche Konfrontationsstimmung.

Diese Kriegsrhetorik entschieden führt bewusst weg von einer Politik des Friedens und der Versöhnung. Eine Aufstockung der Reservisten ist keine Antwort auf die Herausforderungen unserer Zeit, sondern ein Rückfall in die Logik von Konflikt und Abschreckung. Friedenspolitik bedeutet, Brücken zu bauen, nicht Armeen aufzustocken.

Besonders alarmierend sind die Auswirkungen der Merz-Kriegsspielereien auch auf den Mittelstand und das Handwerk, wie Handwerkschef Jörg Dittrich deutlich macht: „Gerade für kleine Handwerksbetriebe ist es ein Kraftakt, wenn Mitarbeiterinnen und Mitarbeiter kurzfristig für Einsätze ausfallen.“ Der Ausfall von Fachkräften wie Bäcker, Elektriker oder Mechaniker, gefährde nicht nur Betriebe, sondern die gesamte Infrastruktur. Eine Einberufung würde Zeitpläne durcheinanderwirbeln, Bauprojekte verzögern und Kosten in die Höhe treiben – ein unverhältnismäßiger Schaden für die Gesellschaft.

Der Protest gegen die Merz-Pläne lässt hoffen, dass viele Menschen die Gefahr einer militarisierten Gesellschaft erkennen. Statt Reservisten zu drillen, sollte Deutschland seine Ressourcen in soziale Gerechtigkeit und Frieden mit Russland investieren.

Widerstand ist Bürgerpflicht!

Tausende Handwerker engagieren sich laut Dittrich bereits ehrenamtlich bei Feuerwehr oder Katastrophenschutz – ein Engagement, das Frieden und Sicherheit in der Gemeinschaft fördert, ohne kriegerische Absichten. Dieses zivile Engagement verdient Unterstützung, nicht eine Politik, die Kriegsvorbereitung über alles stellt.

Aus deutscher Sicht ist jede Maßnahme, die eine Kriegsbeteiligung Berlins vorbereitet, ein Angriff auf die Werte einer friedlichen Gesellschaft und des Grundgesetzes. Sich dieser Kriegslogik zu widersetzen, ist Bürgerpflicht, ja, Ehrensache!

Spielen auch Sie dieses Spiel nicht mit! Sichern Sie sich gleich die Silbermedaille „Druschba“ als Bekenntnis und Wertanlage. Hier bestellen.","https://www.compact-online.de/widerspruch-gegen-merz-kriegskurs/"
"2025-08-04","Vaterlandsliebe? Fehlanzeige!","Zitat des Tages: „Ich liebe Duisburg, ich liebe mein konkretes Umfeld und ich hab ein gutes Verhältnis zu diesem Land, zu unserem Land. Ich kann mit dem Begriff ‚Liebe‘ für so etwas Abstraktes … aber das soll jeder für sich entscheiden.“ (Grünen-Chef Felix Banaszak auf die Frage, ob er Deutschland liebe, ARD-Sommerinterview)

„Das gehässige Diktum ‚Vaterlandsliebe fand ich stets zum Kotzen. Ich wusste mit Deutschland nichts anzufangen und weiß es bis heute nicht‘ stammt ebenso von Habeck wie der Spruch: ‚Es gibt kein Volk und deshalb auch keinen Verrat am Volk.‘“ (COMPACT-Spezial „Die Altparteien“)","https://www.compact-online.de/vaterlandsliebe-fehlanzeige/"
"2025-08-04","Druckfrisch: Der Comic zum COMPACT-Sieg","Der Comic zum COMPACT-Sieg im Verbotsverfahren! Nuoviso zeichnet den großen Kampf vor dem Bundesverwaltungsgericht nach. Ein großartiges Dokument der Zeitgeschichte – Daniel Haas ein begnadeter Zeichner. Hier mehr erfahren.

Nuoviso-Comic mit Jürgen Elsässer und Anwalt Ulrich Vosgerau vor Gericht. Bild: Nuoviso

Das gab es noch nie: Ein Comic, wo ich auf dem Cover Kaffee trinke. Im Bademantel. Aus einer COMPACT-Tasse. Steht „Bundesregierung Besieger“ drauf. Kleine künstlerische Freiheit: Die COMPACT-Tassen gibt es es nicht – aber „Bundesregierung Besieger“ steht nur auf unseren T-Shirts.

Das Besondere bei Daniel Haas: Seine Comics sind einerseits realistisch, andererseits auch mit einem kleinen Augenzwinkern aufgepeppt. Hey, und alle unsere Protagonisten sehen jung und frisch aus  – wie „Bundesregierung Besieger“ eben!

Die Elsässers vor Gericht. Bild: Nuoviso

Die Titelstory des neuen Nuoviso-Comics ist jedenfalls unser Sieg über die Bundesregierung im COMPACT-Verbotsverfahren. In knalligen Farben werden die wichtigsten Stationen nachverfolgt: die Plädoyers des Bundesregierungsvertreters, die Argumente unseres Anwalts Ulrich Vosgerau,, meine Konter, den Presserummel, das Urteil – und das Chill-out auf dem roten Sofa in unserer Redaktion. Auch die kleinen Details sind wichtig: Wie ich bei der Pressekonferenz am 10. Juni vor dem Gericht daran erinnert habe, dass „heute unser Hochzeitstag ist und jetzt nichts mehr schief gehen kann“.

Vor dem Bundesverwaltungsgericht. Bild: Nuoviso

Die Titelstory endet mit einem Ausblick auf die große Bademantel-Demo vor dem Reichstag. Da weiß Daniel Haas schon mehr als ich – er wird auch dieses Ereignis festhalten.

Bademantel-Demo im Nuoviso-Comic. Bild: Nuoviso

Der Comic kann ab sofort bestellt werden. Wer am 8./9. August zum COMPACT-Sommerfest kommt (Nöbeditz 1, 06667  Stößen), kann sich das Meisterwerk von meiner Frau und mir signieren lassen!","https://www.compact-online.de/der-comic-zum-compact-sieg-ueber-das-verbot/"
