id,title,titleHtml,intro,articleRef,categoryRef,articleAltRef,images,tags,video,categories,slug,lastModified,created,publishedAt,template,authors,graphicImages,wideImages,isPaidContent,isTopClickModule,topClickCustomContent,showSystemTeaserTitle,meta,url,day,article_text
bcb825b8-6aa6-4882-ab7a-95ac1f3f24f0,"Sondergipfel in Genf: Die USA, Europa und die Ukraine verhandeln über Trumps Friedensplan","<span>Sondergipfel in Genf: Die USA, Europa und die Ukraine verhandeln über Trumps Friedensplan</span>",,/ausland/news/genf-usa-europa-ukraine-trump-friedensplan/bcb825b8-6aa6-4882-ab7a-95ac1f3f24f0,/ausland,/articles/genf-usa-europa-ukraine-trump-friedensplan/bcb825b8-6aa6-4882-ab7a-95ac1f3f24f0,"{'big_1x': 'https://api.nius.de/api/assets/office-hr/36c9bf44-62cb-45f7-8b92-da8ba9c57f13?width=1400&height=1000&mode=CropUpsize', 'big_2x': 'https://api.nius.de/api/assets/office-hr/36c9bf44-62cb-45f7-8b92-da8ba9c57f13?width=2000&height=1500&mode=CropUpsize', 'medium': 'https://api.nius.de/api/assets/office-hr/36c9bf44-62cb-45f7-8b92-da8ba9c57f13?width=800&height=600&mode=CropUpsize', 'small': 'https://api.nius.de/api/assets/office-hr/36c9bf44-62cb-45f7-8b92-da8ba9c57f13?width=400&height=300&mode=CropUpsize', 'portrait_1x': 'https://api.nius.de/api/assets/office-hr/36c9bf44-62cb-45f7-8b92-da8ba9c57f13?width=375&height=500&mode=CropUpsize', 'portrait_2x': 'https://api.nius.de/api/assets/office-hr/36c9bf44-62cb-45f7-8b92-da8ba9c57f13?width=750&height=1000&mode=CropUpsize', 'original': 'https://api.nius.de/api/assets/office-hr/36c9bf44-62cb-45f7-8b92-da8ba9c57f13', 'title': '', 'id': '36c9bf44-62cb-45f7-8b92-da8ba9c57f13'}",[],,['Ausland'],genf-usa-europa-ukraine-trump-friedensplan,2025-11-23T18:58:37Z,2025-11-23T08:34:26Z,2025-11-23 08:35:27.949000+00:00,,"[{'id': '644f639cf03076c588c404f5', 'email': 'redaktion@nius.de', 'name': 'Redaktion', 'active': True, 'permissions': [], 'slug': 'redaktion', 'firstName': '', 'authorSlug': 'redaktion', 'lastName': '', 'role': 'ADMIN', 'bio': '', 'profileImage': {'big_1x': 'https://api.nius.de/api/users/644f639cf03076c588c404f5/picture', 'big_2x': 'https://api.nius.de/api/users/644f639cf03076c588c404f5/picture', 'medium': 'https://api.nius.de/api/users/644f639cf03076c588c404f5/picture', 'small': 'https://api.nius.de/api/users/644f639cf03076c588c404f5/picture', 'portrait_1x': 'https://api.nius.de/api/users/644f639cf03076c588c404f5/picture', 'portrait_2x': 'https://api.nius.de/api/users/644f639cf03076c588c404f5/picture', 'original': 'https://api.nius.de/api/users/644f639cf03076c588c404f5/picture', 'title': '', 'id': '644f639cf03076c588c404f5'}}]",,,False,False,[],True,"{'title': 'Sondergipfel in Genf: Die USA, Europa und die Ukraine verhandeln über Trumps Friedensplan', 'description': 'Hochrangige Vertreter aus den USA, der Ukraine und Europa treffen sich am heutigen Sonntag in Genf, um Washingtons Friedensplan zur Beendigung des Krieges in der Ukraine zu erörtern.', 'image': 'https://api.nius.de/api/assets/office-hr/36c9bf44-62cb-45f7-8b92-da8ba9c57f13/bcb825b8-6aa6-4882-ab7a-95ac1f3f24f0.jpg', 'locale': 'office-hr', 'url': None, 'publishedAt': '2025-11-23T08:34:26Z', 'modifiedAt': '2025-11-23T08:35:27.949Z', 'author': None, 'category': 'Ausland', 'tags': []}",https://www.nius.de/ausland/news/genf-usa-europa-ukraine-trump-friedensplan/bcb825b8-6aa6-4882-ab7a-95ac1f3f24f0,2025-11-23,"# Sondergipfel in Genf: Die USA, Europa und die Ukraine verhandeln über Trumps Friedensplan

Hochrangige Vertreter aus den USA, der Ukraine, Deutschland, Frankreich, Großbritannien und Italien treffen sich am Sonntag in Genf, um Washingtons Friedensplan zur Beendigung des Krieges in der Ukraine zu erörtern.
Für die USA sind der US-Sonderbeauftragte Steve Witkoff und Außenminister Marco Rubio vor Ort. Laut dem ukrainischen Offiziellen Andriy Jermak seien die ersten Gespräche sehr produktiv gewesen. Er fügte hinzu, dass sich die Dinge in Richtung eines „gerechten und dauerhaften Friedens“ bewegen. Zudem bedankte er sich bei den USA und Präsident Donald Trump.
Marco Rubio erklärte der anwesenden Presse, die Gespräche seien ein „fortlaufender Prozess“ und sie würden „später am Abend“ zurückkommen und dann möglicherweise Fragen beantworten können. Anschließend verschwanden die beiden Politiker zu weiteren Verhandlungen.

## Ultimatum an Selenskyj

Am Freitag hatte US-Präsident Donald Trump verkündet, der ukrainische Präsident Wolodymyr Selenskyj habe bis Donnerstag Zeit, um den 28-Punkte-Plan zu genehmigen, der die Ukraine dazu auffordert, Gebiete abzutreten, Beschränkungen für ihr Militär zu akzeptieren und ihre Ambitionen auf einen NATO-Beitritt aufzugeben. Später relativierte der US-Präsident seine Aussagen wieder. Der Krieg müsse „auf die eine oder andere Weise enden“, sagte Trump vor Journalisten. Auf die Frage, ob der US-Plan sein letztes Angebot sei, antwortete Trump: „Nein.“
Für die USA ist unter anderem Außenminister Marco Rubio vor Ort.
Unterdessen gibt es offene Fragen über die Urheberschaft des Papiers. US-Außenminister Marco Rubio hat betont, dass der vorgeschlagene 28-Punkte-Plan „von den USA verfasst“ wurde. Zuvor hatte eine Gruppe von Senatoren erklärt, Rubio habe ihnen mitgeteilt, dass der Entwurf – den einer von ihnen als „Wunschliste“ Russlands bezeichnete – nicht die Position Washingtons widerspiegele. Rubio distanzierte sich später von diesen Behauptungen und erklärte, der Plan stamme aus den USA und basiere auf „Beiträgen“ sowohl Russlands als auch der Ukraine.

## Deutschland will Zustimmung der Ukraine

Deutschland einigte sich während des G20-Gipfels in Johannesburg mit Großbritannien und Frankreich auf eine gemeinsame Linie und ließ der US-Regierung eine stark überarbeitete Version des US-Plans zukommen. Darin wird betont, dass Russland seinen Angriffskrieg beenden und dass die Ukraine in den Friedensprozess involviert werden müsse. „Kriege können nicht beendet werden durch Großmächte über die Köpfe der betroffenen Länder im Krieg“, sagte Kanzler Merz am Rande des Gipfels. Es bedürfe sowohl der Zustimmung der Ukraine als auch der Europäer.
Am Samstag tagte auch der Nationale Sicherheitsrat unter dem Vorsitz von Bundeskanzler Friedrich Merz. „Der Nationale Sicherheitsrat hat bekräftigt, dass Deutschland sich am Prozess der Aushandlung eines fairen und dauerhaften Friedens für die Ukraine weiterhin mit großem Engagement beteiligen wird“, hieß es in einer Presseerklärung.
So sieht die militärische Lage laut dem Britischen Geheimdienst aus.
Hier sind die 28 Punkte des US-Friedensplans im genauen Wortlaut:
Lesen Sie auch:
Trump fordert: Ukraine soll Friedensplan bis Donnerstag akzeptieren."
2a716113-5f4e-4fe1-99ee-0ee062a14545,Woke-Ikone statt Traum-Schauspieler: Warum alle den Aktivisten Pedro Pascal feiern,<span>Woke-Ikone statt Traum-Schauspieler: Warum alle den Aktivisten Pedro Pascal feiern</span>,,/kommentar/news/woke-ikone-statt-traum-schauspieler-pedro-pascal/2a716113-5f4e-4fe1-99ee-0ee062a14545,/kommentar,/articles/woke-ikone-statt-traum-schauspieler-pedro-pascal/2a716113-5f4e-4fe1-99ee-0ee062a14545,"{'big_1x': 'https://api.nius.de/api/assets/office-hr/7b00c674-786c-428d-a64e-f864548c0f8b?width=1400&height=1000&mode=CropUpsize', 'big_2x': 'https://api.nius.de/api/assets/office-hr/7b00c674-786c-428d-a64e-f864548c0f8b?width=2000&height=1500&mode=CropUpsize', 'medium': 'https://api.nius.de/api/assets/office-hr/7b00c674-786c-428d-a64e-f864548c0f8b?width=800&height=600&mode=CropUpsize', 'small': 'https://api.nius.de/api/assets/office-hr/7b00c674-786c-428d-a64e-f864548c0f8b?width=400&height=300&mode=CropUpsize', 'portrait_1x': 'https://api.nius.de/api/assets/office-hr/7b00c674-786c-428d-a64e-f864548c0f8b?width=375&height=500&mode=CropUpsize', 'portrait_2x': 'https://api.nius.de/api/assets/office-hr/7b00c674-786c-428d-a64e-f864548c0f8b?width=750&height=1000&mode=CropUpsize', 'original': 'https://api.nius.de/api/assets/office-hr/7b00c674-786c-428d-a64e-f864548c0f8b', 'title': '', 'id': '7b00c674-786c-428d-a64e-f864548c0f8b'}",[],,['Kommentar'],woke-ikone-statt-traum-schauspieler-pedro-pascal,2025-11-24T09:27:18Z,2025-11-22T16:00:25Z,2025-11-23 09:07:22.439000+00:00,System Teaser,"[{'id': '68efb200da40ac25e7f4b8f1', 'email': 'melanie.gruen@nius.de', 'name': 'Melanie Grün', 'active': True, 'permissions': [], 'slug': 'melanie-gruen', 'firstName': '', 'authorSlug': 'melanie-gruen', 'lastName': '', 'role': 'ADMIN', 'bio': '', 'profileImage': {'big_1x': 'https://api.nius.de/api/users/68efb200da40ac25e7f4b8f1/picture', 'big_2x': 'https://api.nius.de/api/users/68efb200da40ac25e7f4b8f1/picture', 'medium': 'https://api.nius.de/api/users/68efb200da40ac25e7f4b8f1/picture', 'small': 'https://api.nius.de/api/users/68efb200da40ac25e7f4b8f1/picture', 'portrait_1x': 'https://api.nius.de/api/users/68efb200da40ac25e7f4b8f1/picture', 'portrait_2x': 'https://api.nius.de/api/users/68efb200da40ac25e7f4b8f1/picture', 'original': 'https://api.nius.de/api/users/68efb200da40ac25e7f4b8f1/picture', 'title': '', 'id': '68efb200da40ac25e7f4b8f1'}}]","{'big_1x': 'https://api.nius.de/api/assets/office-hr/4ed3ec67-753e-4605-9120-9e520da2cd97?width=1400&height=1000&mode=CropUpsize', 'big_2x': 'https://api.nius.de/api/assets/office-hr/4ed3ec67-753e-4605-9120-9e520da2cd97?width=2000&height=1500&mode=CropUpsize', 'medium': 'https://api.nius.de/api/assets/office-hr/4ed3ec67-753e-4605-9120-9e520da2cd97?width=800&height=600&mode=CropUpsize', 'small': 'https://api.nius.de/api/assets/office-hr/4ed3ec67-753e-4605-9120-9e520da2cd97?width=400&height=300&mode=CropUpsize', 'portrait_1x': 'https://api.nius.de/api/assets/office-hr/4ed3ec67-753e-4605-9120-9e520da2cd97?width=375&height=500&mode=CropUpsize', 'portrait_2x': 'https://api.nius.de/api/assets/office-hr/4ed3ec67-753e-4605-9120-9e520da2cd97?width=750&height=1000&mode=CropUpsize', 'original': 'https://api.nius.de/api/assets/office-hr/4ed3ec67-753e-4605-9120-9e520da2cd97', 'title': '', 'id': '4ed3ec67-753e-4605-9120-9e520da2cd97'}",,False,False,[],True,"{'title': 'Woke-Ikone statt Traum-Schauspieler: Warum alle den Aktivisten Pedro Pascal feiern', 'description': 'Für die Oscar-Nominierungen Ende Januar wird dieses Engagement zu spät sein. Aber der Preis als härtester Aktivist Hollywoods ist Pedro Pascal jetzt schon sicher.', 'image': 'https://api.nius.de/api/assets/office-hr/7b00c674-786c-428d-a64e-f864548c0f8b/2a716113-5f4e-4fe1-99ee-0ee062a14545.jpg', 'locale': 'office-hr', 'url': None, 'publishedAt': '2025-11-22T16:00:25Z', 'modifiedAt': '2025-11-23T09:07:22.439Z', 'author': None, 'category': 'Kommentar', 'tags': []}",https://www.nius.de/kommentar/news/woke-ikone-statt-traum-schauspieler-pedro-pascal/2a716113-5f4e-4fe1-99ee-0ee062a14545,2025-11-23,"# Woke-Ikone statt Traum-Schauspieler: Warum alle den Aktivisten Pedro Pascal feiern

Die ganze Welt feiert ihn: Pedro Pascal. Der gebürtige Chilene ist mit 50 auf dem Höhepunkt seiner Karriere und nutzt seinen Ruhm für Aktivismus. Er spielte Hauptrollen in Game of Thrones, Narcos, The Mandalorian,The Last of Us oder Gladiator II. und im Marvel-Abenteuer The Fantastic Four: First Steps. Aktuell wird der Schauspieler aber mit Auszeichnungen überschüttet, die vor allem sein gesellschaftliches Engagement betreffen.
Pedro Pascal (50)
Vergangenes Jahr kürte ihn die Zeitschrift People gleich zum zweiten Mal zum Man of the Year. Jetzt wurde Pedro Pascal vom Magazin Esquire in die „Better Men“-Liste aufgenommen, also die Liste für „Bessere Männer“. Diese ehrt laut eigener Aussage Dutzende Stars aus Kunst, Aktivismus und Politik, die „positive Männlichkeit im Jahr 2025 neu definieren“. Die neuen Helden sollen Freundlichkeit, Kreativität und Empathie verkörpern. Unter ihnen finden sich Schauspieler wie Alexander Skarsgard, der sich neuerdings mit lackierten Fingernägeln zeigt oder Popstar Harry Styles, der ständig mit Geschlechterrollen spielt. Und neuerdings auch Pedro Pascal, der dort The Beloved heißt, der Liebling.
Alexander Skarsgård mit roten Fingernägeln in Hollywood
In der Begründung heißt es, der aktuell gefragteste Schauspieler der Welt könne einfach nichts falsch machen. Nicht nur habe er einen erfrischend mutigen Kleidungsstil, er sei auch ein Unterstützer der LGBTQIA+-Community und werde von seinen Co-Stars vergöttert. Pedro Pascal stehe in der BESSERE-MÄNNER-Liste weil es ein radikaler Akt sei, in Hollywood für eine Sache einzustehen.
Vorausgesetzt, es ist die RICHTIGE Sache: Der Trump-Gegner zeigt sich im April bei einer Filmpremiere in London im Trans-Unterstützer-Shirt mit der Aufschrift „Protect the Dolls“, also Schützt die Puppen. Er posiert oft mit seiner Transgender-Schwester Lux, kämpft für das Recht auf Abtreibung, postet die Regenbogen-Flagge und ruft zu Spenden für Gaza auf. Ein Schauspieler, der so konsequent entgegengesetzte Positionen vertreten würde, wäre im Filmgeschäft auch hierzulande erledigt.
Pascal mit seinem Bruder Lucas Balmaceda, heute bekannt als „Lux Pascal“
Allerdings kassierte Pascal in den vergangenen Monaten Kritik für sein Verhalten gegenüber Co-Stars: Der Single begrabscht auf Premieren immer wieder Kolleginnen.
Aber selbst das sehen ihm seine knapp 12 Millionen-Instagram-Follower nach, denn diese Übergriffe haben scheinbar einen Grund: Immer wieder spricht der 50-Jährige offen über seine Angststörung – was ihm in woken Kreisen Lob einbringt. Körperliche Berührung helfe ihm, sich zu erden. Begonnen habe seine Angst während der Pandemie, so Pascal.
Aktuell spielt er in dem Western Eddington neben Oscarpreisträger Joaquin Phoenix einen Bürgermeister, der auf die Einhaltung der Corona-Regeln pocht. Phoenix hat übrigens fünf Tage vor Drehbeginn seine Mitwirkung am schwulen Liebesdrama De noche abgesagt. Die Dreharbeiten sollen im Januar starten, und den Hauptpart übernimmt jetzt wohl: Pedro Pascal. Für die Oscar-Nominierungen Ende Januar wird dieses Engagement zu spät sein. Aber der Preis als härtester Aktivist Hollywoods ist Pedro Pascal jetzt schon sicher."
73617fca-e6ff-4e93-9141-3625ade67571,Durchsuchungsbeschluss bei Abschiebungen erforderlich: Warum diese Entscheidung aus Karlsruhe für die Ausländerbehörden eine Katastrophe ist,<span>Durchsuchungsbeschluss bei Abschiebungen erforderlich: Warum diese Entscheidung aus Karlsruhe für die Ausländerbehörden eine Katastrophe ist</span>,,/analyse/news/durchsuchungsbeschluss-bei-abschiebungen-erforderlich-warum-diese-entscheidung-aus-karlsruhe-fuer-die-auslaenderbehoerden-eine-katastrophe-ist/73617fca-e6ff-4e93-9141-3625ade67571,/analyse,/articles/durchsuchungsbeschluss-bei-abschiebungen-erforderlich-warum-diese-entscheidung-aus-karlsruhe-fuer-die-auslaenderbehoerden-eine-katastrophe-ist/73617fca-e6ff-4e93-9141-3625ade67571,"{'big_1x': 'https://api.nius.de/api/assets/office-hr/4f125a0a-b0e6-46ac-84cb-55c72bb5ab4f?width=1400&height=1000&mode=CropUpsize', 'big_2x': 'https://api.nius.de/api/assets/office-hr/4f125a0a-b0e6-46ac-84cb-55c72bb5ab4f?width=2000&height=1500&mode=CropUpsize', 'medium': 'https://api.nius.de/api/assets/office-hr/4f125a0a-b0e6-46ac-84cb-55c72bb5ab4f?width=800&height=600&mode=CropUpsize', 'small': 'https://api.nius.de/api/assets/office-hr/4f125a0a-b0e6-46ac-84cb-55c72bb5ab4f?width=400&height=300&mode=CropUpsize', 'portrait_1x': 'https://api.nius.de/api/assets/office-hr/4f125a0a-b0e6-46ac-84cb-55c72bb5ab4f?width=375&height=500&mode=CropUpsize', 'portrait_2x': 'https://api.nius.de/api/assets/office-hr/4f125a0a-b0e6-46ac-84cb-55c72bb5ab4f?width=750&height=1000&mode=CropUpsize', 'original': 'https://api.nius.de/api/assets/office-hr/4f125a0a-b0e6-46ac-84cb-55c72bb5ab4f', 'title': '', 'id': '4f125a0a-b0e6-46ac-84cb-55c72bb5ab4f'}",[],,['Analyse'],durchsuchungsbeschluss-bei-abschiebungen-erforderlich-warum-diese-entscheidung-aus-karlsruhe-fuer-die-auslaenderbehoerden-eine-katastrophe-ist,2025-11-23T12:23:22Z,2025-11-23T09:48:54Z,2025-11-23 12:23:22.814000+00:00,,"[{'id': '679561cade6d91957cc2f5c7', 'email': 'ulrich.vosgerau@vius.com', 'name': 'Ulrich Vosgerau', 'active': True, 'permissions': [], 'slug': 'ulrich-vosgerau', 'firstName': '', 'authorSlug': 'ulrich-vosgerau', 'lastName': '', 'role': 'ADMIN', 'bio': '', 'profileImage': {'big_1x': 'https://api.nius.de/api/users/679561cade6d91957cc2f5c7/picture', 'big_2x': 'https://api.nius.de/api/users/679561cade6d91957cc2f5c7/picture', 'medium': 'https://api.nius.de/api/users/679561cade6d91957cc2f5c7/picture', 'small': 'https://api.nius.de/api/users/679561cade6d91957cc2f5c7/picture', 'portrait_1x': 'https://api.nius.de/api/users/679561cade6d91957cc2f5c7/picture', 'portrait_2x': 'https://api.nius.de/api/users/679561cade6d91957cc2f5c7/picture', 'original': 'https://api.nius.de/api/users/679561cade6d91957cc2f5c7/picture', 'title': '', 'id': '679561cade6d91957cc2f5c7'}}]","{'big_1x': 'https://api.nius.de/api/assets/office-hr/75ed0616-5453-43cd-9b1a-1e134590d23d?width=1400&height=1000&mode=CropUpsize', 'big_2x': 'https://api.nius.de/api/assets/office-hr/75ed0616-5453-43cd-9b1a-1e134590d23d?width=2000&height=1500&mode=CropUpsize', 'medium': 'https://api.nius.de/api/assets/office-hr/75ed0616-5453-43cd-9b1a-1e134590d23d?width=800&height=600&mode=CropUpsize', 'small': 'https://api.nius.de/api/assets/office-hr/75ed0616-5453-43cd-9b1a-1e134590d23d?width=400&height=300&mode=CropUpsize', 'portrait_1x': 'https://api.nius.de/api/assets/office-hr/75ed0616-5453-43cd-9b1a-1e134590d23d?width=375&height=500&mode=CropUpsize', 'portrait_2x': 'https://api.nius.de/api/assets/office-hr/75ed0616-5453-43cd-9b1a-1e134590d23d?width=750&height=1000&mode=CropUpsize', 'original': 'https://api.nius.de/api/assets/office-hr/75ed0616-5453-43cd-9b1a-1e134590d23d', 'title': '', 'id': '75ed0616-5453-43cd-9b1a-1e134590d23d'}",,False,False,[],True,"{'title': 'Durchsuchungsbeschluss bei Abschiebungen erforderlich: Warum diese Entscheidung aus Karlsruhe für die Ausländerbehörden eine Katastrophe ist', 'description': 'Gemäß Bundesverfassungsgericht benötigt die Polizei künftig, wenn sie in einem Asylbewerberheim in ein Zimmer eindringen will, um eine Abschiebung durchzuführen, einen Hausdurchsuchungsbeschluss. Das stellt die Ausländerbehörden vor neue Herausforderungen. Doch die hier aufgeworfenen Probleme sind nicht juristisch zu lösen, sondern nur politisch, meint Staatsrechtler Ulrich Vosgerau.', 'image': 'https://api.nius.de/api/assets/office-hr/4f125a0a-b0e6-46ac-84cb-55c72bb5ab4f/73617fca-e6ff-4e93-9141-3625ade67571.jpg', 'locale': 'office-hr', 'url': None, 'publishedAt': '2025-11-23T09:48:54Z', 'modifiedAt': '2025-11-23T12:23:22.814Z', 'author': None, 'category': 'Analyse', 'tags': []}",https://www.nius.de/analyse/news/durchsuchungsbeschluss-bei-abschiebungen-erforderlich-warum-diese-entscheidung-aus-karlsruhe-fuer-die-auslaenderbehoerden-eine-katastrophe-ist/73617fca-e6ff-4e93-9141-3625ade67571,2025-11-23,"# Durchsuchungsbeschluss bei Abschiebungen erforderlich: Warum diese Entscheidung aus Karlsruhe für die Ausländerbehörden eine Katastrophe ist

Dieser Tage wurde ein Beschluss des Bundesverfassungsgerichts – genauer gesagt der 2. Kammer des Zweiten Senats – vom 30. September dieses Jahres bekannt (2 BvR 460/25). Dass zwischen dem auf dem Beschluss genannten Datum und seiner Veröffentlichung einige Zeit verstrichen ist, ist üblich und dürfte daran liegen, dass die schriftliche Begründung erst im Nachhinein ausformuliert wurde. Dieser Beschluss – es ist kein „Urteil“, weil keine mündliche Verhandlung stattfand, was bei Verfassungsbeschwerden nur sehr selten vorkommt – ist von erheblicher Tragweite für die Asylpolitik und erschwert eine „Asylwende“, wenn diese überhaupt von der Regierung wirklich angestrebt werden sollte, weiter.
Nach dem Bundesverfassungsgericht benötigt die Polizei künftig, wenn sie in einem Asylbewerberheim in ein Zimmer eindringen will, einen Hausdurchsuchungsbeschluss, der beim örtlich zuständigen Amtsgericht vorher beantragt werden muss (§ 58 Abs. 6 Satz 1, Abs. 8 Satz 1 Aufenthaltsgesetz). Die Sache lag hier so: Ein Asylbewerber aus Guinea, für dessen Asylantrag Deutschland von vornherein nicht zuständig war, sollte abgeschoben werden – nicht nach Guinea, sondern nach Italien, weil das der Ersteinreisestaat in die EU gewesen war. Die Rechtmäßigkeit dieser Abschiebung als solche steht außer Frage.

## Der Asylbewerber schloss die Tür von innen ab

Als die Polizei – Abschiebung ist Ländersache – also am 10. September 2019 (das ist schon etwas her, aber es wurde hier ja auch erst einmal „der Rechtsweg ausgeschöpft“) morgens um acht im Asylbewerberheim in der Alfred-Randt-Straße in Berlin-Köpenick erschien, um den Asylbewerber abzuholen, war er zwar da – aber schloss ganz einfach die Zimmertür des Raumes, den er gemeinschaftlich mit einem anderen Mann bewohnte, von innen ab. Was nun?
Die Polizei bat zunächst die im Asylbewerberheim tätige Sozialarbeiterin, den Raum von außen wieder aufzuschließen; sie weigerte sich aber. Warum genau, steht nicht in der Entscheidung. Daraufhin brach die Polizei mit Hilfe einer Ramme – das ist so ein rundes Eisenstück mit Griffen dran, das dann typischerweise von mehreren Männern geschwungen wird – die Tür auf und nahm den Mann fest. Schließlich war er schon bei einem vorhergehenden Abschiebungstermin nicht auffindbar gewesen, und jetzt wollte man Nägel mit Köpfen machen. Das soll nun aber ein Verstoß gegen das Grundrecht aus Artikel 13 Grundgesetz gewesen sein. Dort steht:
(1) Die Wohnung ist unverletzlich.
(2) Durchsuchungen dürfen nur durch den Richter, bei Gefahr im Verzug auch durch die in den Gesetzen vorgesehenen anderen Organe angeordnet und nur in der dort vorgeschriebenen Form durchgeführt werden. [...]
Die Polizei tauchte mit einer Ramme vor der Wohnungstür auf.

## Was versteht man unter einer Durchsuchung?

Dass das Zimmer im Asylbewerberheim eine „Wohnung“ ist, steht außer Frage; eben deshalb, weil darin Leute wohnen. Dass man umgangssprachlich unter Wohnung etwas anderes verstehen mag als ein zu zweit bewohntes Zimmer im Asylbewerberheim, spielt keine Rolle. Die entscheidende Rechtsfrage ist also, was unter einer „Durchsuchung“ zu verstehen ist.
Die Polizisten hatten eigentlich ein gutes Gewissen. Weil sie eben fanden: Wir haben das Zimmer nicht durchsucht, keinen einzigen Gegenstand dort in die Hand genommen und keine Schublade aufgezogen, wir haben uns noch nicht einmal forschend darin umgesehen! Sondern nur den Asylbewerber gepackt, um den es ging, und dann gleich wieder raus.
Der Asylbewerber klagte, natürlich vertreten von Anwälten, durch alle Instanzen. Das Verwaltungsgericht gab ihm Recht, das Land Berlin legte Berufung ein. Das Oberverwaltungsgericht Berlin-Brandenburg hob das Urteil wieder auf und wies die Klage vollumfänglich zurück, gab also dem Land Berlin Recht. Der Asylbewerber ließ durch seinen Rechtsanwalt einen Antrag auf Zulassung der Revision beim Bundesverwaltungsgericht in Leipzig stellen. Dieser wurde aber abgelehnt, letztlich aus formalen Gründen, die mir nicht wirklich einleuchten, was hier aber jetzt keine Rolle spielt. Gegen diese Ablehnung und das insofern rechtskräftig gewordene Urteil des OVG Berlin-Brandenburg erhob der Mann nun Verfassungsbeschwerde. Und gewann.

## Suchen ist schon, wenn ich etwas finden will

Nach der bisherigen überwiegenden Rechtsprechung der Verwaltungsgerichte sei „begriffsprägend“ für eine Durchsuchung „die Suche nach Personen oder Sachen oder die Ermittlung eines Sachverhalts in einer Wohnung“, und zwar in der Absicht, „etwas nicht klar zutage Liegendes aufzudecken“. Nach dieser Definition war es also keine Durchsuchung. Denn dass der Mann in dem Zimmer war, war sonnenklar; die Polizei hatte nämlich schon mit ihm gesprochen und ihn aufgefordert, seine Sachen zu packen, bevor er dann auf einmal von innen abschloss. Insofern gab es nichts zu „suchen“, es war nur einfach eine Tür im Weg.
Das Bundesverfassungsgericht meint nun, dass es nicht entscheidend darauf ankommt, ob – im Nachhinein, in den Augen der Verwaltungsgerichte – etwas gesucht wurde, sondern vielmehr auf den „Zweck des Auffindens aus der ex-ante-Perspektive“. Maximal vereinfacht: Das Oberverwaltungsgericht meinte, suchen ist erst, wenn ich eben etwas suche; das Bundesverfassungsgericht hingegen: suchen ist schon, wenn ich etwas finden will!
Ist das nur juristische Haarspalterei? Nicht ganz. Es kommt nämlich entscheidend auf die Perspektive an. Das Oberverwaltungsgericht blickt in der Rückschau auf die Dinge und meint: „Eigentlich war das keine Durchsuchung!“ Das Bundesverfassungsgericht hingegen sagt, darauf kommt es gar nicht an, sondern eher darauf, ob es aus der ex-ante-Perspektive, also in der Vorausschau, eine Durchsuchung hätte werden können. Also zum Beispiel wenn der Mann nicht das Zimmer abgeschlossen, sondern sich im Schrank versteckt hätte oder weggelaufen wäre oder schon vorher einfach in ein anderes Zimmer gegangen wäre. Das kann man ja vorher nicht wissen, wie sich die Sache entwickelt.
Die Polizisten hätten vorher nicht gewusst, ob sie den Mann am Ende suchen müssen, ob er überhaupt angetroffen werden würde und wenn ja, wo. Schon allein deswegen bräuchte man „auf Vorrat“ erst einmal einen richterlichen Beschluss. Und wenn man diesen dann später gar nicht braucht, weil der Asylbewerber der Polizei schon winkend entgegenkommt, ist es umso besser.
Vom Flughafen Stuttgart werden fünf vollziehbar ausreisepflichtige Personen nach Bulgarien abgeschoben.

## Der Mensch ist keine Sache

Hintergrund dieser Grundrechtsstrenge des Bundesverfassungsgerichts ist der: Ganz allgemein muss jeder Mensch, bevor der Staat oder die Polizei irgendwas mit ihm macht, „angehört“ werden. D. h., die Behörde sagt zu ihm, meist schriftlich: „Wir haben das und das mit dir oder deinem Eigentum vor. Wie findest du das? Hast du Einwände dagegen, vor allem rechtlicher Natur? Über diese müssten wir dann natürlich nachdenken.“ Letztlich ist die Anhörungspflicht in der Menschenwürdegarantie des Grundgesetzes verwurzelt. Der Mensch ist keine Sache, man kann nicht einfach etwas mit ihm machen, sondern ihn als Person ansprechen und vorher fragen.
Nun gibt es aber Maßnahmen, bei denen keine Anhörung möglich ist, zum Beispiel eben bei einer Hausdurchsuchung im Rahmen eines strafrechtlichen Verfahrens oder eben einem Abschiebeversuch. Wenn man bei einer Durchsuchung vorher Bescheid sagt, wird man später dann wohl keine Beweismittel mehr finden. Darum wird die Anhörung des Betroffenen durch das Verfahren der Beantragung eines Durchsuchungsbeschlusses beim Amtsgericht ersetzt. Der Amtsrichter vertritt dann gewissermaßen die Belange des Betroffenen und achtet auf Wahrung seiner Grundrechte. Fazit also: Wenn der Betroffene von einer hoheitlichen Maßnahme überrascht wird, dann sollte vorher ein Richter einbezogen werden. Und nicht erst dann, wenn wirklich Schubladen durchwühlt werden.
So ist nun die Lage. Für die Ausländerbehörden ist diese Rechtsprechung allerdings eine Katastrophe. Als wären Abschiebungen nicht schon so schwer genug und nur selten erfolgreich! Und als wären die Gerichte nicht schon jetzt völlig zugemüllt mit den ganzen Asylsachen! Der Bürger, der vor das Verwaltungsgericht zieht, weil er etwa eine zweite Garage auf sein Grundstück setzen will, aber keine Baugenehmigung bekommt, muss teils Jahre auf ein Urteil warten, denn die Verwaltungsgerichte sind den ganzen Tag nur mit Asyl beschäftigt. Und das sind typischerweise Eilfälle, zum Beispiel einstweiliger Rechtsschutz gegen Abschiebung, das muss sofort beraten und entschieden werden, sonst hat es keinen Sinn. Und die Garage muss warten. Und das wird jetzt alles noch schlimmer.

## Es braucht politische Lösungen

Soll man jetzt auf das Bundesverfassungsgericht schimpfen? Das Bundesverfassungsgericht macht seinen Job, es legt das Grundgesetz aus und wahrt die Grundrechte. Für die Asyl- und Migrationskatastrophe ist es nicht verantwortlich, die haben die Politiker herbeigeführt bzw. geschehen lassen. Die hier aufgeworfenen Probleme sind nicht juristisch zu lösen, sondern nur politisch. Man darf all die Leute gar nicht erst hereinlassen, das ist die einzige Lösung. Denn wenn sie erst einmal drin sind, dann haben sie auch alle Grundrechte – und das ist gut so, ich jedenfalls will es nicht anders haben.
Aber es ist technisch und wirtschaftlich nicht zu schaffen, die halbe Welt nach Deutschland einzulassen und diesen Leuten dann Grundrechte nach deutscher Machart zu gewähren. Man kann sich das so vorstellen: Die Bundesrepublik Deutschland war einmal als eine Insel der Seligen konzipiert, mit einem der besten und grundrechtsfreundlichen Rechtssysteme der Welt. Aber wenn die Insel der Seligen von einer neuen Völkerwanderung überrannt wird, dann ist es mit der Seligkeit bald vorbei.
Übrigens: Im Nachhinein war es ganz egal, ob der Asylbewerber seinen Prozess am Ende gewinnt oder verliert. Denn er wollte ja nicht nach Italien abgeschoben werden. Das würde nun aber selbst dann nicht geschehen, wenn das Bundesverfassungsgericht die Verfassungsbeschwerde abgewiesen hätte. Denn wenn es Deutschland – aus welchen Gründen auch immer – nicht innerhalb von sechs Monaten gelingt, einen Asylbewerber in den eigentlich zuständigen Ersteinreisestaat zurückzuschaffen, dann geht die Asylzuständigkeit nach der Dublin-III-Verordnung der EU auf Deutschland über. Das passierte also schon während des erstinstanzlichen Verfahrens vor dem Verwaltungsgericht Berlin.
Vermutlich bleibt er jetzt sein ganzes Leben lang hier. Denn da er schon seit 2019, also seit sechs Jahren, hier ist, wird er jedenfalls Duldungsstatus erhalten, allein schon deshalb, weil er inzwischen auch hier verwurzelt ist und ein gewohntes Leben, einen Bekanntenkreis in Deutschland haben wird. Recht und Politik passen nicht zueinander in Deutschland. Und so wird eben das ganze System dysfunktional, wir sehen es täglich und schauen dabei zu.
Lesen Sie auch:
Verfassungsgericht entscheidet: Dieses brisante Urteil macht Abschiebungen fast unmöglich!"
3dbcdfdc-f295-4ac1-8221-45f41c98686a,Wie Gustav Klimt Geschichte schreibt – und Frida Kahlo vom woken Zeitgeist profitiert,<span>Wie Gustav Klimt Geschichte schreibt – und Frida Kahlo vom woken Zeitgeist profitiert</span>,,/kommentar/news/gustav-klimt-frida-kahlo-woke/3dbcdfdc-f295-4ac1-8221-45f41c98686a,/kommentar,/articles/gustav-klimt-frida-kahlo-woke/3dbcdfdc-f295-4ac1-8221-45f41c98686a,"{'big_1x': 'https://api.nius.de/api/assets/office-hr/3a22c015-88d4-4a26-a6e2-adf80cea7689?width=1400&height=1000&mode=CropUpsize', 'big_2x': 'https://api.nius.de/api/assets/office-hr/3a22c015-88d4-4a26-a6e2-adf80cea7689?width=2000&height=1500&mode=CropUpsize', 'medium': 'https://api.nius.de/api/assets/office-hr/3a22c015-88d4-4a26-a6e2-adf80cea7689?width=800&height=600&mode=CropUpsize', 'small': 'https://api.nius.de/api/assets/office-hr/3a22c015-88d4-4a26-a6e2-adf80cea7689?width=400&height=300&mode=CropUpsize', 'portrait_1x': 'https://api.nius.de/api/assets/office-hr/3a22c015-88d4-4a26-a6e2-adf80cea7689?width=375&height=500&mode=CropUpsize', 'portrait_2x': 'https://api.nius.de/api/assets/office-hr/3a22c015-88d4-4a26-a6e2-adf80cea7689?width=750&height=1000&mode=CropUpsize', 'original': 'https://api.nius.de/api/assets/office-hr/3a22c015-88d4-4a26-a6e2-adf80cea7689', 'title': '', 'id': '3a22c015-88d4-4a26-a6e2-adf80cea7689'}",[],,['Kommentar'],gustav-klimt-frida-kahlo-woke,2025-11-23T13:00:54Z,2025-11-22T15:05:20Z,2025-11-23 13:00:54.291000+00:00,System Teaser,"[{'id': '651697bfef71ff7caa77866f', 'email': 'markusbpunktf@vius1a.com', 'name': 'Markus Brandstetter', 'active': True, 'permissions': [], 'slug': 'markus-brandstetter', 'firstName': '', 'authorSlug': 'markusbpunktf', 'lastName': '', 'role': 'ADMIN', 'bio': '', 'profileImage': {'big_1x': 'https://api.nius.de/api/users/651697bfef71ff7caa77866f/picture', 'big_2x': 'https://api.nius.de/api/users/651697bfef71ff7caa77866f/picture', 'medium': 'https://api.nius.de/api/users/651697bfef71ff7caa77866f/picture', 'small': 'https://api.nius.de/api/users/651697bfef71ff7caa77866f/picture', 'portrait_1x': 'https://api.nius.de/api/users/651697bfef71ff7caa77866f/picture', 'portrait_2x': 'https://api.nius.de/api/users/651697bfef71ff7caa77866f/picture', 'original': 'https://api.nius.de/api/users/651697bfef71ff7caa77866f/picture', 'title': '', 'id': '651697bfef71ff7caa77866f'}}]","{'big_1x': 'https://api.nius.de/api/assets/office-hr/4c33add3-79b0-45d6-a237-28ea708df2ff?width=1400&height=1000&mode=CropUpsize', 'big_2x': 'https://api.nius.de/api/assets/office-hr/4c33add3-79b0-45d6-a237-28ea708df2ff?width=2000&height=1500&mode=CropUpsize', 'medium': 'https://api.nius.de/api/assets/office-hr/4c33add3-79b0-45d6-a237-28ea708df2ff?width=800&height=600&mode=CropUpsize', 'small': 'https://api.nius.de/api/assets/office-hr/4c33add3-79b0-45d6-a237-28ea708df2ff?width=400&height=300&mode=CropUpsize', 'portrait_1x': 'https://api.nius.de/api/assets/office-hr/4c33add3-79b0-45d6-a237-28ea708df2ff?width=375&height=500&mode=CropUpsize', 'portrait_2x': 'https://api.nius.de/api/assets/office-hr/4c33add3-79b0-45d6-a237-28ea708df2ff?width=750&height=1000&mode=CropUpsize', 'original': 'https://api.nius.de/api/assets/office-hr/4c33add3-79b0-45d6-a237-28ea708df2ff', 'title': '', 'id': '4c33add3-79b0-45d6-a237-28ea708df2ff'}",,False,False,[],True,"{'title': 'Wie Gustav Klimt Geschichte schreibt – und Frida Kahlo vom woken Zeitgeist profitiert', 'description': 'Zwei Versteigerungen haben sowohl ernste Kunstkenner als auch woke Feministen auf der ganzen Welt entzückt – wenn auch aus höchst unterschiedlichen Gründen. Der Klimt, weil er ein absolutes und fast unbekanntes Meisterwerk eines der größten Maler der Wende vom 19. zum 20. Jahrhundert und des Symbolismus darstellt. Das Bild der Kahlo, weil hier das Werk einer zweitklassigen Malerin, die aber weltweit als Ikone der gequälten linken Schmerzensfrau gilt, unter den Hammer kam und eine unerwartet hohe Taxe erzielte, wie sie sonst nur Bilder von Männern erreichen.', 'image': 'https://api.nius.de/api/assets/office-hr/3a22c015-88d4-4a26-a6e2-adf80cea7689/3dbcdfdc-f295-4ac1-8221-45f41c98686a.jpg', 'locale': 'office-hr', 'url': None, 'publishedAt': '2025-11-22T15:05:20Z', 'modifiedAt': '2025-11-23T13:00:54.291Z', 'author': None, 'category': 'Kommentar', 'tags': []}",https://www.nius.de/kommentar/news/gustav-klimt-frida-kahlo-woke/3dbcdfdc-f295-4ac1-8221-45f41c98686a,2025-11-23,"# Wie Gustav Klimt Geschichte schreibt – und Frida Kahlo vom woken Zeitgeist profitiert

Vor wenigen Tagen wurde in New York das teuerste moderne Kunstwerk verkauft, das jemals bei einer Auktion versteigert wurde. Es handelt sich um das Bildnis Elisabeth Lederer des österreichischen Malers Gustav Klimt (1862–1918). Die Taxe lag bei 236,4 Millionen US-Dollar (ca. 205,7 Millionen Euro), ein Preis, den kein Picasso, kein van Gogh und kein Andy Warhol bis jetzt erreicht hat.
Allein Leonardo da Vincis Salvator Mundi war mit einem Auktionsrekord von 450 Millionen US-Dollar (ca. 391,5 Millionen Euro) überhaupt jemals teurer – aber das war eben auch ein echter Leonardo. Ein Österreicher und ein Mann dazu, könnte man sagen, hat es der ganzen Welt wieder einmal gezeigt. Was jetzt aber nicht so überraschend ist, da es ja eine ganze Menge von Männern aus Österreich gibt, die der Welt seit vielen Jahren beweisen, was dieses kleine Land und seine Bewohner draufhaben. Mir fallen da noch ein: Wolfgang Amadeus Mozart, Johann Strauss II, Gustav Mahler und natürlich Falco.
Ein glücklicher Auktionator in New York City

## Kurz zuvor Rekordpreis für Kahlo-Gemälde

Klimts riesengroßes (180 × 130 cm) und wunderschönes Meisterwerk war aber nicht das einzige Gemälde, das in den letzten Tagen zu einem Rekordpreis versteigert wurde. Nur drei Tage nach dem Klimt wurde, ebenfalls von Sotheby's und auch in New York, ein Bild der mexikanischen Malerin Frida Kahlo (1907–1954) versteigert – und zwar für 54,7 Millionen US-Dollar (ca. 47,6 Millionen Euro), was die höchste Taxe ist, die jemals für ein Gemälde einer Frau bezahlt wurde.
Beide Versteigerungen haben sowohl ernste Kunstkenner als auch woke Feministen und Feministinnen auf der ganzen Welt entzückt – wenn auch aus höchst unterschiedlichen Gründen. Der Klimt, weil er ein absolutes und fast unbekanntes Meisterwerk eines der größten Maler der Wende vom 19. zum 20. Jahrhundert und des Symbolismus darstellt. Das Bild der Kahlo, weil hier das Werk einer zweitklassigen Malerin, die aber weltweit als Ikone der gequälten linken Schmerzensfrau gilt, unter den Hammer kam und eine unerwartet hohe Taxe erzielte, wie sie sonst nur Bilder von Männern erreichen. Bei beiden Auktionen war also für jeden Geschmack etwas dabei.

## Klimt stammte aus Privatsammlung von Leonard Lauder

Wir beginnen mit dem Klimt. Seit der Rückkehr des Porträts der Elisabeth Lederer auf den Kunstmarkt galt dieses Werk als Sensation. Das Bild war jahrzehntelang verschwunden, weil es sich im Privatbesitz von Leonard Lauder befand, dem im Juni verstorbenen Erben des Estée-Lauder-Konzerns, bekannt für hochpreisige Kosmetika. Lauders Kunstsammlung war ursprünglich auf rund 400 Millionen US-Dollar (ca. 348,0 Millionen Euro) geschätzt worden.
Leonard Lauder mit seiner Frau Judith im Jahr 2015
Nach der jüngsten Auktion ist dieser Wert jedoch Makulatur: Das Lederer-Porträt erzielte 236,4 Millionen US-Dollar (ca. 205,7 Millionen Euro), und weitere Werke aus dem Lauder-Nachlass – darunter zwei weitere Klimts, ein schöner Edvard Munch und sechs Bronzen von Henri Matisse – wurden ebenfalls bereits versteigert. Insgesamt brachten die rund zwei Dutzend Lose aus Lauders Besitz 528 Millionen US-Dollar (ca. 459,4 Millionen Euro) ein. Die Kunstwelt hat damit erlebt, wie sich eine der bedeutendsten Privatsammlungen der vergangenen Jahrzehnte in kürzester Zeit noch als deutlich wertvoller erwiesen hat als angenommen.
Klimts großformatiges Bild stellt die achtzehnjährige Elisabeth Lederer dar, die Tochter von August Lederer, einem jüdischen Industriellen der k.u.k. Monarchie aus Böhmen, und dessen Frau Serena Pulitzer, die Gustav Klimt früh förderten und ihm über Jahrzehnte eng verbunden blieben. Diese besondere Nähe zwischen Künstler und Familie spürt man in jedem Zentimeter des Porträts – nicht als Intimität, sondern als souveräne Selbstverständlichkeit, mit der Klimt Elisabeth in seine späte ornamentale Welt hinüberführt.

## Klimt macht aus Lederer eine Erscheinung im Raum

Elisabeth erscheint in diesem Bild nicht als junge Frau in einem realen Raum, sondern als Gestalt in einem schwebenden Ornamentuniversum. Sie steht aufrecht, elegant, in einem langen, hellen Kleid, das wie ein Ruhepol zwischen den vibrierenden Mustern wirkt. Hinter ihr öffnet sich kein realistischer Hintergrund, sondern ein dichtes Feld aus farbigen Symbolen, japanisch anmutenden Figuren und dekorativen Formen – eher ein leuchtender Paravent als eine Wand. Unter ihren Füßen befindet sich kein Boden, sondern ein farbig gemusterter Teppich ohne Tiefe und Perspektive. Dadurch entsteht der Eindruck, dass die Portraitierte weniger steht als vielmehr schwebt: eine ruhige, hochaufgerichtete Präsenz, eingebettet in ein flirrendes Geflecht aus Ornament und Farbe. Klimt macht aus ihr keine Figur im Raum, sondern eine Erscheinung – eine moderne Ikone, getragen von einem dekorativen Kosmos, der sie zugleich umrahmt, erhöht und aus der Realität herauslöst.
Das prächtige Porträt fällt bereits in Klimts Spätwerk und markiert einen ästhetischen Paradigmenwechsel, im Zuge dessen Klimt die europäische Tiefenillusion inklusive der Zentralperspektive aufgibt und seine Figuren in ein ornamentales Energiefeld aus Mustern, oft asiatischen oder floral fließenden Motiven und flächigen Farbzonen stellt. Inspiriert von byzantinischen Ikonen, der vorperspektivischen Strenge Giottos und den damals in Europa bekannt werdenden japanischen Farbholzschnitten, die auch van Gogh beeinflussten, gestaltet Klimt seine Porträts nicht als Bühnenräume, sondern als symbolische Flächen, auf denen die Dargestellten weniger stehen als erscheinen. Raum wird Ornament, Hintergrund wird Bedeutungsträger, die Person wird zur ikonischen Präsenz – isoliert, schwebend, fast zweidimensional. Diese Rückkehr zur Flächigkeit ist jedoch kein Rückschritt, sondern ein bewusst modernes Statement: eine Neudefinition des Porträts als dekorativ-ikonisches Bildfeld, das die klassische Räumlichkeit hinter sich lässt und die Figur in ein ornamentales Universum überführt.

## Klimt war die Spitze der Schönheit, Harmonie und kultivierten Repräsentation

Klimts späte Porträts bilden den glänzenden Endpunkt einer europäischen Bildtradition, in der ein Porträt nicht entlarven, sondern erheben sollte. In ihnen bündelt sich das letzte große Aufleuchten einer ornamental-dekorativen Ästhetik, die noch an Schönheit, Harmonie und kultivierte Repräsentation glaubt. Nur wenige Jahre danach bricht diese Welt weg: Der Expressionismus ersetzt die idealisierte Figur durch den schonungslos analysierten und malerisch sezierten Menschen; aus Erhabenheit wird Verzerrung, Zuspitzung und Karikatur.
Gerade deshalb besitzen Klimts Bilder bis heute eine derartige Strahlkraft. Sie zeigen die letzte große Geste eines verschwindenden Ideals – das schimmernde Finale des langen 19. Jahrhunderts, bevor der Erste Weltkrieg seine kulturelle Grundlage zerstörte.
Die Berühmtheit von Klimts Bildern speist sich aus dieser doppelten Energie: einerseits aus ihrer technischen Meisterschaft, andererseits aus dem melancholischen Wissen, dass sie die Schönheit einer Welt festhalten, die nur wenige Jahre später unwiederbringlich unterging. Beides zusammen ist der Grund für den nie versiegenden Sog, der von seinen Bildern ausgeht, und ihre enorme Beliebtheit, die über hundert Jahre nach Klimts Tod immer noch zunimmt und auf Auktionen für einen Rekord um den anderen sorgt.

## Frida Kahlo malte sich selbst

Völlig anders verhält es sich hingegen mit dem Bild der mexikanischen Malerin Frida Kahlo. Das Werk stammt aus dem Jahr 1940 und trägt den Titel El Sueño (La Cama). Zu sehen ist ein in den Wolken schwebendes Holzbett mit Baldachin, in dem die Malerin selbst liegt, die Hände gefaltet, die Augen geschlossen, umrankt von Zweigen und Blumen. Auf dem Baldachin über ihr liegt, überdimensional groß, ein mit Zündschnüren und den dazugehörigen Dynamitstangen umschlungenes Skelett, das aussieht wie jene Kostüme, die die Mexikaner am Día de los Muertos tragen, dem Tag der Toten.
Rekordpreis für dieses Gemälde von Frida Kahlo
Da, wo bei Klimt malerische Meisterschaft, geheimnisvoller Symbolismus und eine dekorative Kosmologie sich kunstvoll verschränken, dominiert bei Kahlo ein primitiver Surrealismus, der eine platte Aussage – im Traum erscheint mir ein fruchtbarer Tod – durch eine flache Symbolik offensiv an den Betrachter heranträgt.
Kahlos Malerei folgt stets demselben Muster: technisch schlicht, ohne eigentliche malerische Verfahren, mit verzerrter Perspektive und flächiger, kindlich wirkender Raumbehandlung. Eine solide künstlerische Ausbildung hatte sie nie, entsprechend fehlen räumliche Konstruktion, Anatomie, Modellierung und jede Form handwerklicher Raffinesse. Im Zentrum ihrer Bilder stehen fast immer Tod, Krankheit und ihr persönliches Leiden, grell übersteigert durch eine vordergründige Symbolik aus blutenden Herzen, offenen Wunden, Narben, Tränen und anderen plakativen Signalen, die sich unmittelbar entschlüsseln lassen.
Für ca. 47,6 Millionen Euro wechselte das Werk den Besitzer
Diese autobiografische Direktheit macht ihre Werke jedoch kulturell überaus verwertbar und für Feministinnen und die politische Linke ganz allgemein wunderbar anschlussfähig, besonders in Diskursen, die nach klaren, sofort lesbaren Ikonen suchen.

## Kahlo malte Doppelportrait von sich und Stalin

Weiß man jetzt noch, dass sie mit dem nach Mexiko vertriebenen Leon Trotzki 1937 eine kurze, aber heftige Affäre hatte, nach Stalins Tod ein Doppelporträt von sich und Stalin gemalt hat und mit dem Maler Diego Rivera, dem Schöpfer von Wandbildern, auf denen Marx, Lenin und Trotzki prominent zu sehen sind, verheiratet war, dann begreift man besser, warum sie und ihre Malerei globalen Kultstatus erlangt haben.
Frida Kahlo im Selbstportrait mit Stalin
Dieses Standing erklärt sich jedoch weit stärker aus biografischem Mythos und identitätspolitischer Aufladung als aus ästhetischer Innovationskraft. Innerhalb des Surrealismus, dem Frida Kahlo zuzurechnen ist, bleibt ihr Beitrag entsprechend begrenzt: erzählerisch eindringlich, aber formal und handwerklich zweitrangig. Frida Kahlos Malerei wäre ohne das Vorbild von Henri Rousseau, den sie ihr Leben lang kopiert hat, nicht denkbar, kann aber mit den Werken der großen Surrealisten wie Salvador Dalí, Max Ernst und René Magritte nirgendwo mithalten.
Nun ist aber die Kunst auch ein Markt, und Kunstwerke werden nicht anders gehandelt als Gebrauchtwagen. Deshalb darf jeder für ein Kunstwerk, das ihm gefällt und das er unbedingt haben will, so viel zahlen, wie er will. Egal ob es ein Meisterwerk von Gustav Klimt oder der Typ von Bleeding-Heart-Art ist, den Frida Kahlo herstellte."
f13de7f9-0c08-4533-ac95-d7f07b7c01fb,Streit in der Union über Abschiebungen nach Syrien: CDU-Ministerpräsident Günther stärkt Außenminister Wadephul den Rücken,<span>Streit in der Union über Abschiebungen nach Syrien: CDU-Ministerpräsident Günther stärkt Außenminister Wadephul den Rücken</span>,,/politik/news/union-abschiebungen-syrien-guenther-wadephul/f13de7f9-0c08-4533-ac95-d7f07b7c01fb,/politik,/articles/union-abschiebungen-syrien-guenther-wadephul/f13de7f9-0c08-4533-ac95-d7f07b7c01fb,"{'big_1x': 'https://api.nius.de/api/assets/office-hr/dc6ccdd5-456d-4368-a964-b2f756b76c58?width=1400&height=1000&mode=CropUpsize', 'big_2x': 'https://api.nius.de/api/assets/office-hr/dc6ccdd5-456d-4368-a964-b2f756b76c58?width=2000&height=1500&mode=CropUpsize', 'medium': 'https://api.nius.de/api/assets/office-hr/dc6ccdd5-456d-4368-a964-b2f756b76c58?width=800&height=600&mode=CropUpsize', 'small': 'https://api.nius.de/api/assets/office-hr/dc6ccdd5-456d-4368-a964-b2f756b76c58?width=400&height=300&mode=CropUpsize', 'portrait_1x': 'https://api.nius.de/api/assets/office-hr/dc6ccdd5-456d-4368-a964-b2f756b76c58?width=375&height=500&mode=CropUpsize', 'portrait_2x': 'https://api.nius.de/api/assets/office-hr/dc6ccdd5-456d-4368-a964-b2f756b76c58?width=750&height=1000&mode=CropUpsize', 'original': 'https://api.nius.de/api/assets/office-hr/dc6ccdd5-456d-4368-a964-b2f756b76c58', 'title': '', 'id': 'dc6ccdd5-456d-4368-a964-b2f756b76c58'}",[],,['Politik'],union-abschiebungen-syrien-guenther-wadephul,2025-11-24T07:50:08Z,2025-11-23T13:28:23Z,2025-11-23 13:38:34.251000+00:00,System Teaser,"[{'id': '644f639cf03076c588c404f5', 'email': 'redaktion@nius.de', 'name': 'Redaktion', 'active': True, 'permissions': [], 'slug': 'redaktion', 'firstName': '', 'authorSlug': 'redaktion', 'lastName': '', 'role': 'ADMIN', 'bio': '', 'profileImage': {'big_1x': 'https://api.nius.de/api/users/644f639cf03076c588c404f5/picture', 'big_2x': 'https://api.nius.de/api/users/644f639cf03076c588c404f5/picture', 'medium': 'https://api.nius.de/api/users/644f639cf03076c588c404f5/picture', 'small': 'https://api.nius.de/api/users/644f639cf03076c588c404f5/picture', 'portrait_1x': 'https://api.nius.de/api/users/644f639cf03076c588c404f5/picture', 'portrait_2x': 'https://api.nius.de/api/users/644f639cf03076c588c404f5/picture', 'original': 'https://api.nius.de/api/users/644f639cf03076c588c404f5/picture', 'title': '', 'id': '644f639cf03076c588c404f5'}}]","{'big_1x': 'https://api.nius.de/api/assets/office-hr/942806f5-0864-4f0c-ab4e-81dd2219730b?width=1400&height=1000&mode=CropUpsize', 'big_2x': 'https://api.nius.de/api/assets/office-hr/942806f5-0864-4f0c-ab4e-81dd2219730b?width=2000&height=1500&mode=CropUpsize', 'medium': 'https://api.nius.de/api/assets/office-hr/942806f5-0864-4f0c-ab4e-81dd2219730b?width=800&height=600&mode=CropUpsize', 'small': 'https://api.nius.de/api/assets/office-hr/942806f5-0864-4f0c-ab4e-81dd2219730b?width=400&height=300&mode=CropUpsize', 'portrait_1x': 'https://api.nius.de/api/assets/office-hr/942806f5-0864-4f0c-ab4e-81dd2219730b?width=375&height=500&mode=CropUpsize', 'portrait_2x': 'https://api.nius.de/api/assets/office-hr/942806f5-0864-4f0c-ab4e-81dd2219730b?width=750&height=1000&mode=CropUpsize', 'original': 'https://api.nius.de/api/assets/office-hr/942806f5-0864-4f0c-ab4e-81dd2219730b', 'title': '', 'id': '942806f5-0864-4f0c-ab4e-81dd2219730b'}",,False,False,[],True,"{'title': 'Streit in der Union über Abschiebungen nach Syrien: CDU-Ministerpräsident Günther stärkt Außenminister Wadephul den Rücken', 'description': 'Schleswig-Holsteins Ministerpräsident Daniel Günther (CDU) hat sich beim Streit in der Union über Abschiebungen nach Syrien hinter Außenminister Johann Wadephul gestellt. Damit dürfte die Debatte in der Union sich weiter verschärfen.', 'image': 'https://api.nius.de/api/assets/office-hr/dc6ccdd5-456d-4368-a964-b2f756b76c58/f13de7f9-0c08-4533-ac95-d7f07b7c01fb.jpg', 'locale': 'office-hr', 'url': None, 'publishedAt': '2025-11-23T13:28:23Z', 'modifiedAt': '2025-11-23T13:38:34.251Z', 'author': None, 'category': 'Politik', 'tags': []}",https://www.nius.de/politik/news/union-abschiebungen-syrien-guenther-wadephul/f13de7f9-0c08-4533-ac95-d7f07b7c01fb,2025-11-23,"# Streit in der Union über Abschiebungen nach Syrien: CDU-Ministerpräsident Günther stärkt Außenminister Wadephul den Rücken

Schleswig-Holsteins Ministerpräsident Daniel Günther (CDU) hat sich beim Streit in der Union über Abschiebungen nach Syrien hinter Außenminister Johann Wadephul gestellt.
„Ich war da verdammt stolz, als du das gesagt hast“, erklärte Günther am Wochenende auf dem Parteitag der CDU in Schleswig-Holstein. „Diese Haltung brauchen wir weiterhin von dir als Bundesaußenminister“, rief er Wadephul entgegen.
In der Union war zuletzt eine intensive Debatte über Abschiebungen nach Syrien entbrannt. Außenminister Wadephul hatte sich bei einem Besuch in Syrien besorgt über die prekäre Lage im Land gezeigt. Kurzfristig seien Abschiebungen nach Syrien nicht möglich – zumindest nicht im großen Stil.
Er zweifelte zudem an, dass eine große Zahl Flüchtlinge freiwillig zurückkehren werde. „Das ist meine Einschätzung dort und wer das anders sieht, der müsste dort entsprechend argumentieren und auch Fakten nennen. Aber es ist leider so, wie es ist“, bekräftigte der CDU-Politiker.

## CSU-Innenminister Dobrindt will mehr abschieben

Der Unmut über die Äußerungen war vor allem in der CSU groß. Innenminister Alexander Dobrindt, der auf eine schnelle Wiederaufnahme der Abschiebungen nach Syrien drängt, entgegnete: „Man darf erschüttert sein angesichts der Zerstörung.“ Man müsse aber auch eine Perspektive zum Wiederaufbau des Landes bieten. „Wer soll Syrien wieder aufbauen, wenn nicht die Syrer?“, fragte er.
Wadephul und Günther auf dem Parteitag am Wochenende.
Wer sich integriere und arbeite, habe eine Bleibeperspektive, führte Dobrindt aus. „Wer sich nicht integriert, wer nicht arbeitet, hat die Perspektive, nach Syrien zurückzukehren.“ Die Menschen, die aus Syrien nach Deutschland gekommen seien, wüssten, „dass sie hier Schutz auf Zeit haben“.
Auch Friedrich Merz betonte anschließend, dass er nach dem Ende des Bürgerkriegs in Syrien „keinerlei Gründe mehr für Asyl in Deutschland“ sehe. Die Äußerungen von Daniel Günther dürften die Debatte in der Union weiter anheizen."
d0988118-e7fc-47a1-830a-b007cbccb2bf,Berliner SPD-Vorsitzende Hikel und Böcker-Giannini schmeißen hin,<span>Berliner SPD-Vorsitzende Hikel und Böcker-Giannini schmeißen hin</span>,,/politik/news/berliner-spd-vorsitzende-hikel-und-boecker-giannini-schmeissen-hin/d0988118-e7fc-47a1-830a-b007cbccb2bf,/politik,/articles/berliner-spd-vorsitzende-hikel-und-boecker-giannini-schmeissen-hin/d0988118-e7fc-47a1-830a-b007cbccb2bf,"{'big_1x': 'https://api.nius.de/api/assets/office-hr/4a15ef90-f110-4efe-87e0-370c13d4069f?width=1400&height=1000&mode=CropUpsize', 'big_2x': 'https://api.nius.de/api/assets/office-hr/4a15ef90-f110-4efe-87e0-370c13d4069f?width=2000&height=1500&mode=CropUpsize', 'medium': 'https://api.nius.de/api/assets/office-hr/4a15ef90-f110-4efe-87e0-370c13d4069f?width=800&height=600&mode=CropUpsize', 'small': 'https://api.nius.de/api/assets/office-hr/4a15ef90-f110-4efe-87e0-370c13d4069f?width=400&height=300&mode=CropUpsize', 'portrait_1x': 'https://api.nius.de/api/assets/office-hr/4a15ef90-f110-4efe-87e0-370c13d4069f?width=375&height=500&mode=CropUpsize', 'portrait_2x': 'https://api.nius.de/api/assets/office-hr/4a15ef90-f110-4efe-87e0-370c13d4069f?width=750&height=1000&mode=CropUpsize', 'original': 'https://api.nius.de/api/assets/office-hr/4a15ef90-f110-4efe-87e0-370c13d4069f', 'title': '', 'id': '4a15ef90-f110-4efe-87e0-370c13d4069f'}",[],,['Politik'],berliner-spd-vorsitzende-hikel-und-boecker-giannini-schmeissen-hin,2025-11-23T15:58:32Z,2025-11-23T15:18:49Z,2025-11-23 15:18:53.336000+00:00,System Teaser,"[{'id': '644f639cf03076c588c404f5', 'email': 'redaktion@nius.de', 'name': 'Redaktion', 'active': True, 'permissions': [], 'slug': 'redaktion', 'firstName': '', 'authorSlug': 'redaktion', 'lastName': '', 'role': 'ADMIN', 'bio': '', 'profileImage': {'big_1x': 'https://api.nius.de/api/users/644f639cf03076c588c404f5/picture', 'big_2x': 'https://api.nius.de/api/users/644f639cf03076c588c404f5/picture', 'medium': 'https://api.nius.de/api/users/644f639cf03076c588c404f5/picture', 'small': 'https://api.nius.de/api/users/644f639cf03076c588c404f5/picture', 'portrait_1x': 'https://api.nius.de/api/users/644f639cf03076c588c404f5/picture', 'portrait_2x': 'https://api.nius.de/api/users/644f639cf03076c588c404f5/picture', 'original': 'https://api.nius.de/api/users/644f639cf03076c588c404f5/picture', 'title': '', 'id': '644f639cf03076c588c404f5'}}]","{'big_1x': 'https://api.nius.de/api/assets/office-hr/19bb6fd9-94e4-4819-96ce-34d477f9cd75?width=1400&height=1000&mode=CropUpsize', 'big_2x': 'https://api.nius.de/api/assets/office-hr/19bb6fd9-94e4-4819-96ce-34d477f9cd75?width=2000&height=1500&mode=CropUpsize', 'medium': 'https://api.nius.de/api/assets/office-hr/19bb6fd9-94e4-4819-96ce-34d477f9cd75?width=800&height=600&mode=CropUpsize', 'small': 'https://api.nius.de/api/assets/office-hr/19bb6fd9-94e4-4819-96ce-34d477f9cd75?width=400&height=300&mode=CropUpsize', 'portrait_1x': 'https://api.nius.de/api/assets/office-hr/19bb6fd9-94e4-4819-96ce-34d477f9cd75?width=375&height=500&mode=CropUpsize', 'portrait_2x': 'https://api.nius.de/api/assets/office-hr/19bb6fd9-94e4-4819-96ce-34d477f9cd75?width=750&height=1000&mode=CropUpsize', 'original': 'https://api.nius.de/api/assets/office-hr/19bb6fd9-94e4-4819-96ce-34d477f9cd75', 'title': '', 'id': '19bb6fd9-94e4-4819-96ce-34d477f9cd75'}",,False,False,[],True,"{'title': 'Berliner SPD-Vorsitzende Hikel und Böcker-Giannini schmeißen hin', 'description': 'Die beiden Vorsitzenden der SPD in Berlin, Martin Hikel und Nicola Böcker-Giannini, haben ihren Rücktritt erklärt. Intern waren die Parteichefs zuletzt unter Druck der Partei-Linken geraten.', 'image': 'https://api.nius.de/api/assets/office-hr/4a15ef90-f110-4efe-87e0-370c13d4069f/d0988118-e7fc-47a1-830a-b007cbccb2bf.jpg', 'locale': 'office-hr', 'url': None, 'publishedAt': '2025-11-23T15:18:49Z', 'modifiedAt': '2025-11-23T15:18:53.336Z', 'author': None, 'category': 'Politik', 'tags': []}",https://www.nius.de/politik/news/berliner-spd-vorsitzende-hikel-und-boecker-giannini-schmeissen-hin/d0988118-e7fc-47a1-830a-b007cbccb2bf,2025-11-23,"# Berliner SPD-Vorsitzende Hikel und Böcker-Giannini schmeißen hin

Die beiden Vorsitzenden der SPD in Berlin, Martin Hikel und Nicola Böcker-Giannini, haben ihren Rücktritt erklärt. Über ihre Entscheidung unterrichteten sie den Vorstand in einer Sondersitzung am Sonntag, wie der RBB berichtet. Am Montag wollen sie ihren Schritt in einer Pressekonferenz näher erläutern.
Zunächst vorrübergehend soll nun Steffen Krach das Amt des Parteivorsitzenden übernehmen. Der gebürtige Hannoveraner ist Spitzenkandidat der SPD für die Abgeordnetenhauswahl 2026.
Parteiintern waren Hikel und Böcker-Giannini zuletzt unter Druck der Partei-Linken geraten. Ein halbes Jahr vor dem eigentlichen Ende ihrer Amtszeit kapitulieren sie damit vor dem Widerstand der eigenen Genossen. Parteilinke und Jusos warfen Hikel unter anderem vor, als Bezirksbürgermeister zu oft und zu öffentlichkeitswirksam gegen Clan-Kriminalität vorzugehen.

## SPD in Berlin liegt nur noch auf dem fünften Platz

In einer E-Mail an alle Parteimitglieder rechneten Hikel und Böcker-Giannini am Sonntag-Nachmittag mit ihren Gegnern ab: „Wir haben Brücken gebaut zwischen Euch, der Basis, und den Funktionsträger*innen, zwischen den verschiedenen Strömungen unserer Partei und nicht zuletzt auch zwischen vielen einzelnen Menschen. Beide Vorgänge zeigen, dass wir innerhalb der Gremien der Partei den versprochenen Wandel, und damit den Auftrag der Mitglieder, nicht mehr glaubhaft umsetzen können, da dieser Kurs, den die Mitglieder wünschen, nicht von der Funktionärsebene mitgetragen wird.“
In der jüngsten Wahl-Umfrage für das Berliner Abgeordnetenhaus erreichte die Berliner SPD mit 13 Prozent nur Platz 5 unter den Parteien."
261fbcbb-a9e9-4be0-94b9-849a4ad093dd,JU-Chef Winkel schießt gegen SPD-Ministerin Bas und verlangt Debatte im Rentenstreit,<span>JU-Chef Winkel schießt gegen SPD-Ministerin Bas und verlangt Debatte im Rentenstreit</span>,,/politik/news/ju-chef-winkel-schiesst-gegen-spd-ministerin-bas-und-verlangt-debatte-im-rentenstreit/261fbcbb-a9e9-4be0-94b9-849a4ad093dd,/politik,/articles/ju-chef-winkel-schiesst-gegen-spd-ministerin-bas-und-verlangt-debatte-im-rentenstreit/261fbcbb-a9e9-4be0-94b9-849a4ad093dd,"{'big_1x': 'https://api.nius.de/api/assets/office-hr/6a03dc6e-c350-40e4-b12c-9ba2a4c9af90?width=1400&height=1000&mode=CropUpsize', 'big_2x': 'https://api.nius.de/api/assets/office-hr/6a03dc6e-c350-40e4-b12c-9ba2a4c9af90?width=2000&height=1500&mode=CropUpsize', 'medium': 'https://api.nius.de/api/assets/office-hr/6a03dc6e-c350-40e4-b12c-9ba2a4c9af90?width=800&height=600&mode=CropUpsize', 'small': 'https://api.nius.de/api/assets/office-hr/6a03dc6e-c350-40e4-b12c-9ba2a4c9af90?width=400&height=300&mode=CropUpsize', 'portrait_1x': 'https://api.nius.de/api/assets/office-hr/6a03dc6e-c350-40e4-b12c-9ba2a4c9af90?width=375&height=500&mode=CropUpsize', 'portrait_2x': 'https://api.nius.de/api/assets/office-hr/6a03dc6e-c350-40e4-b12c-9ba2a4c9af90?width=750&height=1000&mode=CropUpsize', 'original': 'https://api.nius.de/api/assets/office-hr/6a03dc6e-c350-40e4-b12c-9ba2a4c9af90', 'title': '', 'id': '6a03dc6e-c350-40e4-b12c-9ba2a4c9af90'}",[],,['Politik'],ju-chef-winkel-schiesst-gegen-spd-ministerin-bas-und-verlangt-debatte-im-rentenstreit,2025-11-24T07:53:16Z,2025-11-23T15:52:18Z,2025-11-23 15:59:16.202000+00:00,,"[{'id': '644f639cf03076c588c404f5', 'email': 'redaktion@nius.de', 'name': 'Redaktion', 'active': True, 'permissions': [], 'slug': 'redaktion', 'firstName': '', 'authorSlug': 'redaktion', 'lastName': '', 'role': 'ADMIN', 'bio': '', 'profileImage': {'big_1x': 'https://api.nius.de/api/users/644f639cf03076c588c404f5/picture', 'big_2x': 'https://api.nius.de/api/users/644f639cf03076c588c404f5/picture', 'medium': 'https://api.nius.de/api/users/644f639cf03076c588c404f5/picture', 'small': 'https://api.nius.de/api/users/644f639cf03076c588c404f5/picture', 'portrait_1x': 'https://api.nius.de/api/users/644f639cf03076c588c404f5/picture', 'portrait_2x': 'https://api.nius.de/api/users/644f639cf03076c588c404f5/picture', 'original': 'https://api.nius.de/api/users/644f639cf03076c588c404f5/picture', 'title': '', 'id': '644f639cf03076c588c404f5'}}]","{'big_1x': 'https://api.nius.de/api/assets/office-hr/b4896f16-cd94-4808-ba6e-5b090f9590d8?width=1400&height=1000&mode=CropUpsize', 'big_2x': 'https://api.nius.de/api/assets/office-hr/b4896f16-cd94-4808-ba6e-5b090f9590d8?width=2000&height=1500&mode=CropUpsize', 'medium': 'https://api.nius.de/api/assets/office-hr/b4896f16-cd94-4808-ba6e-5b090f9590d8?width=800&height=600&mode=CropUpsize', 'small': 'https://api.nius.de/api/assets/office-hr/b4896f16-cd94-4808-ba6e-5b090f9590d8?width=400&height=300&mode=CropUpsize', 'portrait_1x': 'https://api.nius.de/api/assets/office-hr/b4896f16-cd94-4808-ba6e-5b090f9590d8?width=375&height=500&mode=CropUpsize', 'portrait_2x': 'https://api.nius.de/api/assets/office-hr/b4896f16-cd94-4808-ba6e-5b090f9590d8?width=750&height=1000&mode=CropUpsize', 'original': 'https://api.nius.de/api/assets/office-hr/b4896f16-cd94-4808-ba6e-5b090f9590d8', 'title': '', 'id': 'b4896f16-cd94-4808-ba6e-5b090f9590d8'}",,False,False,[],True,"{'title': 'JU-Chef Winkel schießt gegen SPD-Ministerin Bas und verlangt Debatte im Rentenstreit', 'description': 'JU-Chef Johannes Winkel heizt die Debatte um die Rentenpläne der Bundesregierung weiter an. „Es wäre ein normales Verfahren, wenn sich das Parlament mit dem Entwurf von Bärbel Bas auseinandersetzt“, sagte Winkel dem Spiegel. „Es kann nicht angeordnet werden, dass ein Gesetzentwurf der Ministerin ohne Diskussion einfach so beschlossen wird.“', 'image': 'https://api.nius.de/api/assets/office-hr/6a03dc6e-c350-40e4-b12c-9ba2a4c9af90/261fbcbb-a9e9-4be0-94b9-849a4ad093dd.jpg', 'locale': 'office-hr', 'url': None, 'publishedAt': '2025-11-23T15:52:18Z', 'modifiedAt': '2025-11-23T15:59:16.202Z', 'author': None, 'category': 'Politik', 'tags': []}",https://www.nius.de/politik/news/ju-chef-winkel-schiesst-gegen-spd-ministerin-bas-und-verlangt-debatte-im-rentenstreit/261fbcbb-a9e9-4be0-94b9-849a4ad093dd,2025-11-23,"# JU-Chef Winkel schießt gegen SPD-Ministerin Bas und verlangt Debatte im Rentenstreit

Lesen Sie auch:
Markus Söder zum Rentenstreit: „Das einfache Basta von der SPD geht nicht“"
092f8b5b-347e-4c60-85cd-1da17af80dd2,Leo XIV. schickt Memes per WhatsApp und ist Baseball-Fan: Warum der Papst eine coole White Sock ist  ,<span>Leo XIV. schickt Memes per WhatsApp und ist Baseball-Fan: Warum der Papst eine coole White Sock ist  </span>,,/kommentar/news/leo-xiv-schickt-memes-per-whatsapp-und-ist-baseball-fan-warum-der-papst-eine-coole-white-sock-ist/092f8b5b-347e-4c60-85cd-1da17af80dd2,/kommentar,/articles/leo-xiv-schickt-memes-per-whatsapp-und-ist-baseball-fan-warum-der-papst-eine-coole-white-sock-ist/092f8b5b-347e-4c60-85cd-1da17af80dd2,"{'big_1x': 'https://api.nius.de/api/assets/office-hr/c16ca1b8-7101-4cc5-89b9-884be5b3f45e?width=1400&height=1000&mode=CropUpsize', 'big_2x': 'https://api.nius.de/api/assets/office-hr/c16ca1b8-7101-4cc5-89b9-884be5b3f45e?width=2000&height=1500&mode=CropUpsize', 'medium': 'https://api.nius.de/api/assets/office-hr/c16ca1b8-7101-4cc5-89b9-884be5b3f45e?width=800&height=600&mode=CropUpsize', 'small': 'https://api.nius.de/api/assets/office-hr/c16ca1b8-7101-4cc5-89b9-884be5b3f45e?width=400&height=300&mode=CropUpsize', 'portrait_1x': 'https://api.nius.de/api/assets/office-hr/c16ca1b8-7101-4cc5-89b9-884be5b3f45e?width=375&height=500&mode=CropUpsize', 'portrait_2x': 'https://api.nius.de/api/assets/office-hr/c16ca1b8-7101-4cc5-89b9-884be5b3f45e?width=750&height=1000&mode=CropUpsize', 'original': 'https://api.nius.de/api/assets/office-hr/c16ca1b8-7101-4cc5-89b9-884be5b3f45e', 'title': '', 'id': 'c16ca1b8-7101-4cc5-89b9-884be5b3f45e'}","['Papst Leo XIV.', 'Vatikan', 'Pontifikat', 'Chicago', 'White Sox', 'Baseball']",,['Kommentar'],leo-xiv-schickt-memes-per-whatsapp-und-ist-baseball-fan-warum-der-papst-eine-coole-white-sock-ist,2025-11-24T08:49:58Z,2025-11-21T16:40:23Z,2025-11-23 17:09:52.281000+00:00,System Teaser,"[{'id': '6683ea50e46fea7f34181ca9', 'email': 'claudio.casula@vius.com', 'name': 'Claudio Casula', 'active': True, 'permissions': [], 'slug': 'claudio-casula', 'firstName': '', 'authorSlug': 'claudio-casula', 'lastName': '', 'role': 'ADMIN', 'bio': '', 'profileImage': {'big_1x': 'https://api.nius.de/api/users/6683ea50e46fea7f34181ca9/picture', 'big_2x': 'https://api.nius.de/api/users/6683ea50e46fea7f34181ca9/picture', 'medium': 'https://api.nius.de/api/users/6683ea50e46fea7f34181ca9/picture', 'small': 'https://api.nius.de/api/users/6683ea50e46fea7f34181ca9/picture', 'portrait_1x': 'https://api.nius.de/api/users/6683ea50e46fea7f34181ca9/picture', 'portrait_2x': 'https://api.nius.de/api/users/6683ea50e46fea7f34181ca9/picture', 'original': 'https://api.nius.de/api/users/6683ea50e46fea7f34181ca9/picture', 'title': '', 'id': '6683ea50e46fea7f34181ca9'}}]","{'big_1x': 'https://api.nius.de/api/assets/office-hr/6394091a-bf4a-49c0-9fea-e9b0501fb96d?width=1400&height=1000&mode=CropUpsize', 'big_2x': 'https://api.nius.de/api/assets/office-hr/6394091a-bf4a-49c0-9fea-e9b0501fb96d?width=2000&height=1500&mode=CropUpsize', 'medium': 'https://api.nius.de/api/assets/office-hr/6394091a-bf4a-49c0-9fea-e9b0501fb96d?width=800&height=600&mode=CropUpsize', 'small': 'https://api.nius.de/api/assets/office-hr/6394091a-bf4a-49c0-9fea-e9b0501fb96d?width=400&height=300&mode=CropUpsize', 'portrait_1x': 'https://api.nius.de/api/assets/office-hr/6394091a-bf4a-49c0-9fea-e9b0501fb96d?width=375&height=500&mode=CropUpsize', 'portrait_2x': 'https://api.nius.de/api/assets/office-hr/6394091a-bf4a-49c0-9fea-e9b0501fb96d?width=750&height=1000&mode=CropUpsize', 'original': 'https://api.nius.de/api/assets/office-hr/6394091a-bf4a-49c0-9fea-e9b0501fb96d', 'title': '', 'id': '6394091a-bf4a-49c0-9fea-e9b0501fb96d'}",,False,False,[],True,"{'title': 'Leo XIV. schickt Memes per WhatsApp und ist Baseball-Fan: Warum der Papst eine coole White Sock ist \xa0', 'description': 'Mit Leo XIV. haben wir einen Papst, der traditionell und doch der modernen Welt aufgeschlossen ist. Er verschickt Memes mit dem Smartphone, spielt Wordle und ist Anhänger der White Sox, eines Baseball-Teams aus seiner Geburtsstadt Chicago.', 'image': 'https://api.nius.de/api/assets/office-hr/c16ca1b8-7101-4cc5-89b9-884be5b3f45e/092f8b5b-347e-4c60-85cd-1da17af80dd2.jpg', 'locale': 'office-hr', 'url': None, 'publishedAt': '2025-11-21T16:40:23Z', 'modifiedAt': '2025-11-23T17:09:52.281Z', 'author': None, 'category': 'Kommentar', 'tags': []}",https://www.nius.de/kommentar/news/leo-xiv-schickt-memes-per-whatsapp-und-ist-baseball-fan-warum-der-papst-eine-coole-white-sock-ist/092f8b5b-347e-4c60-85cd-1da17af80dd2,2025-11-23,"# Leo XIV. schickt Memes per WhatsApp und ist Baseball-Fan: Warum der Papst eine coole White Sock ist

Seit gut einem halben Jahr ist Leo XIV. Papst. Der erste Amerikaner auf dem Stuhl Petri hat die Herzen der Katholiken weltweit gewonnen. Lesen Sie hier, was er bisher getan hat und wie er persönlich „tickt“.
Sein Vorgänger, Papst Franziskus, galt als sprunghaft und brachte seine Presseabteilung mit spontanen Wortmeldungen gern einmal ins Schwitzen. Der Argentinier lehnte demonstrativ alle Insignien der Macht strikt ab, wohnte etwa im Gästehaus des Vatikans und gab sich demütig bis unterwürfig, wenn es um Asylbewerber ging. Am Gründonnerstag 2016 wusch und küsste Franziskus in der Asylbewerberunterkunft in Castelnuovo di Porto bei Rom die Füße von 12 Menschen, die aus Syrien, Nigeria, Eritrea, Mali und weiteren Ländern stammten.
Leo XIV., bürgerlich Robert Francis Prevost, ist da anders. Er wird im Apostolischen Palast wohnen, wenn die Renovierungsarbeiten dort abgeschlossen sind, akzeptiert auch den traditionellen Ringkuss als Geste der Gläubigen und tritt allgemein bedächtiger auf als der mitunter reichlich impulsive Franziskus. Wie dieser verzichtet er allerdings auf die roten Schuhe, die Benedikt XVI. noch trug.
Leo XIV: ein freundlicher und nahbarer Papst

## „Er war immer ein Sox-Fan“

Vor allem ist der erste nach dem Ende des Zweiten Weltkriegs geborene Papst (Jahrgang 1955) mit dem entsprechenden Lebensgefühl aufgewachsen. Der aus Chicago stammende Prevost erzählte einmal: „Als Teenager liebte ich Autofahren – einfach losdüsen, Musik laut. In Chicago am Lake Michigan, das war Freiheit pur.“
Papst Leo liebt Baseball und ist Fan der Chicago White Sox aus dem Süden der Stadt. Bei seiner wöchentlichen Generalaudienz begrüßte der US-Amerikaner die Gläubigen mit einer für kirchliche Würdenträger ungewöhnlichen Kopfbedeckung: einer White-Sox-Cap, die ihm von einem frisch verheirateten Paar übergeben worden war. „Er war immer ein Sox-Fan“, hatte sein Bruder John Prevost schon kurz nach dessen Wahl gegenüber dem US-Lokalsender WGN-TV verraten.
Ungewöhnlich: der Papst mit White-Sox-Cap
In den sozialen Netzwerken tauchte damals ein Video auf, das den heute 70-Jährigen vor 20 Jahren – da war er noch Generaloberer des Augustinerordens – beim Baseball auf der Tribüne zeigt, im passenden Trikot.

## Morgenritual: Wordle

Wer glaubt, dass der Stellvertreter Christi auf Erden ganz altmodisch analog lebt, irrt: „Mein Bruder John und ich haben immer Witze gemacht – er ist der Ältere, der mich neckt. Selbst jetzt schicken wir uns Memes per WhatsApp.“ Leo nutzt Smartphones und WhatsApp für private Kontakte. Er spielt das Online-Buchstabenspiel Wordle, das ein bisschen an Scrabble erinnert: „Wordle ist mein Morgenritual – mit meinem Bruder. Fünf Buchstaben, die den Tag starten. Es hält den Geist scharf, ohne Stress.“
Mit Smartphones fremdelt der Papst nicht – er nutzt sie selbst täglich.
Der Pontifex Maximus hat noch eine weitere App auf dem Handy, die in eine ganz ähnliche Richtung geht. Das Mobile-Game „Words with Friends“ spielt er laut NBC-Interview regelmäßig mit seinem Bruder John. Er ist auch grundsätzlich offen für Künstliche Intelligenz, warnt aber dennoch vor den Gefahren, die von KI ausgehen.
Auch für Filme und Kultur ist der Papst zu haben. Er trifft sich des Öfteren mit Schauspielern – so waren schon Robert De Niro und Monica Bellucci bei ihm – und verriet sogar seine Lieblingsfilme: Hollywood-Klassiker wie Ist das Leben nicht schön? (1946, mit James Stewart, dort geht es um einen Schutzengel, der sich seine Flügel verdienen muss, indem er den Menschen hilft), The Sound of Music (1965), Eine ganz normale Familie (1980, mit Robert Redford) und Das Leben ist schön von und mit Roberto Benigni.
Papst Leo empfängt Film-Star Monica Bellucci.

## Vor dem Konklave den Film „Konklave“ geschaut

„Vor dem Konklave habe ich noch ‚Konklave‘ geschaut – ironisch, oder? Der Film ist spannend, aber Hollywood übertreibt die Dramen“, erzählte Leo einmal. Ansonsten liest er Bücher: „Ich lese viel – Romane, Biografien, aber auch Krimis. Agatha Christie ist super, um abzuschalten. Lesen erweitert den Horizont.“
Bisher hat sich der Papst fast ausschließlich in Rom und – wenn keine Termine anstehen, einmal wöchentlich – in Castel Gandolfo aufgehalten, doch steht am 27. November seine erste Auslandsreise an, in die Türkei und den Libanon: „Reisen ist für mich Entdecken – neue Orte, Kulturen, Essen. Peru hat mich geprägt; ich liebe Ceviche und die Wärme der Leute“, sagte er einmal.
20 Jahre lebte Prevost als Missionar in Peru, wo er 2015 Bischof von Chiclayo wurde und die peruanische Staatsbürgerschaft erwarb. So spricht er neben Englisch und Italienisch auch Spanisch fließend. Kommunizieren kann er außerdem auf Französisch und Portugiesisch. Seine Deutschkenntnisse soll er mit einer Sprachlern-App aufbessern, heißt es.

## Gegen die Gender-Ideologie

Soziale und ethische Themen, die den Papst umtreiben: Er ist vehement gegen Abtreibung („Leben muss vom ersten Herzschlag an verteidigt werden“) und Sterbehilfe („verwirft die Schwachen“). Auch die Gender-Ideologie lehnt er ab („erschafft Geschlechter, die nicht existieren“). Er kritisiert Medien und Popkultur für Sympathie mit „homosexuellem Lebensstil“ und „alternativen Familien“ (z. B. gleichgeschlechtliche Partnerschaften), sieht sie als Widerspruch zum Evangelium, auch wenn er Inklusion betont.
Bisher zeigte Leos Pontifikat keine signifikanten Ausschläge. Als Sohn eines D-Day-Veteranen betont er die Wichtigkeit von Friedensbemühungen („Wehe denen, die versuchen, Gott in Kriege hineinzuziehen! Der Krieg ist niemals heilig, nur der Frieden ist heilig, weil er von Gott gewollt ist“) und setzt sich für die Armen ein. Am Welttag der Armen gab es in der Vatikanischen Audienzhalle ein Essen mit 1.300 Bedürftigen. Serviert wurden unter anderem Lasagne, Hühnchen und Ofengemüse.
Der Papst mit Bedürftigen beim Essen zum Welttag der Armen
Auch fünf „Trans-Personen“ waren eingeladen, nachdem die Aktivistin Alessia Nobile zuvor um eine Audienz gebeten hatte, doch anders als unter Franziskus saßen sie diesmal nicht am Papsttisch, was in einigen Medien als mögliche Brüskierung interpretiert wurde. Die Plätze am Ehrentisch wurden jedoch „an arme Gemeindemitglieder vergeben“, die zuvor an einer Eucharistiefeier teilgenommen hatten.

## Wofür steht der Papst?

Zu den großen Fragen der Zeit hat Leo eine differenzierte Haltung, etwa zur Migration aus der Dritten Welt in die wohlhabenden Länder: „Niemand hat gesagt, dass die Vereinigten Staaten offene Grenzen haben sollten. Ich denke, jedes Land hat das Recht zu bestimmen, wer wie und wann einreist.“ Jedoch müsse jeder Mensch mit Würde behandelt werden: „Ich denke, die Bischöfe haben sich sehr klar ausgedrückt, und ich möchte alle Menschen in den Vereinigten Staaten dazu auffordern, ihnen zuzuhören.“
Was die Klimapolitik betrifft, dürfte der Heilige Vater den Aktivisten näher stehen als den Kritikern. Besorgt über Klimawandel und Ressourcenausbeutung, fordert er mehr kirchliches Engagement. Auch sollten Umweltorganisationen Druck auf die nationalen Regierungen ausüben, damit diese strengere Standards entwickeln, um „den bereits entstandenen Schaden zu mildern“. Die Beherrschung der Welt dürfe nicht „tyrannisch“ werden. In einer eher befremdlichen Geste, die nicht zu seinem üblichen Auftreten zu passen scheint, segnete der Papst sogar einen Eisblock.
Geste für den Klimaschutz: Papst Leo segnet einen Eisblock.
Was die kirchliche Sexualmoral betrifft, bleibt Leo der katholischen Lehre treu. Er betont Ehe und Familie als Keimzelle der Gesellschaft. Explizit kritisiert Leo Segensfeiern für Homosexuelle in Nordeuropa und erteilt dementsprechend förmlichen Segensfeiern für gleichgeschlechtliche Paare eine Absage.

## Zwei- bis dreimal pro Woche im Gym

Den italienischen Bischöfen gab Leo Ratschläge zum Umgang mit Fällen von sexuellem Missbrauch. Sie sollten „eine Kultur der Prävention gegen jegliche Form von Missbrauch“ entwickeln. Eine gemeinsame Umkehr der Kirche setze voraus, dass die Betroffenen angenommen und gehört werden. Allerdings dürfe sich die Kirche vom Missbrauchsskandal nicht „vollständig in Beschlag nehmen lassen“, das entspreche nicht ihrem Auftrag. Die große Mehrheit der Geistlichen habe nie jemanden missbraucht, und Geistliche müssten vor falschen Anschuldigungen geschützt werden.
Leo XIV. ist ein um differenzierte Betrachtungsweise bemühter Papst, humorvoll und nahbar. „Ich bin kein Perfektionist – Fehler machen uns menschlich. Als Missionar in Peru habe ich mal einen ganzen Tag verschlafen, weil ich zu müde war.“ Man wird es ihm verziehen haben.
Grundsätzlich wohnt Leos gesunder Geist in einem gesunden Körper. Der inzwischen 70-Jährige geht nämlich zwei- bis dreimal pro Woche ins Fitness-Studio – wenn auch „nicht für Muskeln, sondern um den Kopf freizubekommen. Als Kardinal in Rom war das mein Ritual nach langen Meetings.“ Und schon kann es losgehen mit der nächsten Runde Wordle.
Lesen Sie dazu auch: Der Papst der drei Welten: Leo XIV. könnte der Kirche guttun!"
8ce4a2fa-397a-45ea-b467-86245085883f,Merz lügt in der ARD: „Die Vorwürfe gegen Wolfram Weimer haben sich alle als falsch erwiesen“,<span>Merz lügt in der ARD: „Die Vorwürfe gegen Wolfram Weimer haben sich alle als falsch erwiesen“</span>,,/politik/news/merz-luegt-ard-wolfram-weimer/8ce4a2fa-397a-45ea-b467-86245085883f,/politik,/articles/merz-luegt-ard-wolfram-weimer/8ce4a2fa-397a-45ea-b467-86245085883f,"{'big_1x': 'https://api.nius.de/api/assets/office-hr/53d9ad57-3d9a-462d-bca6-1f07fee9f395?width=1400&height=1000&mode=CropUpsize', 'big_2x': 'https://api.nius.de/api/assets/office-hr/53d9ad57-3d9a-462d-bca6-1f07fee9f395?width=2000&height=1500&mode=CropUpsize', 'medium': 'https://api.nius.de/api/assets/office-hr/53d9ad57-3d9a-462d-bca6-1f07fee9f395?width=800&height=600&mode=CropUpsize', 'small': 'https://api.nius.de/api/assets/office-hr/53d9ad57-3d9a-462d-bca6-1f07fee9f395?width=400&height=300&mode=CropUpsize', 'portrait_1x': 'https://api.nius.de/api/assets/office-hr/53d9ad57-3d9a-462d-bca6-1f07fee9f395?width=375&height=500&mode=CropUpsize', 'portrait_2x': 'https://api.nius.de/api/assets/office-hr/53d9ad57-3d9a-462d-bca6-1f07fee9f395?width=750&height=1000&mode=CropUpsize', 'original': 'https://api.nius.de/api/assets/office-hr/53d9ad57-3d9a-462d-bca6-1f07fee9f395', 'title': '', 'id': '53d9ad57-3d9a-462d-bca6-1f07fee9f395'}",[],,['Politik'],merz-luegt-ard-wolfram-weimer,2025-11-23T20:09:51Z,2025-11-23T20:00:52Z,2025-11-23 20:02:09.863000+00:00,,"[{'id': '644f639cf03076c588c404f5', 'email': 'redaktion@nius.de', 'name': 'Redaktion', 'active': True, 'permissions': [], 'slug': 'redaktion', 'firstName': '', 'authorSlug': 'redaktion', 'lastName': '', 'role': 'ADMIN', 'bio': '', 'profileImage': {'big_1x': 'https://api.nius.de/api/users/644f639cf03076c588c404f5/picture', 'big_2x': 'https://api.nius.de/api/users/644f639cf03076c588c404f5/picture', 'medium': 'https://api.nius.de/api/users/644f639cf03076c588c404f5/picture', 'small': 'https://api.nius.de/api/users/644f639cf03076c588c404f5/picture', 'portrait_1x': 'https://api.nius.de/api/users/644f639cf03076c588c404f5/picture', 'portrait_2x': 'https://api.nius.de/api/users/644f639cf03076c588c404f5/picture', 'original': 'https://api.nius.de/api/users/644f639cf03076c588c404f5/picture', 'title': '', 'id': '644f639cf03076c588c404f5'}}]","{'big_1x': 'https://api.nius.de/api/assets/office-hr/93914b7e-667b-4d42-a0c3-b5f0d86fe6d4?width=1400&height=1000&mode=CropUpsize', 'big_2x': 'https://api.nius.de/api/assets/office-hr/93914b7e-667b-4d42-a0c3-b5f0d86fe6d4?width=2000&height=1500&mode=CropUpsize', 'medium': 'https://api.nius.de/api/assets/office-hr/93914b7e-667b-4d42-a0c3-b5f0d86fe6d4?width=800&height=600&mode=CropUpsize', 'small': 'https://api.nius.de/api/assets/office-hr/93914b7e-667b-4d42-a0c3-b5f0d86fe6d4?width=400&height=300&mode=CropUpsize', 'portrait_1x': 'https://api.nius.de/api/assets/office-hr/93914b7e-667b-4d42-a0c3-b5f0d86fe6d4?width=375&height=500&mode=CropUpsize', 'portrait_2x': 'https://api.nius.de/api/assets/office-hr/93914b7e-667b-4d42-a0c3-b5f0d86fe6d4?width=750&height=1000&mode=CropUpsize', 'original': 'https://api.nius.de/api/assets/office-hr/93914b7e-667b-4d42-a0c3-b5f0d86fe6d4', 'title': '', 'id': '93914b7e-667b-4d42-a0c3-b5f0d86fe6d4'}",,False,False,[],True,"{'title': 'Merz lügt in der ARD: „Die Vorwürfe gegen Wolfram Weimer haben sich alle als falsch erwiesen“', 'description': 'Bundeskanzler Friedrich Merz hat dem Portal „Apollo News“ vorgeworfen, Unwahrheiten gegen Kulturstaatsminister Wolfram Weimer zu verbreiten. „Die Vorwürfe, die gegen Wolfram Weimer erhoben wurden, haben sich alle als falsch erwiesen. Da wird nichts verkauft“, so Merz am Sonntag in der ARD.', 'image': 'https://api.nius.de/api/assets/office-hr/53d9ad57-3d9a-462d-bca6-1f07fee9f395/8ce4a2fa-397a-45ea-b467-86245085883f.jpg', 'locale': 'office-hr', 'url': None, 'publishedAt': '2025-11-23T20:00:52Z', 'modifiedAt': '2025-11-23T20:02:09.863Z', 'author': None, 'category': 'Politik', 'tags': []}",https://www.nius.de/politik/news/merz-luegt-ard-wolfram-weimer/8ce4a2fa-397a-45ea-b467-86245085883f,2025-11-23,"# Merz lügt in der ARD: „Die Vorwürfe gegen Wolfram Weimer haben sich alle als falsch erwiesen“

Bundeskanzler Friedrich Merz hat dem Portal Apollo News vorgeworfen, Unwahrheiten gegen Kulturstaatsminister Wolfram Weimer zu verbreiten. „Die Vorwürfe, die gegen Wolfram Weimer erhoben wurden, haben sich alle als falsch erwiesen. Da wird nichts verkauft“, so Merz am Sonntag in der ARD.
Weimer sei kein Geschäftsführer mehr und habe auch seine Anteile an der Firma abgegeben. Merz gehe davon aus, „dass alle Vorwürfe ausgeräumt sind“. Weimer werde „von ganz links und von ganz rechts unter Feuer genommen“.
Als falsch erwiesen, haben sich die Vorwürfe gegen Weimer bislang jedoch nicht. Am 17. November hatte Apollo News darüber berichtet, dass die Weimar Media Group von Kulturstaatsminister Wolfram Weimer gegen Geldzahlungen Zugang zu Regierungspolitikern verkauft. Das Portal berief sich dabei auf Werbeunterlagen für den Ludwig-Erhard-Gipfel, den die Weimer Media Group jährlich veranstaltet.

## „Einfluss auf politische Entscheidungsträger“

In den Dokumenten wurde mit einem möglichen „Einfluss auf politische Entscheidungsträger“ geworben. Das von Wolfram Weimer und seiner Frau gegründete Unternehmen versprach „Premiumvernetzung in entspannter Atmosphäre am Tegernsee“. Das Unternehmen bestreitet die Echtheit der Dokumente nicht. Laut Apollo News gibt es bislang auch keine juristischen Schritte gegen das Medienportal.
Firmen können laut Apollo News unterschiedliche Pakete buchen, um an dem Treffen teilzunehmen. Das „Zugspitze“-Paket kostet 40.000 Euro und umfasst zehn Eintrittskarten, Werbeleistungen sowie eine Teilnahme an einem Panel der Konferenz. Das „Matterhorn“-Paket (60.000 Euro) und das „Mont Blanc“-Paket (80.000 Euro) beinhalten zusätzlich die Teilnahme an einer Executive Night mit Ministern. Das höchst dotierte Paket „Mont Blanc“ bietet zudem eine „Besprechungs-Lounge für vertrauliche Gespräche“.
Wolfram Weimer steht im Mittelpunkt mehrerer Skandale.
In der Berliner Zeitung hatte der Verlag die Vorwürfe zurückgewiesen und betont, man verkaufe keinen politischen Zugang: „Speaker, die auf der Bühne auftreten, hinterlassen einen Eindruck auf ihre Zuhörer, auch auf anwesende Politiker. Das ist das Grundprinzip einer Konferenz“, hieß es in der Erklärung. Ob Gespräche zwischen Gästen und Politikern zustande kämen, entscheide sich ausschließlich vor Ort. „Anderweitige Unterstellungen weisen wir entschieden zurück.“
Unterdessen könnte auch die unautorisierte Autoren- und Textesammlung von Weimers Medienunternehmen The European ein Fall für die Gerichte werden. Wie NIUS erfuhr, hat die Staatsanwaltschaft München II ein Vorermittlungsverfahren gegen die Weimer Media Group eingeleitet. Vorausgegangen war eine Anzeige des Plagiatjägers Stefan Weber.
Lesen Sie auch:
Wegen Urheberrechtsverletzung: Staatsanwaltschaft München II führt Vorermittlungen gegen Weimer!"
